mediaID,deploymentID,captureMethod,timestamp,filePath,filePublic,fileName,fileMediatype,samplingFrequency,bitDepth,gain,channels,mediaDuration,exifData,favorite,mediaComments
86896MD01_016K_M04_multi_20180711_123000Z.aif,2018_UnivMD_Maryland_86896_Dep01_20180711,dutyCycle,2018-07-11T12:44:35.963Z,\\Repnas\w\projects\2018_UnivMD_Maryland_86896\86896_MD01_20180711\86896_MD01_AIFF\86896MD01_016K_M04_multi_20180711\86896MD01_016K_M04_multi_20180711_123000Z.aif,FALSE,,audio/aif,16000,16,23.5,,,,,
86896MD01_016K_M04_multi_20180711_123000Z.aif,2018_UnivMD_Maryland_86896_Dep01_20180711,dutyCycle,2018-07-11T12:34:21.771Z,\\Repnas\w\projects\2018_UnivMD_Maryland_86896\86896_MD01_20180711\86896_MD01_AIFF\86896MD01_016K_M04_multi_20180711\86896MD01_016K_M04_multi_20180711_123000Z.aif,FALSE,,audio/aif,16000,16,23.5,,,,,
86896MD01_016K_M04_multi_20180711_124500Z.aif,2018_UnivMD_Maryland_86896_Dep01_20180711,dutyCycle,2018-07-11T12:53:54.891Z,\\Repnas\w\projects\2018_UnivMD_Maryland_86896\86896_MD01_20180711\86896_MD01_AIFF\86896MD01_016K_M04_multi_20180711\86896MD01_016K_M04_multi_20180711_124500Z.aif,FALSE,,audio/aif,16000,16,23.5,,,,,
86896MD01_016K_M04_multi_20180711_154500Z.aif,2018_UnivMD_Maryland_86896_Dep01_20180711,dutyCycle,2018-07-11T15:57:53.716Z,\\Repnas\w\projects\2018_UnivMD_Maryland_86896\86896_MD01_20180711\86896_MD01_AIFF\86896MD01_016K_M04_multi_20180711\86896MD01_016K_M04_multi_20180711_154500Z.aif,FALSE,,audio/aif,16000,16,23.5,,,,,
86896MD01_016K_M04_multi_20180711_154500Z.aif,2018_UnivMD_Maryland_86896_Dep01_20180711,dutyCycle,2018-07-11T15:52:39.380Z,\\Repnas\w\projects\2018_UnivMD_Maryland_86896\86896_MD01_20180711\86896_MD01_AIFF\86896MD01_016K_M04_multi_20180711\86896MD01_016K_M04_multi_20180711_154500Z.aif,FALSE,,audio/aif,16000,16,23.5,,,,,
86896MD01_016K_M04_multi_20180711_160000Z.aif,2018_UnivMD_Maryland_86896_Dep01_20180711,dutyCycle,2018-07-11T16:10:30.628Z,\\Repnas\w\projects\2018_UnivMD_Maryland_86896\86896_MD01_20180711\86896_MD01_AIFF\86896MD01_016K_M04_multi_20180711\86896MD01_016K_M04_multi_20180711_160000Z.aif,FALSE,,audio/aif,16000,16,23.5,,,,,
86896MD01_016K_M04_multi_20180711_160000Z.aif,2018_UnivMD_Maryland_86896_Dep01_20180711,dutyCycle,2018-07-11T16:05:22.947Z,\\Repnas\w\projects\2018_UnivMD_Maryland_86896\86896_MD01_20180711\86896_MD01_AIFF\86896MD01_016K_M04_multi_20180711\86896MD01_016K_M04_multi_20180711_160000Z.aif,FALSE,,audio/aif,16000,16,23.5,,,,,
86896MD01_016K_M04_multi_20180711_164500Z.aif,2018_UnivMD_Maryland_86896_Dep01_20180711,dutyCycle,2018-07-11T16:50:03.091Z,\\Repnas\w\projects\2018_UnivMD_Maryland_86896\86896_MD01_20180711\86896_MD01_AIFF\86896MD01_016K_M04_multi_20180711\86896MD01_016K_M04_multi_20180711_164500Z.aif,FALSE,,audio/aif,16000,16,23.5,,,,,
86896MD01_016K_M04_multi_20180711_171500Z.aif,2018_UnivMD_Maryland_86896_Dep01_20180711,dutyCycle,2018-07-11T17:26:37.802Z,\\Repnas\w\projects\2018_UnivMD_Maryland_86896\86896_MD01_20180711\86896_MD01_AIFF\86896MD01_016K_M04_multi_20180711\86896MD01_016K_M04_multi_20180711_171500Z.aif,FALSE,,audio/aif,16000,16,23.5,,,,,
86896MD01_016K_M04_multi_20180711_171500Z.aif,2018_UnivMD_Maryland_86896_Dep01_20180711,dutyCycle,2018-07-11T17:25:02.578Z,\\Repnas\w\projects\2018_UnivMD_Maryland_86896\86896_MD01_20180711\86896_MD01_AIFF\86896MD01_016K_M04_multi_20180711\86896MD01_016K_M04_multi_20180711_171500Z.aif,FALSE,,audio/aif,16000,16,23.5,,,,,
86896MD01_016K_M04_multi_20180712_000000Z.aif,2018_UnivMD_Maryland_86896_Dep01_20180711,dutyCycle,2018-07-12T00:06:02.994Z,\\Repnas\w\projects\2018_UnivMD_Maryland_86896\86896_MD01_20180711\86896_MD01_AIFF\86896MD01_016K_M04_multi_20180712\86896MD01_016K_M04_multi_20180712_000000Z.aif,FALSE,,audio/aif,16000,16,23.5,,,,,
86896MD01_016K_M04_multi_20180712_074500Z.aif,2018_UnivMD_Maryland_86896_Dep01_20180711,dutyCycle,2018-07-12T07:49:24.954Z,\\Repnas\w\projects\2018_UnivMD_Maryland_86896\86896_MD01_20180711\86896_MD01_AIFF\86896MD01_016K_M04_multi_20180712\86896MD01_016K_M04_multi_20180712_074500Z.aif,FALSE,,audio/aif,16000,16,23.5,,,,,
86896MD01_016K_M04_multi_20180712_093000Z.aif,2018_UnivMD_Maryland_86896_Dep01_20180711,dutyCycle,2018-07-12T09:35:31.047Z,\\Repnas\w\projects\2018_UnivMD_Maryland_86896\86896_MD01_20180711\86896_MD01_AIFF\86896MD01_016K_M04_multi_20180712\86896MD01_016K_M04_multi_20180712_093000Z.aif,FALSE,,audio/aif,16000,16,23.5,,,,,
86896MD01_016K_M04_multi_20180712_093000Z.aif,2018_UnivMD_Maryland_86896_Dep01_20180711,dutyCycle,2018-07-12T09:38:59.243Z,\\Repnas\w\projects\2018_UnivMD_Maryland_86896\86896_MD01_20180711\86896_MD01_AIFF\86896MD01_016K_M04_multi_20180712\86896MD01_016K_M04_multi_20180712_093000Z.aif,FALSE,,audio/aif,16000,16,23.5,,,,,
86896MD01_016K_M04_multi_20180712_094500Z.aif,2018_UnivMD_Maryland_86896_Dep01_20180711,dutyCycle,2018-07-12T09:52:00.475Z,\\Repnas\w\projects\2018_UnivMD_Maryland_86896\86896_MD01_20180711\86896_MD01_AIFF\86896MD01_016K_M04_multi_20180712\86896MD01_016K_M04_multi_20180712_094500Z.aif,FALSE,,audio/aif,16000,16,23.5,,,,,
86896MD01_016K_M04_multi_20180712_094500Z.aif,2018_UnivMD_Maryland_86896_Dep01_20180711,dutyCycle,2018-07-12T09:46:07.144Z,\\Repnas\w\projects\2018_UnivMD_Maryland_86896\86896_MD01_20180711\86896_MD01_AIFF\86896MD01_016K_M04_multi_20180712\86896MD01_016K_M04_multi_20180712_094500Z.aif,FALSE,,audio/aif,16000,16,23.5,,,,,
86896MD01_016K_M04_multi_20180712_100000Z.aif,2018_UnivMD_Maryland_86896_Dep01_20180711,dutyCycle,2018-07-12T10:03:59.243Z,\\Repnas\w\projects\2018_UnivMD_Maryland_86896\86896_MD01_20180711\86896_MD01_AIFF\86896MD01_016K_M04_multi_20180712\86896MD01_016K_M04_multi_20180712_100000Z.aif,FALSE,,audio/aif,16000,16,23.5,,,,,
86896MD01_016K_M04_multi_20180712_100000Z.aif,2018_UnivMD_Maryland_86896_Dep01_20180711,dutyCycle,2018-07-12T10:00:35.748Z,\\Repnas\w\projects\2018_UnivMD_Maryland_86896\86896_MD01_20180711\86896_MD01_AIFF\86896MD01_016K_M04_multi_20180712\86896MD01_016K_M04_multi_20180712_100000Z.aif,FALSE,,audio/aif,16000,16,23.5,,,,,
86896MD01_016K_M04_multi_20180712_100000Z.aif,2018_UnivMD_Maryland_86896_Dep01_20180711,dutyCycle,2018-07-12T10:05:21.064Z,\\Repnas\w\projects\2018_UnivMD_Maryland_86896\86896_MD01_20180711\86896_MD01_AIFF\86896MD01_016K_M04_multi_20180712\86896MD01_016K_M04_multi_20180712_100000Z.aif,FALSE,,audio/aif,16000,16,23.5,,,,,
86896MD01_016K_M04_multi_20180712_101500Z.aif,2018_UnivMD_Maryland_86896_Dep01_20180711,dutyCycle,2018-07-12T10:22:14.299Z,\\Repnas\w\projects\2018_UnivMD_Maryland_86896\86896_MD01_20180711\86896_MD01_AIFF\86896MD01_016K_M04_multi_20180712\86896MD01_016K_M04_multi_20180712_101500Z.aif,FALSE,,audio/aif,16000,16,23.5,,,,,
86896MD01_016K_M04_multi_20180712_101500Z.aif,2018_UnivMD_Maryland_86896_Dep01_20180711,dutyCycle,2018-07-12T10:29:10.507Z,\\Repnas\w\projects\2018_UnivMD_Maryland_86896\86896_MD01_20180711\86896_MD01_AIFF\86896MD01_016K_M04_multi_20180712\86896MD01_016K_M04_multi_20180712_101500Z.aif,FALSE,,audio/aif,16000,16,23.5,,,,,
86896MD01_016K_M04_multi_20180712_110000Z.aif,2018_UnivMD_Maryland_86896_Dep01_20180711,dutyCycle,2018-07-12T11:02:57.411Z,\\Repnas\w\projects\2018_UnivMD_Maryland_86896\86896_MD01_20180711\86896_MD01_AIFF\86896MD01_016K_M04_multi_20180712\86896MD01_016K_M04_multi_20180712_110000Z.aif,FALSE,,audio/aif,16000,16,23.5,,,,,
86896MD01_016K_M04_multi_20180712_111500Z.aif,2018_UnivMD_Maryland_86896_Dep01_20180711,dutyCycle,2018-07-12T11:24:44.207Z,\\Repnas\w\projects\2018_UnivMD_Maryland_86896\86896_MD01_20180711\86896_MD01_AIFF\86896MD01_016K_M04_multi_20180712\86896MD01_016K_M04_multi_20180712_111500Z.aif,FALSE,,audio/aif,16000,16,23.5,,,,,
86896MD01_016K_M04_multi_20180712_111500Z.aif,2018_UnivMD_Maryland_86896_Dep01_20180711,dutyCycle,2018-07-12T11:17:07.296Z,\\Repnas\w\projects\2018_UnivMD_Maryland_86896\86896_MD01_20180711\86896_MD01_AIFF\86896MD01_016K_M04_multi_20180712\86896MD01_016K_M04_multi_20180712_111500Z.aif,FALSE,,audio/aif,16000,16,23.5,,,,,
86896MD01_016K_M04_multi_20180712_114500Z.aif,2018_UnivMD_Maryland_86896_Dep01_20180711,dutyCycle,2018-07-12T11:56:36.011Z,\\Repnas\w\projects\2018_UnivMD_Maryland_86896\86896_MD01_20180711\86896_MD01_AIFF\86896MD01_016K_M04_multi_20180712\86896MD01_016K_M04_multi_20180712_114500Z.aif,FALSE,,audio/aif,16000,16,23.5,,,,,
86896MD01_016K_M04_multi_20180712_120000Z.aif,2018_UnivMD_Maryland_86896_Dep01_20180711,dutyCycle,2018-07-12T12:01:44.000Z,\\Repnas\w\projects\2018_UnivMD_Maryland_86896\86896_MD01_20180711\86896_MD01_AIFF\86896MD01_016K_M04_multi_20180712\86896MD01_016K_M04_multi_20180712_120000Z.aif,FALSE,,audio/aif,16000,16,23.5,,,,,
86896MD01_016K_M04_multi_20180712_120000Z.aif,2018_UnivMD_Maryland_86896_Dep01_20180711,dutyCycle,2018-07-12T12:14:08.203Z,\\Repnas\w\projects\2018_UnivMD_Maryland_86896\86896_MD01_20180711\86896_MD01_AIFF\86896MD01_016K_M04_multi_20180712\86896MD01_016K_M04_multi_20180712_120000Z.aif,FALSE,,audio/aif,16000,16,23.5,,,,,
86896MD01_016K_M04_multi_20180712_120000Z.aif,2018_UnivMD_Maryland_86896_Dep01_20180711,dutyCycle,2018-07-12T12:11:54.698Z,\\Repnas\w\projects\2018_UnivMD_Maryland_86896\86896_MD01_20180711\86896_MD01_AIFF\86896MD01_016K_M04_multi_20180712\86896MD01_016K_M04_multi_20180712_120000Z.aif,FALSE,,audio/aif,16000,16,23.5,,,,,
86896MD01_016K_M04_multi_20180712_121500Z.aif,2018_UnivMD_Maryland_86896_Dep01_20180711,dutyCycle,2018-07-12T12:27:19.531Z,\\Repnas\w\projects\2018_UnivMD_Maryland_86896\86896_MD01_20180711\86896_MD01_AIFF\86896MD01_016K_M04_multi_20180712\86896MD01_016K_M04_multi_20180712_121500Z.aif,FALSE,,audio/aif,16000,16,23.5,,,,,
86896MD01_016K_M04_multi_20180712_130000Z.aif,2018_UnivMD_Maryland_86896_Dep01_20180711,dutyCycle,2018-07-12T13:05:22.546Z,\\Repnas\w\projects\2018_UnivMD_Maryland_86896\86896_MD01_20180711\86896_MD01_AIFF\86896MD01_016K_M04_multi_20180712\86896MD01_016K_M04_multi_20180712_130000Z.aif,FALSE,,audio/aif,16000,16,23.5,,,,,
86896MD01_016K_M04_multi_20180712_130000Z.aif,2018_UnivMD_Maryland_86896_Dep01_20180711,dutyCycle,2018-07-12T13:13:46.700Z,\\Repnas\w\projects\2018_UnivMD_Maryland_86896\86896_MD01_20180711\86896_MD01_AIFF\86896MD01_016K_M04_multi_20180712\86896MD01_016K_M04_multi_20180712_130000Z.aif,FALSE,,audio/aif,16000,16,23.5,,,,,
86896MD01_016K_M04_multi_20180712_133000Z.aif,2018_UnivMD_Maryland_86896_Dep01_20180711,dutyCycle,2018-07-12T13:31:44.512Z,\\Repnas\w\projects\2018_UnivMD_Maryland_86896\86896_MD01_20180711\86896_MD01_AIFF\86896MD01_016K_M04_multi_20180712\86896MD01_016K_M04_multi_20180712_133000Z.aif,FALSE,,audio/aif,16000,16,23.5,,,,,
86896MD01_016K_M04_multi_20180712_133000Z.aif,2018_UnivMD_Maryland_86896_Dep01_20180711,dutyCycle,2018-07-12T13:30:52.552Z,\\Repnas\w\projects\2018_UnivMD_Maryland_86896\86896_MD01_20180711\86896_MD01_AIFF\86896MD01_016K_M04_multi_20180712\86896MD01_016K_M04_multi_20180712_133000Z.aif,FALSE,,audio/aif,16000,16,23.5,,,,,
86896MD01_016K_M04_multi_20180712_141500Z.aif,2018_UnivMD_Maryland_86896_Dep01_20180711,dutyCycle,2018-07-12T14:20:44.562Z,\\Repnas\w\projects\2018_UnivMD_Maryland_86896\86896_MD01_20180711\86896_MD01_AIFF\86896MD01_016K_M04_multi_20180712\86896MD01_016K_M04_multi_20180712_141500Z.aif,FALSE,,audio/aif,16000,16,23.5,,,,,
86896MD01_016K_M04_multi_20180712_141500Z.aif,2018_UnivMD_Maryland_86896_Dep01_20180711,dutyCycle,2018-07-12T14:19:15.024Z,\\Repnas\w\projects\2018_UnivMD_Maryland_86896\86896_MD01_20180711\86896_MD01_AIFF\86896MD01_016K_M04_multi_20180712\86896MD01_016K_M04_multi_20180712_141500Z.aif,FALSE,,audio/aif,16000,16,23.5,,,,,
86896MD01_016K_M04_multi_20180712_141500Z.aif,2018_UnivMD_Maryland_86896_Dep01_20180711,dutyCycle,2018-07-12T14:28:20.248Z,\\Repnas\w\projects\2018_UnivMD_Maryland_86896\86896_MD01_20180711\86896_MD01_AIFF\86896MD01_016K_M04_multi_20180712\86896MD01_016K_M04_multi_20180712_141500Z.aif,FALSE,,audio/aif,16000,16,23.5,,,,,
86896MD01_016K_M04_multi_20180712_141500Z.aif,2018_UnivMD_Maryland_86896_Dep01_20180711,dutyCycle,2018-07-12T14:24:45.231Z,\\Repnas\w\projects\2018_UnivMD_Maryland_86896\86896_MD01_20180711\86896_MD01_AIFF\86896MD01_016K_M04_multi_20180712\86896MD01_016K_M04_multi_20180712_141500Z.aif,FALSE,,audio/aif,16000,16,23.5,,,,,
86896MD01_016K_M04_multi_20180712_143000Z.aif,2018_UnivMD_Maryland_86896_Dep01_20180711,dutyCycle,2018-07-12T14:39:01.967Z,\\Repnas\w\projects\2018_UnivMD_Maryland_86896\86896_MD01_20180711\86896_MD01_AIFF\86896MD01_016K_M04_multi_20180712\86896MD01_016K_M04_multi_20180712_143000Z.aif,FALSE,,audio/aif,16000,16,23.5,,,,,
86896MD01_016K_M04_multi_20180712_144500Z.aif,2018_UnivMD_Maryland_86896_Dep01_20180711,dutyCycle,2018-07-12T14:55:07.698Z,\\Repnas\w\projects\2018_UnivMD_Maryland_86896\86896_MD01_20180711\86896_MD01_AIFF\86896MD01_016K_M04_multi_20180712\86896MD01_016K_M04_multi_20180712_144500Z.aif,FALSE,,audio/aif,16000,16,23.5,,,,,
86896MD01_016K_M04_multi_20180712_150000Z.aif,2018_UnivMD_Maryland_86896_Dep01_20180711,dutyCycle,2018-07-12T15:00:04.424Z,\\Repnas\w\projects\2018_UnivMD_Maryland_86896\86896_MD01_20180711\86896_MD01_AIFF\86896MD01_016K_M04_multi_20180712\86896MD01_016K_M04_multi_20180712_150000Z.aif,FALSE,,audio/aif,16000,16,23.5,,,,,
86896MD01_016K_M04_multi_20180712_151500Z.aif,2018_UnivMD_Maryland_86896_Dep01_20180711,dutyCycle,2018-07-12T15:16:01.000Z,\\Repnas\w\projects\2018_UnivMD_Maryland_86896\86896_MD01_20180711\86896_MD01_AIFF\86896MD01_016K_M04_multi_20180712\86896MD01_016K_M04_multi_20180712_151500Z.aif,FALSE,,audio/aif,16000,16,23.5,,,,,
86896MD01_016K_M04_multi_20180712_153000Z.aif,2018_UnivMD_Maryland_86896_Dep01_20180711,dutyCycle,2018-07-12T15:31:53.983Z,\\Repnas\w\projects\2018_UnivMD_Maryland_86896\86896_MD01_20180711\86896_MD01_AIFF\86896MD01_016K_M04_multi_20180712\86896MD01_016K_M04_multi_20180712_153000Z.aif,FALSE,,audio/aif,16000,16,23.5,,,,,
86896MD01_016K_M04_multi_20180712_154500Z.aif,2018_UnivMD_Maryland_86896_Dep01_20180711,dutyCycle,2018-07-12T15:59:06.411Z,\\Repnas\w\projects\2018_UnivMD_Maryland_86896\86896_MD01_20180711\86896_MD01_AIFF\86896MD01_016K_M04_multi_20180712\86896MD01_016K_M04_multi_20180712_154500Z.aif,FALSE,,audio/aif,16000,16,23.5,,,,,
86896MD01_016K_M04_multi_20180712_154500Z.aif,2018_UnivMD_Maryland_86896_Dep01_20180711,dutyCycle,2018-07-12T15:52:02.891Z,\\Repnas\w\projects\2018_UnivMD_Maryland_86896\86896_MD01_20180711\86896_MD01_AIFF\86896MD01_016K_M04_multi_20180712\86896MD01_016K_M04_multi_20180712_154500Z.aif,FALSE,,audio/aif,16000,16,23.5,,,,,
86896MD01_016K_M04_multi_20180712_154500Z.aif,2018_UnivMD_Maryland_86896_Dep01_20180711,dutyCycle,2018-07-12T15:59:36.527Z,\\Repnas\w\projects\2018_UnivMD_Maryland_86896\86896_MD01_20180711\86896_MD01_AIFF\86896MD01_016K_M04_multi_20180712\86896MD01_016K_M04_multi_20180712_154500Z.aif,FALSE,,audio/aif,16000,16,23.5,,,,,
86896MD01_016K_M04_multi_20180712_160000Z.aif,2018_UnivMD_Maryland_86896_Dep01_20180711,dutyCycle,2018-07-12T16:04:36.016Z,\\Repnas\w\projects\2018_UnivMD_Maryland_86896\86896_MD01_20180711\86896_MD01_AIFF\86896MD01_016K_M04_multi_20180712\86896MD01_016K_M04_multi_20180712_160000Z.aif,FALSE,,audio/aif,16000,16,23.5,,,,,
86896MD01_016K_M04_multi_20180712_163000Z.aif,2018_UnivMD_Maryland_86896_Dep01_20180711,dutyCycle,2018-07-12T16:30:47.687Z,\\Repnas\w\projects\2018_UnivMD_Maryland_86896\86896_MD01_20180711\86896_MD01_AIFF\86896MD01_016K_M04_multi_20180712\86896MD01_016K_M04_multi_20180712_163000Z.aif,FALSE,,audio/aif,16000,16,23.5,,,,,
86896MD01_016K_M04_multi_20180712_163000Z.aif,2018_UnivMD_Maryland_86896_Dep01_20180711,dutyCycle,2018-07-12T16:30:51.986Z,\\Repnas\w\projects\2018_UnivMD_Maryland_86896\86896_MD01_20180711\86896_MD01_AIFF\86896MD01_016K_M04_multi_20180712\86896MD01_016K_M04_multi_20180712_163000Z.aif,FALSE,,audio/aif,16000,16,23.5,,,,,
86896MD01_016K_M04_multi_20180712_163000Z.aif,2018_UnivMD_Maryland_86896_Dep01_20180711,dutyCycle,2018-07-12T16:36:40.763Z,\\Repnas\w\projects\2018_UnivMD_Maryland_86896\86896_MD01_20180711\86896_MD01_AIFF\86896MD01_016K_M04_multi_20180712\86896MD01_016K_M04_multi_20180712_163000Z.aif,FALSE,,audio/aif,16000,16,23.5,,,,,
86896MD01_016K_M04_multi_20180712_164500Z.aif,2018_UnivMD_Maryland_86896_Dep01_20180711,dutyCycle,2018-07-12T16:47:25.216Z,\\Repnas\w\projects\2018_UnivMD_Maryland_86896\86896_MD01_20180711\86896_MD01_AIFF\86896MD01_016K_M04_multi_20180712\86896MD01_016K_M04_multi_20180712_164500Z.aif,FALSE,,audio/aif,16000,16,23.5,,,,,
86896MD01_016K_M04_multi_20180712_200000Z.aif,2018_UnivMD_Maryland_86896_Dep01_20180711,dutyCycle,2018-07-12T20:14:04.619Z,\\Repnas\w\projects\2018_UnivMD_Maryland_86896\86896_MD01_20180711\86896_MD01_AIFF\86896MD01_016K_M04_multi_20180712\86896MD01_016K_M04_multi_20180712_200000Z.aif,FALSE,,audio/aif,16000,16,23.5,,,,,
86896MD01_016K_M04_multi_20180712_230000Z.aif,2018_UnivMD_Maryland_86896_Dep01_20180711,dutyCycle,2018-07-12T23:05:29.348Z,\\Repnas\w\projects\2018_UnivMD_Maryland_86896\86896_MD01_20180711\86896_MD01_AIFF\86896MD01_016K_M04_multi_20180712\86896MD01_016K_M04_multi_20180712_230000Z.aif,FALSE,,audio/aif,16000,16,23.5,,,,,
86896MD01_016K_M04_multi_20180713_131500Z.aif,2018_UnivMD_Maryland_86896_Dep01_20180711,dutyCycle,2018-07-13T13:21:42.299Z,\\Repnas\w\projects\2018_UnivMD_Maryland_86896\86896_MD01_20180711\86896_MD01_AIFF\86896MD01_016K_M04_multi_20180713\86896MD01_016K_M04_multi_20180713_131500Z.aif,FALSE,,audio/aif,16000,16,23.5,,,,,
86896MD01_016K_M04_multi_20180713_181500Z.aif,2018_UnivMD_Maryland_86896_Dep01_20180711,dutyCycle,2018-07-13T18:19:13.067Z,\\Repnas\w\projects\2018_UnivMD_Maryland_86896\86896_MD01_20180711\86896_MD01_AIFF\86896MD01_016K_M04_multi_20180713\86896MD01_016K_M04_multi_20180713_181500Z.aif,FALSE,,audio/aif,16000,16,23.5,,,,,
86896MD01_016K_M04_multi_20180714_170000Z.aif,2018_UnivMD_Maryland_86896_Dep01_20180711,dutyCycle,2018-07-14T17:11:56.636Z,\\Repnas\w\projects\2018_UnivMD_Maryland_86896\86896_MD01_20180711\86896_MD01_AIFF\86896MD01_016K_M04_multi_20180714\86896MD01_016K_M04_multi_20180714_170000Z.aif,FALSE,,audio/aif,16000,16,23.5,,,,,
86896MD01_016K_M04_multi_20180714_171500Z.aif,2018_UnivMD_Maryland_86896_Dep01_20180711,dutyCycle,2018-07-14T17:15:21.924Z,\\Repnas\w\projects\2018_UnivMD_Maryland_86896\86896_MD01_20180711\86896_MD01_AIFF\86896MD01_016K_M04_multi_20180714\86896MD01_016K_M04_multi_20180714_171500Z.aif,FALSE,,audio/aif,16000,16,23.5,,,,,
86896MD01_016K_M04_multi_20180714_200000Z.aif,2018_UnivMD_Maryland_86896_Dep01_20180711,dutyCycle,2018-07-14T20:02:31.444Z,\\Repnas\w\projects\2018_UnivMD_Maryland_86896\86896_MD01_20180711\86896_MD01_AIFF\86896MD01_016K_M04_multi_20180714\86896MD01_016K_M04_multi_20180714_200000Z.aif,FALSE,,audio/aif,16000,16,23.5,,,,,
86896MD01_016K_M04_multi_20180715_011500Z.aif,2018_UnivMD_Maryland_86896_Dep01_20180711,dutyCycle,2018-07-15T01:16:22.843Z,\\Repnas\w\projects\2018_UnivMD_Maryland_86896\86896_MD01_20180711\86896_MD01_AIFF\86896MD01_016K_M04_multi_20180715\86896MD01_016K_M04_multi_20180715_011500Z.aif,FALSE,,audio/aif,16000,16,23.5,,,,,
86896MD01_016K_M04_multi_20180715_071500Z.aif,2018_UnivMD_Maryland_86896_Dep01_20180711,dutyCycle,2018-07-15T07:15:21.156Z,\\Repnas\w\projects\2018_UnivMD_Maryland_86896\86896_MD01_20180711\86896_MD01_AIFF\86896MD01_016K_M04_multi_20180715\86896MD01_016K_M04_multi_20180715_071500Z.aif,FALSE,,audio/aif,16000,16,23.5,,,,,
86896MD01_016K_M04_multi_20180715_170000Z.aif,2018_UnivMD_Maryland_86896_Dep01_20180711,dutyCycle,2018-07-15T17:03:50.283Z,\\Repnas\w\projects\2018_UnivMD_Maryland_86896\86896_MD01_20180711\86896_MD01_AIFF\86896MD01_016K_M04_multi_20180715\86896MD01_016K_M04_multi_20180715_170000Z.aif,FALSE,,audio/aif,16000,16,23.5,,,,,
86896MD01_016K_M04_multi_20180715_173000Z.aif,2018_UnivMD_Maryland_86896_Dep01_20180711,dutyCycle,2018-07-15T17:33:09.588Z,\\Repnas\w\projects\2018_UnivMD_Maryland_86896\86896_MD01_20180711\86896_MD01_AIFF\86896MD01_016K_M04_multi_20180715\86896MD01_016K_M04_multi_20180715_173000Z.aif,FALSE,,audio/aif,16000,16,23.5,,,,,
86896MD01_016K_M04_multi_20180715_193000Z.aif,2018_UnivMD_Maryland_86896_Dep01_20180711,dutyCycle,2018-07-15T19:38:56.171Z,\\Repnas\w\projects\2018_UnivMD_Maryland_86896\86896_MD01_20180711\86896_MD01_AIFF\86896MD01_016K_M04_multi_20180715\86896MD01_016K_M04_multi_20180715_193000Z.aif,FALSE,,audio/aif,16000,16,23.5,,,,,
86896MD01_016K_M04_multi_20180715_194500Z.aif,2018_UnivMD_Maryland_86896_Dep01_20180711,dutyCycle,2018-07-15T19:45:43.684Z,\\Repnas\w\projects\2018_UnivMD_Maryland_86896\86896_MD01_20180711\86896_MD01_AIFF\86896MD01_016K_M04_multi_20180715\86896MD01_016K_M04_multi_20180715_194500Z.aif,FALSE,,audio/aif,16000,16,23.5,,,,,
86896MD01_016K_M04_multi_20180716_054500Z.aif,2018_UnivMD_Maryland_86896_Dep01_20180711,dutyCycle,2018-07-16T05:55:13.475Z,\\Repnas\w\projects\2018_UnivMD_Maryland_86896\86896_MD01_20180711\86896_MD01_AIFF\86896MD01_016K_M04_multi_20180716\86896MD01_016K_M04_multi_20180716_054500Z.aif,FALSE,,audio/aif,16000,16,23.5,,,,,
86896MD01_016K_M04_multi_20180719_161500Z.aif,2018_UnivMD_Maryland_86896_Dep01_20180711,dutyCycle,2018-07-19T16:28:13.684Z,\\Repnas\w\projects\2018_UnivMD_Maryland_86896\86896_MD01_20180711\86896_MD01_AIFF\86896MD01_016K_M04_multi_20180719\86896MD01_016K_M04_multi_20180719_161500Z.aif,FALSE,,audio/aif,16000,16,23.5,,,,,
86896MD01_016K_M04_multi_20180719_233000Z.aif,2018_UnivMD_Maryland_86896_Dep01_20180711,dutyCycle,2018-07-19T23:41:25.148Z,\\Repnas\w\projects\2018_UnivMD_Maryland_86896\86896_MD01_20180711\86896_MD01_AIFF\86896MD01_016K_M04_multi_20180719\86896MD01_016K_M04_multi_20180719_233000Z.aif,FALSE,,audio/aif,16000,16,23.5,,,,,
86896MD01_016K_M04_multi_20180720_014500Z.aif,2018_UnivMD_Maryland_86896_Dep01_20180711,dutyCycle,2018-07-20T01:49:39.691Z,\\Repnas\w\projects\2018_UnivMD_Maryland_86896\86896_MD01_20180711\86896_MD01_AIFF\86896MD01_016K_M04_multi_20180720\86896MD01_016K_M04_multi_20180720_014500Z.aif,FALSE,,audio/aif,16000,16,23.5,,,,,
86896MD01_016K_M04_multi_20180720_020000Z.aif,2018_UnivMD_Maryland_86896_Dep01_20180711,dutyCycle,2018-07-20T02:02:32.980Z,\\Repnas\w\projects\2018_UnivMD_Maryland_86896\86896_MD01_20180711\86896_MD01_AIFF\86896MD01_016K_M04_multi_20180720\86896MD01_016K_M04_multi_20180720_020000Z.aif,FALSE,,audio/aif,16000,16,23.5,,,,,
86896MD01_016K_M04_multi_20180720_020000Z.aif,2018_UnivMD_Maryland_86896_Dep01_20180711,dutyCycle,2018-07-20T02:08:12.659Z,\\Repnas\w\projects\2018_UnivMD_Maryland_86896\86896_MD01_20180711\86896_MD01_AIFF\86896MD01_016K_M04_multi_20180720\86896MD01_016K_M04_multi_20180720_020000Z.aif,FALSE,,audio/aif,16000,16,23.5,,,,,
86896MD01_016K_M04_multi_20180720_021500Z.aif,2018_UnivMD_Maryland_86896_Dep01_20180711,dutyCycle,2018-07-20T02:17:43.987Z,\\Repnas\w\projects\2018_UnivMD_Maryland_86896\86896_MD01_20180711\86896_MD01_AIFF\86896MD01_016K_M04_multi_20180720\86896MD01_016K_M04_multi_20180720_021500Z.aif,FALSE,,audio/aif,16000,16,23.5,,,,,
86896MD01_016K_M04_multi_20180720_021500Z.aif,2018_UnivMD_Maryland_86896_Dep01_20180711,dutyCycle,2018-07-20T02:16:32.572Z,\\Repnas\w\projects\2018_UnivMD_Maryland_86896\86896_MD01_20180711\86896_MD01_AIFF\86896MD01_016K_M04_multi_20180720\86896MD01_016K_M04_multi_20180720_021500Z.aif,FALSE,,audio/aif,16000,16,23.5,,,,,
86896MD01_016K_M04_multi_20180720_021500Z.aif,2018_UnivMD_Maryland_86896_Dep01_20180711,dutyCycle,2018-07-20T02:21:58.427Z,\\Repnas\w\projects\2018_UnivMD_Maryland_86896\86896_MD01_20180711\86896_MD01_AIFF\86896MD01_016K_M04_multi_20180720\86896MD01_016K_M04_multi_20180720_021500Z.aif,FALSE,,audio/aif,16000,16,23.5,,,,,
86896MD01_016K_M04_multi_20180720_021500Z.aif,2018_UnivMD_Maryland_86896_Dep01_20180711,dutyCycle,2018-07-20T02:20:08.611Z,\\Repnas\w\projects\2018_UnivMD_Maryland_86896\86896_MD01_20180711\86896_MD01_AIFF\86896MD01_016K_M04_multi_20180720\86896MD01_016K_M04_multi_20180720_021500Z.aif,FALSE,,audio/aif,16000,16,23.5,,,,,
86896MD01_016K_M04_multi_20180720_023000Z.aif,2018_UnivMD_Maryland_86896_Dep01_20180711,dutyCycle,2018-07-20T02:38:00.116Z,\\Repnas\w\projects\2018_UnivMD_Maryland_86896\86896_MD01_20180711\86896_MD01_AIFF\86896MD01_016K_M04_multi_20180720\86896MD01_016K_M04_multi_20180720_023000Z.aif,FALSE,,audio/aif,16000,16,23.5,,,,,
86896MD01_016K_M04_multi_20180720_023000Z.aif,2018_UnivMD_Maryland_86896_Dep01_20180711,dutyCycle,2018-07-20T02:36:48.187Z,\\Repnas\w\projects\2018_UnivMD_Maryland_86896\86896_MD01_20180711\86896_MD01_AIFF\86896MD01_016K_M04_multi_20180720\86896MD01_016K_M04_multi_20180720_023000Z.aif,FALSE,,audio/aif,16000,16,23.5,,,,,
86896MD01_016K_M04_multi_20180720_023000Z.aif,2018_UnivMD_Maryland_86896_Dep01_20180711,dutyCycle,2018-07-20T02:33:05.236Z,\\Repnas\w\projects\2018_UnivMD_Maryland_86896\86896_MD01_20180711\86896_MD01_AIFF\86896MD01_016K_M04_multi_20180720\86896MD01_016K_M04_multi_20180720_023000Z.aif,FALSE,,audio/aif,16000,16,23.5,,,,,
86896MD01_016K_M04_multi_20180720_024500Z.aif,2018_UnivMD_Maryland_86896_Dep01_20180711,dutyCycle,2018-07-20T02:47:06.619Z,\\Repnas\w\projects\2018_UnivMD_Maryland_86896\86896_MD01_20180711\86896_MD01_AIFF\86896MD01_016K_M04_multi_20180720\86896MD01_016K_M04_multi_20180720_024500Z.aif,FALSE,,audio/aif,16000,16,23.5,,,,,
86896MD01_016K_M04_multi_20180720_024500Z.aif,2018_UnivMD_Maryland_86896_Dep01_20180711,dutyCycle,2018-07-20T02:47:54.228Z,\\Repnas\w\projects\2018_UnivMD_Maryland_86896\86896_MD01_20180711\86896_MD01_AIFF\86896MD01_016K_M04_multi_20180720\86896MD01_016K_M04_multi_20180720_024500Z.aif,FALSE,,audio/aif,16000,16,23.5,,,,,
86896MD01_016K_M04_multi_20180720_031500Z.aif,2018_UnivMD_Maryland_86896_Dep01_20180711,dutyCycle,2018-07-20T03:21:42.044Z,\\Repnas\w\projects\2018_UnivMD_Maryland_86896\86896_MD01_20180711\86896_MD01_AIFF\86896MD01_016K_M04_multi_20180720\86896MD01_016K_M04_multi_20180720_031500Z.aif,FALSE,,audio/aif,16000,16,23.5,,,,,
86896MD01_016K_M04_multi_20180720_033000Z.aif,2018_UnivMD_Maryland_86896_Dep01_20180711,dutyCycle,2018-07-20T03:34:35.851Z,\\Repnas\w\projects\2018_UnivMD_Maryland_86896\86896_MD01_20180711\86896_MD01_AIFF\86896MD01_016K_M04_multi_20180720\86896MD01_016K_M04_multi_20180720_033000Z.aif,FALSE,,audio/aif,16000,16,23.5,,,,,
86896MD01_016K_M04_multi_20180720_033000Z.aif,2018_UnivMD_Maryland_86896_Dep01_20180711,dutyCycle,2018-07-20T03:35:26.788Z,\\Repnas\w\projects\2018_UnivMD_Maryland_86896\86896_MD01_20180711\86896_MD01_AIFF\86896MD01_016K_M04_multi_20180720\86896MD01_016K_M04_multi_20180720_033000Z.aif,FALSE,,audio/aif,16000,16,23.5,,,,,
86896MD01_016K_M04_multi_20180720_033000Z.aif,2018_UnivMD_Maryland_86896_Dep01_20180711,dutyCycle,2018-07-20T03:44:33.803Z,\\Repnas\w\projects\2018_UnivMD_Maryland_86896\86896_MD01_20180711\86896_MD01_AIFF\86896MD01_016K_M04_multi_20180720\86896MD01_016K_M04_multi_20180720_033000Z.aif,FALSE,,audio/aif,16000,16,23.5,,,,,
86896MD01_016K_M04_multi_20180720_034500Z.aif,2018_UnivMD_Maryland_86896_Dep01_20180711,dutyCycle,2018-07-20T03:55:21.411Z,\\Repnas\w\projects\2018_UnivMD_Maryland_86896\86896_MD01_20180711\86896_MD01_AIFF\86896MD01_016K_M04_multi_20180720\86896MD01_016K_M04_multi_20180720_034500Z.aif,FALSE,,audio/aif,16000,16,23.5,,,,,
86896MD01_016K_M04_multi_20180720_040000Z.aif,2018_UnivMD_Maryland_86896_Dep01_20180711,dutyCycle,2018-07-20T04:10:00.420Z,\\Repnas\w\projects\2018_UnivMD_Maryland_86896\86896_MD01_20180711\86896_MD01_AIFF\86896MD01_016K_M04_multi_20180720\86896MD01_016K_M04_multi_20180720_040000Z.aif,FALSE,,audio/aif,16000,16,23.5,,,,,
86896MD01_016K_M04_multi_20180720_040000Z.aif,2018_UnivMD_Maryland_86896_Dep01_20180711,dutyCycle,2018-07-20T04:02:43.475Z,\\Repnas\w\projects\2018_UnivMD_Maryland_86896\86896_MD01_20180711\86896_MD01_AIFF\86896MD01_016K_M04_multi_20180720\86896MD01_016K_M04_multi_20180720_040000Z.aif,FALSE,,audio/aif,16000,16,23.5,,,,,
86896MD01_016K_M04_multi_20180720_040000Z.aif,2018_UnivMD_Maryland_86896_Dep01_20180711,dutyCycle,2018-07-20T04:01:57.915Z,\\Repnas\w\projects\2018_UnivMD_Maryland_86896\86896_MD01_20180711\86896_MD01_AIFF\86896MD01_016K_M04_multi_20180720\86896MD01_016K_M04_multi_20180720_040000Z.aif,FALSE,,audio/aif,16000,16,23.5,,,,,
86896MD01_016K_M04_multi_20180720_043000Z.aif,2018_UnivMD_Maryland_86896_Dep01_20180711,dutyCycle,2018-07-20T04:38:52.332Z,\\Repnas\w\projects\2018_UnivMD_Maryland_86896\86896_MD01_20180711\86896_MD01_AIFF\86896MD01_016K_M04_multi_20180720\86896MD01_016K_M04_multi_20180720_043000Z.aif,FALSE,,audio/aif,16000,16,23.5,,,,,
86896MD01_016K_M04_multi_20180721_123000Z.aif,2018_UnivMD_Maryland_86896_Dep01_20180711,dutyCycle,2018-07-21T12:43:17.944Z,\\Repnas\w\projects\2018_UnivMD_Maryland_86896\86896_MD01_20180711\86896_MD01_AIFF\86896MD01_016K_M04_multi_20180721\86896MD01_016K_M04_multi_20180721_123000Z.aif,FALSE,,audio/aif,16000,16,23.5,,,,,
86896MD01_016K_M04_multi_20180721_213000Z.aif,2018_UnivMD_Maryland_86896_Dep01_20180711,dutyCycle,2018-07-21T21:39:32.891Z,\\Repnas\w\projects\2018_UnivMD_Maryland_86896\86896_MD01_20180711\86896_MD01_AIFF\86896MD01_016K_M04_multi_20180721\86896MD01_016K_M04_multi_20180721_213000Z.aif,FALSE,,audio/aif,16000,16,23.5,,,,,
86896MD01_016K_M04_multi_20180722_064500Z.aif,2018_UnivMD_Maryland_86896_Dep01_20180711,dutyCycle,2018-07-22T06:54:29.452Z,\\Repnas\w\projects\2018_UnivMD_Maryland_86896\86896_MD01_20180711\86896_MD01_AIFF\86896MD01_016K_M04_multi_20180722\86896MD01_016K_M04_multi_20180722_064500Z.aif,FALSE,,audio/aif,16000,16,23.5,,,,,
86896MD01_016K_M04_multi_20180722_074500Z.aif,2018_UnivMD_Maryland_86896_Dep01_20180711,dutyCycle,2018-07-22T07:56:37.691Z,\\Repnas\w\projects\2018_UnivMD_Maryland_86896\86896_MD01_20180711\86896_MD01_AIFF\86896MD01_016K_M04_multi_20180722\86896MD01_016K_M04_multi_20180722_074500Z.aif,FALSE,,audio/aif,16000,16,23.5,,,,,
86896MD01_016K_M04_multi_20180722_080000Z.aif,2018_UnivMD_Maryland_86896_Dep01_20180711,dutyCycle,2018-07-22T08:13:11.124Z,\\Repnas\w\projects\2018_UnivMD_Maryland_86896\86896_MD01_20180711\86896_MD01_AIFF\86896MD01_016K_M04_multi_20180722\86896MD01_016K_M04_multi_20180722_080000Z.aif,FALSE,,audio/aif,16000,16,23.5,,,,,
86896MD01_016K_M04_multi_20180722_101500Z.aif,2018_UnivMD_Maryland_86896_Dep01_20180711,dutyCycle,2018-07-22T10:19:43.019Z,\\Repnas\w\projects\2018_UnivMD_Maryland_86896\86896_MD01_20180711\86896_MD01_AIFF\86896MD01_016K_M04_multi_20180722\86896MD01_016K_M04_multi_20180722_101500Z.aif,FALSE,,audio/aif,16000,16,23.5,,,,,
86896MD01_016K_M04_multi_20180722_110000Z.aif,2018_UnivMD_Maryland_86896_Dep01_20180711,dutyCycle,2018-07-22T11:09:03.851Z,\\Repnas\w\projects\2018_UnivMD_Maryland_86896\86896_MD01_20180711\86896_MD01_AIFF\86896MD01_016K_M04_multi_20180722\86896MD01_016K_M04_multi_20180722_110000Z.aif,FALSE,,audio/aif,16000,16,23.5,,,,,
86896MD01_016K_M04_multi_20180722_111500Z.aif,2018_UnivMD_Maryland_86896_Dep01_20180711,dutyCycle,2018-07-22T11:25:36.516Z,\\Repnas\w\projects\2018_UnivMD_Maryland_86896\86896_MD01_20180711\86896_MD01_AIFF\86896MD01_016K_M04_multi_20180722\86896MD01_016K_M04_multi_20180722_111500Z.aif,FALSE,,audio/aif,16000,16,23.5,,,,,
86896MD01_016K_M04_multi_20180722_114500Z.aif,2018_UnivMD_Maryland_86896_Dep01_20180711,dutyCycle,2018-07-22T11:46:27.452Z,\\Repnas\w\projects\2018_UnivMD_Maryland_86896\86896_MD01_20180711\86896_MD01_AIFF\86896MD01_016K_M04_multi_20180722\86896MD01_016K_M04_multi_20180722_114500Z.aif,FALSE,,audio/aif,16000,16,23.5,,,,,
86896MD01_016K_M04_multi_20180722_120000Z.aif,2018_UnivMD_Maryland_86896_Dep01_20180711,dutyCycle,2018-07-22T12:02:18.651Z,\\Repnas\w\projects\2018_UnivMD_Maryland_86896\86896_MD01_20180711\86896_MD01_AIFF\86896MD01_016K_M04_multi_20180722\86896MD01_016K_M04_multi_20180722_120000Z.aif,FALSE,,audio/aif,16000,16,23.5,,,,,
86896MD01_016K_M04_multi_20180722_121500Z.aif,2018_UnivMD_Maryland_86896_Dep01_20180711,dutyCycle,2018-07-22T12:20:28.067Z,\\Repnas\w\projects\2018_UnivMD_Maryland_86896\86896_MD01_20180711\86896_MD01_AIFF\86896MD01_016K_M04_multi_20180722\86896MD01_016K_M04_multi_20180722_121500Z.aif,FALSE,,audio/aif,16000,16,23.5,,,,,
86896MD01_016K_M04_multi_20180722_121500Z.aif,2018_UnivMD_Maryland_86896_Dep01_20180711,dutyCycle,2018-07-22T12:27:09.435Z,\\Repnas\w\projects\2018_UnivMD_Maryland_86896\86896_MD01_20180711\86896_MD01_AIFF\86896MD01_016K_M04_multi_20180722\86896MD01_016K_M04_multi_20180722_121500Z.aif,FALSE,,audio/aif,16000,16,23.5,,,,,
86896MD01_016K_M04_multi_20180722_123000Z.aif,2018_UnivMD_Maryland_86896_Dep01_20180711,dutyCycle,2018-07-22T12:31:59.196Z,\\Repnas\w\projects\2018_UnivMD_Maryland_86896\86896_MD01_20180711\86896_MD01_AIFF\86896MD01_016K_M04_multi_20180722\86896MD01_016K_M04_multi_20180722_123000Z.aif,FALSE,,audio/aif,16000,16,23.5,,,,,
86896MD01_016K_M04_multi_20180722_130000Z.aif,2018_UnivMD_Maryland_86896_Dep01_20180711,dutyCycle,2018-07-22T13:13:22.388Z,\\Repnas\w\projects\2018_UnivMD_Maryland_86896\86896_MD01_20180711\86896_MD01_AIFF\86896MD01_016K_M04_multi_20180722\86896MD01_016K_M04_multi_20180722_130000Z.aif,FALSE,,audio/aif,16000,16,23.5,,,,,
86896MD01_016K_M04_multi_20180722_181500Z.aif,2018_UnivMD_Maryland_86896_Dep01_20180711,dutyCycle,2018-07-22T18:27:07.644Z,\\Repnas\w\projects\2018_UnivMD_Maryland_86896\86896_MD01_20180711\86896_MD01_AIFF\86896MD01_016K_M04_multi_20180722\86896MD01_016K_M04_multi_20180722_181500Z.aif,FALSE,,audio/aif,16000,16,23.5,,,,,
86896MD01_016K_M04_multi_20180722_221500Z.aif,2018_UnivMD_Maryland_86896_Dep01_20180711,dutyCycle,2018-07-22T22:29:13.323Z,\\Repnas\w\projects\2018_UnivMD_Maryland_86896\86896_MD01_20180711\86896_MD01_AIFF\86896MD01_016K_M04_multi_20180722\86896MD01_016K_M04_multi_20180722_221500Z.aif,FALSE,,audio/aif,16000,16,23.5,,,,,
86896MD01_016K_M04_multi_20180723_070000Z.aif,2018_UnivMD_Maryland_86896_Dep01_20180711,dutyCycle,2018-07-23T07:01:51.771Z,\\Repnas\w\projects\2018_UnivMD_Maryland_86896\86896_MD01_20180711\86896_MD01_AIFF\86896MD01_016K_M04_multi_20180723\86896MD01_016K_M04_multi_20180723_070000Z.aif,FALSE,,audio/aif,16000,16,23.5,,,,,
86896MD01_016K_M04_multi_20180723_121500Z.aif,2018_UnivMD_Maryland_86896_Dep01_20180711,dutyCycle,2018-07-23T12:20:51.875Z,\\Repnas\w\projects\2018_UnivMD_Maryland_86896\86896_MD01_20180711\86896_MD01_AIFF\86896MD01_016K_M04_multi_20180723\86896MD01_016K_M04_multi_20180723_121500Z.aif,FALSE,,audio/aif,16000,16,23.5,,,,,
86896MD01_016K_M04_multi_20180723_181500Z.aif,2018_UnivMD_Maryland_86896_Dep01_20180711,dutyCycle,2018-07-23T18:19:05.388Z,\\Repnas\w\projects\2018_UnivMD_Maryland_86896\86896_MD01_20180711\86896_MD01_AIFF\86896MD01_016K_M04_multi_20180723\86896MD01_016K_M04_multi_20180723_181500Z.aif,FALSE,,audio/aif,16000,16,23.5,,,,,
86896MD01_016K_M04_multi_20180723_223000Z.aif,2018_UnivMD_Maryland_86896_Dep01_20180711,dutyCycle,2018-07-23T22:31:42.299Z,\\Repnas\w\projects\2018_UnivMD_Maryland_86896\86896_MD01_20180711\86896_MD01_AIFF\86896MD01_016K_M04_multi_20180723\86896MD01_016K_M04_multi_20180723_223000Z.aif,FALSE,,audio/aif,16000,16,23.5,,,,,
86896MD01_016K_M04_multi_20180724_173000Z.aif,2018_UnivMD_Maryland_86896_Dep01_20180711,dutyCycle,2018-07-24T17:43:51.052Z,\\Repnas\w\projects\2018_UnivMD_Maryland_86896\86896_MD01_20180711\86896_MD01_AIFF\86896MD01_016K_M04_multi_20180724\86896MD01_016K_M04_multi_20180724_173000Z.aif,FALSE,,audio/aif,16000,16,23.5,,,,,
86896MD01_016K_M04_multi_20180725_020000Z.aif,2018_UnivMD_Maryland_86896_Dep01_20180711,dutyCycle,2018-07-25T02:12:42.707Z,\\Repnas\w\projects\2018_UnivMD_Maryland_86896\86896_MD01_20180711\86896_MD01_AIFF\86896MD01_016K_M04_multi_20180725\86896MD01_016K_M04_multi_20180725_020000Z.aif,FALSE,,audio/aif,16000,16,23.5,,,,,
86896MD01_016K_M04_multi_20180725_030000Z.aif,2018_UnivMD_Maryland_86896_Dep01_20180711,dutyCycle,2018-07-25T03:04:20.656Z,\\Repnas\w\projects\2018_UnivMD_Maryland_86896\86896_MD01_20180711\86896_MD01_AIFF\86896MD01_016K_M04_multi_20180725\86896MD01_016K_M04_multi_20180725_030000Z.aif,FALSE,,audio/aif,16000,16,23.5,,,,,
86896MD01_016K_M04_multi_20180725_043000Z.aif,2018_UnivMD_Maryland_86896_Dep01_20180711,dutyCycle,2018-07-25T04:37:31.700Z,\\Repnas\w\projects\2018_UnivMD_Maryland_86896\86896_MD01_20180711\86896_MD01_AIFF\86896MD01_016K_M04_multi_20180725\86896MD01_016K_M04_multi_20180725_043000Z.aif,FALSE,,audio/aif,16000,16,23.5,,,,,
86896MD01_016K_M04_multi_20180725_051500Z.aif,2018_UnivMD_Maryland_86896_Dep01_20180711,dutyCycle,2018-07-25T05:25:19.619Z,\\Repnas\w\projects\2018_UnivMD_Maryland_86896\86896_MD01_20180711\86896_MD01_AIFF\86896MD01_016K_M04_multi_20180725\86896MD01_016K_M04_multi_20180725_051500Z.aif,FALSE,,audio/aif,16000,16,23.5,,,,,
86896MD01_016K_M04_multi_20180725_051500Z.aif,2018_UnivMD_Maryland_86896_Dep01_20180711,dutyCycle,2018-07-25T05:18:35.444Z,\\Repnas\w\projects\2018_UnivMD_Maryland_86896\86896_MD01_20180711\86896_MD01_AIFF\86896MD01_016K_M04_multi_20180725\86896MD01_016K_M04_multi_20180725_051500Z.aif,FALSE,,audio/aif,16000,16,23.5,,,,,
86896MD01_016K_M04_multi_20180725_051500Z.aif,2018_UnivMD_Maryland_86896_Dep01_20180711,dutyCycle,2018-07-25T05:23:38.259Z,\\Repnas\w\projects\2018_UnivMD_Maryland_86896\86896_MD01_20180711\86896_MD01_AIFF\86896MD01_016K_M04_multi_20180725\86896MD01_016K_M04_multi_20180725_051500Z.aif,FALSE,,audio/aif,16000,16,23.5,,,,,
86896MD01_016K_M04_multi_20180725_091500Z.aif,2018_UnivMD_Maryland_86896_Dep01_20180711,dutyCycle,2018-07-25T09:20:26.387Z,\\Repnas\w\projects\2018_UnivMD_Maryland_86896\86896_MD01_20180711\86896_MD01_AIFF\86896MD01_016K_M04_multi_20180725\86896MD01_016K_M04_multi_20180725_091500Z.aif,FALSE,,audio/aif,16000,16,23.5,,,,,
86896MD01_016K_M04_multi_20180725_094500Z.aif,2018_UnivMD_Maryland_86896_Dep01_20180711,dutyCycle,2018-07-25T09:56:31.803Z,\\Repnas\w\projects\2018_UnivMD_Maryland_86896\86896_MD01_20180711\86896_MD01_AIFF\86896MD01_016K_M04_multi_20180725\86896MD01_016K_M04_multi_20180725_094500Z.aif,FALSE,,audio/aif,16000,16,23.5,,,,,
86896MD01_016K_M04_multi_20180725_131500Z.aif,2018_UnivMD_Maryland_86896_Dep01_20180711,dutyCycle,2018-07-25T13:21:35.388Z,\\Repnas\w\projects\2018_UnivMD_Maryland_86896\86896_MD01_20180711\86896_MD01_AIFF\86896MD01_016K_M04_multi_20180725\86896MD01_016K_M04_multi_20180725_131500Z.aif,FALSE,,audio/aif,16000,16,23.5,,,,,
86896MD01_016K_M04_multi_20180725_134500Z.aif,2018_UnivMD_Maryland_86896_Dep01_20180711,dutyCycle,2018-07-25T13:46:22.588Z,\\Repnas\w\projects\2018_UnivMD_Maryland_86896\86896_MD01_20180711\86896_MD01_AIFF\86896MD01_016K_M04_multi_20180725\86896MD01_016K_M04_multi_20180725_134500Z.aif,FALSE,,audio/aif,16000,16,23.5,,,,,
86896MD01_016K_M04_multi_20180725_134500Z.aif,2018_UnivMD_Maryland_86896_Dep01_20180711,dutyCycle,2018-07-25T13:48:21.875Z,\\Repnas\w\projects\2018_UnivMD_Maryland_86896\86896_MD01_20180711\86896_MD01_AIFF\86896MD01_016K_M04_multi_20180725\86896MD01_016K_M04_multi_20180725_134500Z.aif,FALSE,,audio/aif,16000,16,23.5,,,,,
86896MD01_016K_M04_multi_20180725_163000Z.aif,2018_UnivMD_Maryland_86896_Dep01_20180711,dutyCycle,2018-07-25T16:31:41.532Z,\\Repnas\w\projects\2018_UnivMD_Maryland_86896\86896_MD01_20180711\86896_MD01_AIFF\86896MD01_016K_M04_multi_20180725\86896MD01_016K_M04_multi_20180725_163000Z.aif,FALSE,,audio/aif,16000,16,23.5,,,,,
86896MD01_016K_M04_multi_20180725_190000Z.aif,2018_UnivMD_Maryland_86896_Dep01_20180711,dutyCycle,2018-07-25T19:01:54.698Z,\\Repnas\w\projects\2018_UnivMD_Maryland_86896\86896_MD01_20180711\86896_MD01_AIFF\86896MD01_016K_M04_multi_20180725\86896MD01_016K_M04_multi_20180725_190000Z.aif,FALSE,,audio/aif,16000,16,23.5,,,,,
86896MD01_016K_M04_multi_20180726_083000Z.aif,2018_UnivMD_Maryland_86896_Dep01_20180711,dutyCycle,2018-07-26T08:36:31.036Z,\\Repnas\w\projects\2018_UnivMD_Maryland_86896\86896_MD01_20180711\86896_MD01_AIFF\86896MD01_016K_M04_multi_20180726\86896MD01_016K_M04_multi_20180726_083000Z.aif,FALSE,,audio/aif,16000,16,23.5,,,,,
86896MD01_016K_M04_multi_20180727_030000Z.aif,2018_UnivMD_Maryland_86896_Dep01_20180711,dutyCycle,2018-07-27T03:02:15.067Z,\\Repnas\w\projects\2018_UnivMD_Maryland_86896\86896_MD01_20180711\86896_MD01_AIFF\86896MD01_016K_M04_multi_20180727\86896MD01_016K_M04_multi_20180727_030000Z.aif,FALSE,,audio/aif,16000,16,23.5,,,,,
86896MD01_016K_M04_multi_20180727_054500Z.aif,2018_UnivMD_Maryland_86896_Dep01_20180711,dutyCycle,2018-07-27T05:49:01.292Z,\\Repnas\w\projects\2018_UnivMD_Maryland_86896\86896_MD01_20180711\86896_MD01_AIFF\86896MD01_016K_M04_multi_20180727\86896MD01_016K_M04_multi_20180727_054500Z.aif,FALSE,,audio/aif,16000,16,23.5,,,,,
86896MD01_016K_M04_multi_20180727_200000Z.aif,2018_UnivMD_Maryland_86896_Dep01_20180711,dutyCycle,2018-07-27T20:07:41.592Z,\\Repnas\w\projects\2018_UnivMD_Maryland_86896\86896_MD01_20180711\86896_MD01_AIFF\86896MD01_016K_M04_multi_20180727\86896MD01_016K_M04_multi_20180727_200000Z.aif,FALSE,,audio/aif,16000,16,23.5,,,,,
86896MD01_016K_M04_multi_20180727_204500Z.aif,2018_UnivMD_Maryland_86896_Dep01_20180711,dutyCycle,2018-07-27T20:53:09.751Z,\\Repnas\w\projects\2018_UnivMD_Maryland_86896\86896_MD01_20180711\86896_MD01_AIFF\86896MD01_016K_M04_multi_20180727\86896MD01_016K_M04_multi_20180727_204500Z.aif,FALSE,,audio/aif,16000,16,23.5,,,,,
86896MD01_016K_M04_multi_20180727_224500Z.aif,2018_UnivMD_Maryland_86896_Dep01_20180711,dutyCycle,2018-07-27T22:56:32.315Z,\\Repnas\w\projects\2018_UnivMD_Maryland_86896\86896_MD01_20180711\86896_MD01_AIFF\86896MD01_016K_M04_multi_20180727\86896MD01_016K_M04_multi_20180727_224500Z.aif,FALSE,,audio/aif,16000,16,23.5,,,,,
86896MD01_016K_M04_multi_20180728_141500Z.aif,2018_UnivMD_Maryland_86896_Dep01_20180711,dutyCycle,2018-07-28T14:25:57.507Z,\\Repnas\w\projects\2018_UnivMD_Maryland_86896\86896_MD01_20180711\86896_MD01_AIFF\86896MD01_016K_M04_multi_20180728\86896MD01_016K_M04_multi_20180728_141500Z.aif,FALSE,,audio/aif,16000,16,23.5,,,,,
86896MD01_016K_M04_multi_20180728_143000Z.aif,2018_UnivMD_Maryland_86896_Dep01_20180711,dutyCycle,2018-07-28T14:39:15.371Z,\\Repnas\w\projects\2018_UnivMD_Maryland_86896\86896_MD01_20180711\86896_MD01_AIFF\86896MD01_016K_M04_multi_20180728\86896MD01_016K_M04_multi_20180728_143000Z.aif,FALSE,,audio/aif,16000,16,23.5,,,,,
86896MD01_016K_M04_multi_20180728_180000Z.aif,2018_UnivMD_Maryland_86896_Dep01_20180711,dutyCycle,2018-07-28T18:09:35.963Z,\\Repnas\w\projects\2018_UnivMD_Maryland_86896\86896_MD01_20180711\86896_MD01_AIFF\86896MD01_016K_M04_multi_20180728\86896MD01_016K_M04_multi_20180728_180000Z.aif,FALSE,,audio/aif,16000,16,23.5,,,,,
86896MD01_016K_M04_multi_20180729_013000Z.aif,2018_UnivMD_Maryland_86896_Dep01_20180711,dutyCycle,2018-07-29T01:32:37.075Z,\\Repnas\w\projects\2018_UnivMD_Maryland_86896\86896_MD01_20180711\86896_MD01_AIFF\86896MD01_016K_M04_multi_20180729\86896MD01_016K_M04_multi_20180729_013000Z.aif,FALSE,,audio/aif,16000,16,23.5,,,,,
86896MD01_016K_M04_multi_20180730_023000Z.aif,2018_UnivMD_Maryland_86896_Dep01_20180711,dutyCycle,2018-07-30T02:37:55.875Z,\\Repnas\w\projects\2018_UnivMD_Maryland_86896\86896_MD01_20180711\86896_MD01_AIFF\86896MD01_016K_M04_multi_20180730\86896MD01_016K_M04_multi_20180730_023000Z.aif,FALSE,,audio/aif,16000,16,23.5,,,,,
86896MD01_016K_M04_multi_20180730_184500Z.aif,2018_UnivMD_Maryland_86896_Dep01_20180711,dutyCycle,2018-07-30T18:51:53.820Z,\\Repnas\w\projects\2018_UnivMD_Maryland_86896\86896_MD01_20180711\86896_MD01_AIFF\86896MD01_016K_M04_multi_20180730\86896MD01_016K_M04_multi_20180730_184500Z.aif,FALSE,,audio/aif,16000,16,23.5,,,,,
86896MD01_016K_M04_multi_20180730_213000Z.aif,2018_UnivMD_Maryland_86896_Dep01_20180711,dutyCycle,2018-07-30T21:30:50.195Z,\\Repnas\w\projects\2018_UnivMD_Maryland_86896\86896_MD01_20180711\86896_MD01_AIFF\86896MD01_016K_M04_multi_20180730\86896MD01_016K_M04_multi_20180730_213000Z.aif,FALSE,,audio/aif,16000,16,23.5,,,,,
86896MD01_016K_M04_multi_20180730_223000Z.aif,2018_UnivMD_Maryland_86896_Dep01_20180711,dutyCycle,2018-07-30T22:39:10.763Z,\\Repnas\w\projects\2018_UnivMD_Maryland_86896\86896_MD01_20180711\86896_MD01_AIFF\86896MD01_016K_M04_multi_20180730\86896MD01_016K_M04_multi_20180730_223000Z.aif,FALSE,,audio/aif,16000,16,23.5,,,,,
86896MD01_016K_M04_multi_20180731_123000Z.aif,2018_UnivMD_Maryland_86896_Dep01_20180711,dutyCycle,2018-07-31T12:40:21.924Z,\\Repnas\w\projects\2018_UnivMD_Maryland_86896\86896_MD01_20180711\86896_MD01_AIFF\86896MD01_016K_M04_multi_20180731\86896MD01_016K_M04_multi_20180731_123000Z.aif,FALSE,,audio/aif,16000,16,23.5,,,,,
86896MD01_016K_M04_multi_20180731_124500Z.aif,2018_UnivMD_Maryland_86896_Dep01_20180711,dutyCycle,2018-07-31T12:55:37.796Z,\\Repnas\w\projects\2018_UnivMD_Maryland_86896\86896_MD01_20180711\86896_MD01_AIFF\86896MD01_016K_M04_multi_20180731\86896MD01_016K_M04_multi_20180731_124500Z.aif,FALSE,,audio/aif,16000,16,23.5,,,,,
86896MD01_016K_M04_multi_20180731_163000Z.aif,2018_UnivMD_Maryland_86896_Dep01_20180711,dutyCycle,2018-07-31T16:40:37.796Z,\\Repnas\w\projects\2018_UnivMD_Maryland_86896\86896_MD01_20180711\86896_MD01_AIFF\86896MD01_016K_M04_multi_20180731\86896MD01_016K_M04_multi_20180731_163000Z.aif,FALSE,,audio/aif,16000,16,23.5,,,,,
86896MD01_016K_M04_multi_20180731_173000Z.aif,2018_UnivMD_Maryland_86896_Dep01_20180711,dutyCycle,2018-07-31T17:42:55.251Z,\\Repnas\w\projects\2018_UnivMD_Maryland_86896\86896_MD01_20180711\86896_MD01_AIFF\86896MD01_016K_M04_multi_20180731\86896MD01_016K_M04_multi_20180731_173000Z.aif,FALSE,,audio/aif,16000,16,23.5,,,,,
86896MD01_016K_M04_multi_20180731_203000Z.aif,2018_UnivMD_Maryland_86896_Dep01_20180711,dutyCycle,2018-07-31T20:44:15.116Z,\\Repnas\w\projects\2018_UnivMD_Maryland_86896\86896_MD01_20180711\86896_MD01_AIFF\86896MD01_016K_M04_multi_20180731\86896MD01_016K_M04_multi_20180731_203000Z.aif,FALSE,,audio/aif,16000,16,23.5,,,,,
86896MD01_016K_M04_multi_20180731_203000Z.aif,2018_UnivMD_Maryland_86896_Dep01_20180711,dutyCycle,2018-07-31T20:34:34.572Z,\\Repnas\w\projects\2018_UnivMD_Maryland_86896\86896_MD01_20180711\86896_MD01_AIFF\86896MD01_016K_M04_multi_20180731\86896MD01_016K_M04_multi_20180731_203000Z.aif,FALSE,,audio/aif,16000,16,23.5,,,,,
86896MD01_016K_M04_multi_20180731_203000Z.aif,2018_UnivMD_Maryland_86896_Dep01_20180711,dutyCycle,2018-07-31T20:43:57.196Z,\\Repnas\w\projects\2018_UnivMD_Maryland_86896\86896_MD01_20180711\86896_MD01_AIFF\86896MD01_016K_M04_multi_20180731\86896MD01_016K_M04_multi_20180731_203000Z.aif,FALSE,,audio/aif,16000,16,23.5,,,,,
86896MD01_016K_M04_multi_20180731_203000Z.aif,2018_UnivMD_Maryland_86896_Dep01_20180711,dutyCycle,2018-07-31T20:34:08.460Z,\\Repnas\w\projects\2018_UnivMD_Maryland_86896\86896_MD01_20180711\86896_MD01_AIFF\86896MD01_016K_M04_multi_20180731\86896MD01_016K_M04_multi_20180731_203000Z.aif,FALSE,,audio/aif,16000,16,23.5,,,,,
86896MD01_016K_M04_multi_20180731_204500Z.aif,2018_UnivMD_Maryland_86896_Dep01_20180711,dutyCycle,2018-07-31T20:47:16.604Z,\\Repnas\w\projects\2018_UnivMD_Maryland_86896\86896_MD01_20180711\86896_MD01_AIFF\86896MD01_016K_M04_multi_20180731\86896MD01_016K_M04_multi_20180731_204500Z.aif,FALSE,,audio/aif,16000,16,23.5,,,,,
86896MD01_016K_M04_multi_20180731_210000Z.aif,2018_UnivMD_Maryland_86896_Dep01_20180711,dutyCycle,2018-07-31T21:00:22.691Z,\\Repnas\w\projects\2018_UnivMD_Maryland_86896\86896_MD01_20180711\86896_MD01_AIFF\86896MD01_016K_M04_multi_20180731\86896MD01_016K_M04_multi_20180731_210000Z.aif,FALSE,,audio/aif,16000,16,23.5,,,,,
86896MD01_016K_M04_multi_20180731_211500Z.aif,2018_UnivMD_Maryland_86896_Dep01_20180711,dutyCycle,2018-07-31T21:16:40.251Z,\\Repnas\w\projects\2018_UnivMD_Maryland_86896\86896_MD01_20180711\86896_MD01_AIFF\86896MD01_016K_M04_multi_20180731\86896MD01_016K_M04_multi_20180731_211500Z.aif,FALSE,,audio/aif,16000,16,23.5,,,,,
86896MD01_016K_M04_multi_20180731_214500Z.aif,2018_UnivMD_Maryland_86896_Dep01_20180711,dutyCycle,2018-07-31T21:47:29.907Z,\\Repnas\w\projects\2018_UnivMD_Maryland_86896\86896_MD01_20180711\86896_MD01_AIFF\86896MD01_016K_M04_multi_20180731\86896MD01_016K_M04_multi_20180731_214500Z.aif,FALSE,,audio/aif,16000,16,23.5,,,,,
86896MD01_016K_M04_multi_20180731_231500Z.aif,2018_UnivMD_Maryland_86896_Dep01_20180711,dutyCycle,2018-07-31T23:16:27.196Z,\\Repnas\w\projects\2018_UnivMD_Maryland_86896\86896_MD01_20180711\86896_MD01_AIFF\86896MD01_016K_M04_multi_20180731\86896MD01_016K_M04_multi_20180731_231500Z.aif,FALSE,,audio/aif,16000,16,23.5,,,,,
86896MD01_016K_M04_multi_20180801_014500Z.aif,2018_UnivMD_Maryland_86896_Dep01_20180711,dutyCycle,2018-08-01T01:54:03.851Z,\\Repnas\w\projects\2018_UnivMD_Maryland_86896\86896_MD01_20180711\86896_MD01_AIFF\86896MD01_016K_M04_multi_20180801\86896MD01_016K_M04_multi_20180801_014500Z.aif,FALSE,,audio/aif,16000,16,23.5,,,,,
86896MD01_016K_M04_multi_20180801_114500Z.aif,2018_UnivMD_Maryland_86896_Dep01_20180711,dutyCycle,2018-08-01T11:53:59.500Z,\\Repnas\w\projects\2018_UnivMD_Maryland_86896\86896_MD01_20180711\86896_MD01_AIFF\86896MD01_016K_M04_multi_20180801\86896MD01_016K_M04_multi_20180801_114500Z.aif,FALSE,,audio/aif,16000,16,23.5,,,,,
86896MD01_016K_M04_multi_20180801_153000Z.aif,2018_UnivMD_Maryland_86896_Dep01_20180711,dutyCycle,2018-08-01T15:38:24.546Z,\\Repnas\w\projects\2018_UnivMD_Maryland_86896\86896_MD01_20180711\86896_MD01_AIFF\86896MD01_016K_M04_multi_20180801\86896MD01_016K_M04_multi_20180801_153000Z.aif,FALSE,,audio/aif,16000,16,23.5,,,,,
86896MD01_016K_M04_multi_20180801_200000Z.aif,2018_UnivMD_Maryland_86896_Dep01_20180711,dutyCycle,2018-08-01T20:01:29.355Z,\\Repnas\w\projects\2018_UnivMD_Maryland_86896\86896_MD01_20180711\86896_MD01_AIFF\86896MD01_016K_M04_multi_20180801\86896MD01_016K_M04_multi_20180801_200000Z.aif,FALSE,,audio/aif,16000,16,23.5,,,,,
86896MD01_016K_M04_multi_20180802_234500Z.aif,2018_UnivMD_Maryland_86896_Dep01_20180711,dutyCycle,2018-08-02T23:45:07.751Z,\\Repnas\w\projects\2018_UnivMD_Maryland_86896\86896_MD01_20180711\86896_MD01_AIFF\86896MD01_016K_M04_multi_20180802\86896MD01_016K_M04_multi_20180802_234500Z.aif,FALSE,,audio/aif,16000,16,23.5,,,,,
86896MD01_016K_M04_multi_20180803_061500Z.aif,2018_UnivMD_Maryland_86896_Dep01_20180711,dutyCycle,2018-08-03T06:15:21.011Z,\\Repnas\w\projects\2018_UnivMD_Maryland_86896\86896_MD01_20180711\86896_MD01_AIFF\86896MD01_016K_M04_multi_20180803\86896MD01_016K_M04_multi_20180803_061500Z.aif,FALSE,,audio/aif,16000,16,23.5,,,,,
86896MD01_016K_M04_multi_20180803_081500Z.aif,2018_UnivMD_Maryland_86896_Dep01_20180711,dutyCycle,2018-08-03T08:15:15.891Z,\\Repnas\w\projects\2018_UnivMD_Maryland_86896\86896_MD01_20180711\86896_MD01_AIFF\86896MD01_016K_M04_multi_20180803\86896MD01_016K_M04_multi_20180803_081500Z.aif,FALSE,,audio/aif,16000,16,23.5,,,,,
86896MD01_016K_M04_multi_20180803_140000Z.aif,2018_UnivMD_Maryland_86896_Dep01_20180711,dutyCycle,2018-08-03T14:05:16.292Z,\\Repnas\w\projects\2018_UnivMD_Maryland_86896\86896_MD01_20180711\86896_MD01_AIFF\86896MD01_016K_M04_multi_20180803\86896MD01_016K_M04_multi_20180803_140000Z.aif,FALSE,,audio/aif,16000,16,23.5,,,,,
86896MD01_016K_M04_multi_20180803_141500Z.aif,2018_UnivMD_Maryland_86896_Dep01_20180711,dutyCycle,2018-08-03T14:20:34.723Z,\\Repnas\w\projects\2018_UnivMD_Maryland_86896\86896_MD01_20180711\86896_MD01_AIFF\86896MD01_016K_M04_multi_20180803\86896MD01_016K_M04_multi_20180803_141500Z.aif,FALSE,,audio/aif,16000,16,23.5,,,,,
86896MD01_016K_M04_multi_20180803_174500Z.aif,2018_UnivMD_Maryland_86896_Dep01_20180711,dutyCycle,2018-08-03T17:47:20.955Z,\\Repnas\w\projects\2018_UnivMD_Maryland_86896\86896_MD01_20180711\86896_MD01_AIFF\86896MD01_016K_M04_multi_20180803\86896MD01_016K_M04_multi_20180803_174500Z.aif,FALSE,,audio/aif,16000,16,23.5,,,,,
86896MD01_016K_M04_multi_20180804_003000Z.aif,2018_UnivMD_Maryland_86896_Dep01_20180711,dutyCycle,2018-08-04T00:40:59.720Z,\\Repnas\w\projects\2018_UnivMD_Maryland_86896\86896_MD01_20180711\86896_MD01_AIFF\86896MD01_016K_M04_multi_20180804\86896MD01_016K_M04_multi_20180804_003000Z.aif,FALSE,,audio/aif,16000,16,23.5,,,,,
86896MD01_016K_M04_multi_20180804_081500Z.aif,2018_UnivMD_Maryland_86896_Dep01_20180711,dutyCycle,2018-08-04T08:17:17.483Z,\\Repnas\w\projects\2018_UnivMD_Maryland_86896\86896_MD01_20180711\86896_MD01_AIFF\86896MD01_016K_M04_multi_20180804\86896MD01_016K_M04_multi_20180804_081500Z.aif,FALSE,,audio/aif,16000,16,23.5,,,,,
86896MD01_016K_M04_multi_20180804_084500Z.aif,2018_UnivMD_Maryland_86896_Dep01_20180711,dutyCycle,2018-08-04T08:52:38.611Z,\\Repnas\w\projects\2018_UnivMD_Maryland_86896\86896_MD01_20180711\86896_MD01_AIFF\86896MD01_016K_M04_multi_20180804\86896MD01_016K_M04_multi_20180804_084500Z.aif,FALSE,,audio/aif,16000,16,23.5,,,,,
86896MD01_016K_M04_multi_20180804_131500Z.aif,2018_UnivMD_Maryland_86896_Dep01_20180711,dutyCycle,2018-08-04T13:20:37.539Z,\\Repnas\w\projects\2018_UnivMD_Maryland_86896\86896_MD01_20180711\86896_MD01_AIFF\86896MD01_016K_M04_multi_20180804\86896MD01_016K_M04_multi_20180804_131500Z.aif,FALSE,,audio/aif,16000,16,23.5,,,,,
86896MD01_016K_M04_multi_20180804_184500Z.aif,2018_UnivMD_Maryland_86896_Dep01_20180711,dutyCycle,2018-08-04T18:59:05.900Z,\\Repnas\w\projects\2018_UnivMD_Maryland_86896\86896_MD01_20180711\86896_MD01_AIFF\86896MD01_016K_M04_multi_20180804\86896MD01_016K_M04_multi_20180804_184500Z.aif,FALSE,,audio/aif,16000,16,23.5,,,,,
86896MD01_016K_M04_multi_20180804_200000Z.aif,2018_UnivMD_Maryland_86896_Dep01_20180711,dutyCycle,2018-08-04T20:03:07.027Z,\\Repnas\w\projects\2018_UnivMD_Maryland_86896\86896_MD01_20180711\86896_MD01_AIFF\86896MD01_016K_M04_multi_20180804\86896MD01_016K_M04_multi_20180804_200000Z.aif,FALSE,,audio/aif,16000,16,23.5,,,,,
86896MD01_016K_M04_multi_20180804_201500Z.aif,2018_UnivMD_Maryland_86896_Dep01_20180711,dutyCycle,2018-08-04T20:29:32.378Z,\\Repnas\w\projects\2018_UnivMD_Maryland_86896\86896_MD01_20180711\86896_MD01_AIFF\86896MD01_016K_M04_multi_20180804\86896MD01_016K_M04_multi_20180804_201500Z.aif,FALSE,,audio/aif,16000,16,23.5,,,,,
86896MD01_016K_M04_multi_20180804_210000Z.aif,2018_UnivMD_Maryland_86896_Dep01_20180711,dutyCycle,2018-08-04T21:06:09.539Z,\\Repnas\w\projects\2018_UnivMD_Maryland_86896\86896_MD01_20180711\86896_MD01_AIFF\86896MD01_016K_M04_multi_20180804\86896MD01_016K_M04_multi_20180804_210000Z.aif,FALSE,,audio/aif,16000,16,23.5,,,,,
86896MD01_016K_M04_multi_20180804_211500Z.aif,2018_UnivMD_Maryland_86896_Dep01_20180711,dutyCycle,2018-08-04T21:24:08.827Z,\\Repnas\w\projects\2018_UnivMD_Maryland_86896\86896_MD01_20180711\86896_MD01_AIFF\86896MD01_016K_M04_multi_20180804\86896MD01_016K_M04_multi_20180804_211500Z.aif,FALSE,,audio/aif,16000,16,23.5,,,,,
86896MD01_016K_M04_multi_20180804_230000Z.aif,2018_UnivMD_Maryland_86896_Dep01_20180711,dutyCycle,2018-08-04T23:08:17.779Z,\\Repnas\w\projects\2018_UnivMD_Maryland_86896\86896_MD01_20180711\86896_MD01_AIFF\86896MD01_016K_M04_multi_20180804\86896MD01_016K_M04_multi_20180804_230000Z.aif,FALSE,,audio/aif,16000,16,23.5,,,,,
86896MD01_016K_M04_multi_20180805_061500Z.aif,2018_UnivMD_Maryland_86896_Dep01_20180711,dutyCycle,2018-08-05T06:18:39.651Z,\\Repnas\w\projects\2018_UnivMD_Maryland_86896\86896_MD01_20180711\86896_MD01_AIFF\86896MD01_016K_M04_multi_20180805\86896MD01_016K_M04_multi_20180805_061500Z.aif,FALSE,,audio/aif,16000,16,23.5,,,,,
86896MD01_016K_M04_multi_20180805_120000Z.aif,2018_UnivMD_Maryland_86896_Dep01_20180711,dutyCycle,2018-08-05T12:10:30.628Z,\\Repnas\w\projects\2018_UnivMD_Maryland_86896\86896_MD01_20180711\86896_MD01_AIFF\86896MD01_016K_M04_multi_20180805\86896MD01_016K_M04_multi_20180805_120000Z.aif,FALSE,,audio/aif,16000,16,23.5,,,,,
86896MD01_016K_M04_multi_20180806_060000Z.aif,2018_UnivMD_Maryland_86896_Dep01_20180711,dutyCycle,2018-08-06T06:01:49.723Z,\\Repnas\w\projects\2018_UnivMD_Maryland_86896\86896_MD01_20180711\86896_MD01_AIFF\86896MD01_016K_M04_multi_20180806\86896MD01_016K_M04_multi_20180806_060000Z.aif,FALSE,,audio/aif,16000,16,23.5,,,,,
86896MD01_016K_M04_multi_20180806_090000Z.aif,2018_UnivMD_Maryland_86896_Dep01_20180711,dutyCycle,2018-08-06T09:02:31.444Z,\\Repnas\w\projects\2018_UnivMD_Maryland_86896\86896_MD01_20180711\86896_MD01_AIFF\86896MD01_016K_M04_multi_20180806\86896MD01_016K_M04_multi_20180806_090000Z.aif,FALSE,,audio/aif,16000,16,23.5,,,,,
86896MD01_016K_M04_multi_20180807_144500Z.aif,2018_UnivMD_Maryland_86896_Dep01_20180711,dutyCycle,2018-08-07T14:54:09.996Z,\\Repnas\w\projects\2018_UnivMD_Maryland_86896\86896_MD01_20180711\86896_MD01_AIFF\86896MD01_016K_M04_multi_20180807\86896MD01_016K_M04_multi_20180807_144500Z.aif,FALSE,,audio/aif,16000,16,23.5,,,,,
86896MD01_016K_M04_multi_20180807_144500Z.aif,2018_UnivMD_Maryland_86896_Dep01_20180711,dutyCycle,2018-08-07T14:57:58.067Z,\\Repnas\w\projects\2018_UnivMD_Maryland_86896\86896_MD01_20180711\86896_MD01_AIFF\86896MD01_016K_M04_multi_20180807\86896MD01_016K_M04_multi_20180807_144500Z.aif,FALSE,,audio/aif,16000,16,23.5,,,,,
86896MD01_016K_M04_multi_20180807_233000Z.aif,2018_UnivMD_Maryland_86896_Dep01_20180711,dutyCycle,2018-08-07T23:37:55.763Z,\\Repnas\w\projects\2018_UnivMD_Maryland_86896\86896_MD01_20180711\86896_MD01_AIFF\86896MD01_016K_M04_multi_20180807\86896MD01_016K_M04_multi_20180807_233000Z.aif,FALSE,,audio/aif,16000,16,23.5,,,,,
86896MD01_016K_M04_multi_20180808_043000Z.aif,2018_UnivMD_Maryland_86896_Dep01_20180711,dutyCycle,2018-08-08T04:43:55.148Z,\\Repnas\w\projects\2018_UnivMD_Maryland_86896\86896_MD01_20180711\86896_MD01_AIFF\86896MD01_016K_M04_multi_20180808\86896MD01_016K_M04_multi_20180808_043000Z.aif,FALSE,,audio/aif,16000,16,23.5,,,,,
86896MD01_016K_M04_multi_20180808_044500Z.aif,2018_UnivMD_Maryland_86896_Dep01_20180711,dutyCycle,2018-08-08T04:48:18.402Z,\\Repnas\w\projects\2018_UnivMD_Maryland_86896\86896_MD01_20180711\86896_MD01_AIFF\86896MD01_016K_M04_multi_20180808\86896MD01_016K_M04_multi_20180808_044500Z.aif,FALSE,,audio/aif,16000,16,23.5,,,,,
86896MD01_016K_M04_multi_20180808_050000Z.aif,2018_UnivMD_Maryland_86896_Dep01_20180711,dutyCycle,2018-08-08T05:05:13.220Z,\\Repnas\w\projects\2018_UnivMD_Maryland_86896\86896_MD01_20180711\86896_MD01_AIFF\86896MD01_016K_M04_multi_20180808\86896MD01_016K_M04_multi_20180808_050000Z.aif,FALSE,,audio/aif,16000,16,23.5,,,,,
86896MD01_016K_M04_multi_20180808_091500Z.aif,2018_UnivMD_Maryland_86896_Dep01_20180711,dutyCycle,2018-08-08T09:20:07.843Z,\\Repnas\w\projects\2018_UnivMD_Maryland_86896\86896_MD01_20180711\86896_MD01_AIFF\86896MD01_016K_M04_multi_20180808\86896MD01_016K_M04_multi_20180808_091500Z.aif,FALSE,,audio/aif,16000,16,23.5,,,,,
86896MD01_016K_M04_multi_20180808_101500Z.aif,2018_UnivMD_Maryland_86896_Dep01_20180711,dutyCycle,2018-08-08T10:27:04.828Z,\\Repnas\w\projects\2018_UnivMD_Maryland_86896\86896_MD01_20180711\86896_MD01_AIFF\86896MD01_016K_M04_multi_20180808\86896MD01_016K_M04_multi_20180808_101500Z.aif,FALSE,,audio/aif,16000,16,23.5,,,,,
86896MD01_016K_M04_multi_20180808_104500Z.aif,2018_UnivMD_Maryland_86896_Dep01_20180711,dutyCycle,2018-08-08T10:55:57.507Z,\\Repnas\w\projects\2018_UnivMD_Maryland_86896\86896_MD01_20180711\86896_MD01_AIFF\86896MD01_016K_M04_multi_20180808\86896MD01_016K_M04_multi_20180808_104500Z.aif,FALSE,,audio/aif,16000,16,23.5,,,,,
86896MD01_016K_M04_multi_20180808_140000Z.aif,2018_UnivMD_Maryland_86896_Dep01_20180711,dutyCycle,2018-08-08T14:09:40.716Z,\\Repnas\w\projects\2018_UnivMD_Maryland_86896\86896_MD01_20180711\86896_MD01_AIFF\86896MD01_016K_M04_multi_20180808\86896MD01_016K_M04_multi_20180808_140000Z.aif,FALSE,,audio/aif,16000,16,23.5,,,,,
86896MD01_016K_M04_multi_20180808_141500Z.aif,2018_UnivMD_Maryland_86896_Dep01_20180711,dutyCycle,2018-08-08T14:22:48.084Z,\\Repnas\w\projects\2018_UnivMD_Maryland_86896\86896_MD01_20180711\86896_MD01_AIFF\86896MD01_016K_M04_multi_20180808\86896MD01_016K_M04_multi_20180808_141500Z.aif,FALSE,,audio/aif,16000,16,23.5,,,,,
86896MD01_016K_M04_multi_20180808_184500Z.aif,2018_UnivMD_Maryland_86896_Dep01_20180711,dutyCycle,2018-08-08T18:48:06.003Z,\\Repnas\w\projects\2018_UnivMD_Maryland_86896\86896_MD01_20180711\86896_MD01_AIFF\86896MD01_016K_M04_multi_20180808\86896MD01_016K_M04_multi_20180808_184500Z.aif,FALSE,,audio/aif,16000,16,23.5,,,,,
86896MD01_016K_M04_multi_20180808_224500Z.aif,2018_UnivMD_Maryland_86896_Dep01_20180711,dutyCycle,2018-08-08T22:59:39.179Z,\\Repnas\w\projects\2018_UnivMD_Maryland_86896\86896_MD01_20180711\86896_MD01_AIFF\86896MD01_016K_M04_multi_20180808\86896MD01_016K_M04_multi_20180808_224500Z.aif,FALSE,,audio/aif,16000,16,23.5,,,,,
86896MD01_016K_M04_multi_20180808_230000Z.aif,2018_UnivMD_Maryland_86896_Dep01_20180711,dutyCycle,2018-08-08T23:12:00.475Z,\\Repnas\w\projects\2018_UnivMD_Maryland_86896\86896_MD01_20180711\86896_MD01_AIFF\86896MD01_016K_M04_multi_20180808\86896MD01_016K_M04_multi_20180808_230000Z.aif,FALSE,,audio/aif,16000,16,23.5,,,,,
86896MD01_016K_M04_multi_20180808_230000Z.aif,2018_UnivMD_Maryland_86896_Dep01_20180711,dutyCycle,2018-08-08T23:08:52.588Z,\\Repnas\w\projects\2018_UnivMD_Maryland_86896\86896_MD01_20180711\86896_MD01_AIFF\86896MD01_016K_M04_multi_20180808\86896MD01_016K_M04_multi_20180808_230000Z.aif,FALSE,,audio/aif,16000,16,23.5,,,,,
86896MD01_016K_M04_multi_20180808_230000Z.aif,2018_UnivMD_Maryland_86896_Dep01_20180711,dutyCycle,2018-08-08T23:08:46.444Z,\\Repnas\w\projects\2018_UnivMD_Maryland_86896\86896_MD01_20180711\86896_MD01_AIFF\86896MD01_016K_M04_multi_20180808\86896MD01_016K_M04_multi_20180808_230000Z.aif,FALSE,,audio/aif,16000,16,23.5,,,,,
86896MD01_016K_M04_multi_20180808_231500Z.aif,2018_UnivMD_Maryland_86896_Dep01_20180711,dutyCycle,2018-08-08T23:24:50.187Z,\\Repnas\w\projects\2018_UnivMD_Maryland_86896\86896_MD01_20180711\86896_MD01_AIFF\86896MD01_016K_M04_multi_20180808\86896MD01_016K_M04_multi_20180808_231500Z.aif,FALSE,,audio/aif,16000,16,23.5,,,,,
86896MD01_016K_M04_multi_20180808_233000Z.aif,2018_UnivMD_Maryland_86896_Dep01_20180711,dutyCycle,2018-08-08T23:44:22.283Z,\\Repnas\w\projects\2018_UnivMD_Maryland_86896\86896_MD01_20180711\86896_MD01_AIFF\86896MD01_016K_M04_multi_20180808\86896MD01_016K_M04_multi_20180808_233000Z.aif,FALSE,,audio/aif,16000,16,23.5,,,,,
86896MD01_016K_M04_multi_20180809_000000Z.aif,2018_UnivMD_Maryland_86896_Dep01_20180711,dutyCycle,2018-08-09T00:00:23.972Z,\\Repnas\w\projects\2018_UnivMD_Maryland_86896\86896_MD01_20180711\86896_MD01_AIFF\86896MD01_016K_M04_multi_20180809\86896MD01_016K_M04_multi_20180809_000000Z.aif,FALSE,,audio/aif,16000,16,23.5,,,,,
86896MD01_016K_M04_multi_20180809_163000Z.aif,2018_UnivMD_Maryland_86896_Dep01_20180711,dutyCycle,2018-08-09T16:39:07.947Z,\\Repnas\w\projects\2018_UnivMD_Maryland_86896\86896_MD01_20180711\86896_MD01_AIFF\86896MD01_016K_M04_multi_20180809\86896MD01_016K_M04_multi_20180809_163000Z.aif,FALSE,,audio/aif,16000,16,23.5,,,,,
86896MD01_016K_M04_multi_20180809_211500Z.aif,2018_UnivMD_Maryland_86896_Dep01_20180711,dutyCycle,2018-08-09T21:15:58.532Z,\\Repnas\w\projects\2018_UnivMD_Maryland_86896\86896_MD01_20180711\86896_MD01_AIFF\86896MD01_016K_M04_multi_20180809\86896MD01_016K_M04_multi_20180809_211500Z.aif,FALSE,,audio/aif,16000,16,23.5,,,,,
86896MD01_016K_M04_multi_20180809_231500Z.aif,2018_UnivMD_Maryland_86896_Dep01_20180711,dutyCycle,2018-08-09T23:25:26.019Z,\\Repnas\w\projects\2018_UnivMD_Maryland_86896\86896_MD01_20180711\86896_MD01_AIFF\86896MD01_016K_M04_multi_20180809\86896MD01_016K_M04_multi_20180809_231500Z.aif,FALSE,,audio/aif,16000,16,23.5,,,,,
86896MD01_016K_M04_multi_20180809_233000Z.aif,2018_UnivMD_Maryland_86896_Dep01_20180711,dutyCycle,2018-08-09T23:34:21.003Z,\\Repnas\w\projects\2018_UnivMD_Maryland_86896\86896_MD01_20180711\86896_MD01_AIFF\86896MD01_016K_M04_multi_20180809\86896MD01_016K_M04_multi_20180809_233000Z.aif,FALSE,,audio/aif,16000,16,23.5,,,,,
86896MD01_016K_M04_multi_20180810_124500Z.aif,2018_UnivMD_Maryland_86896_Dep01_20180711,dutyCycle,2018-08-10T12:46:16.700Z,\\Repnas\w\projects\2018_UnivMD_Maryland_86896\86896_MD01_20180711\86896_MD01_AIFF\86896MD01_016K_M04_multi_20180810\86896MD01_016K_M04_multi_20180810_124500Z.aif,FALSE,,audio/aif,16000,16,23.5,,,,,
86896MD01_016K_M04_multi_20180811_234500Z.aif,2018_UnivMD_Maryland_86896_Dep01_20180711,dutyCycle,2018-08-11T23:50:53.411Z,\\Repnas\w\projects\2018_UnivMD_Maryland_86896\86896_MD01_20180711\86896_MD01_AIFF\86896MD01_016K_M04_multi_20180811\86896MD01_016K_M04_multi_20180811_234500Z.aif,FALSE,,audio/aif,16000,16,23.5,,,,,
86896MD01_016K_M04_multi_20180812_124500Z.aif,2018_UnivMD_Maryland_86896_Dep01_20180711,dutyCycle,2018-08-12T12:52:11.996Z,\\Repnas\w\projects\2018_UnivMD_Maryland_86896\86896_MD01_20180711\86896_MD01_AIFF\86896MD01_016K_M04_multi_20180812\86896MD01_016K_M04_multi_20180812_124500Z.aif,FALSE,,audio/aif,16000,16,23.5,,,,,
86896MD01_016K_M04_multi_20180812_130000Z.aif,2018_UnivMD_Maryland_86896_Dep01_20180711,dutyCycle,2018-08-12T13:13:08.820Z,\\Repnas\w\projects\2018_UnivMD_Maryland_86896\86896_MD01_20180711\86896_MD01_AIFF\86896MD01_016K_M04_multi_20180812\86896MD01_016K_M04_multi_20180812_130000Z.aif,FALSE,,audio/aif,16000,16,23.5,,,,,
86896MD01_016K_M04_multi_20180813_090000Z.aif,2018_UnivMD_Maryland_86896_Dep01_20180711,dutyCycle,2018-08-13T09:13:30.835Z,\\Repnas\w\projects\2018_UnivMD_Maryland_86896\86896_MD01_20180711\86896_MD01_AIFF\86896MD01_016K_M04_multi_20180813\86896MD01_016K_M04_multi_20180813_090000Z.aif,FALSE,,audio/aif,16000,16,23.5,,,,,
86896MD01_016K_M04_multi_20180813_211500Z.aif,2018_UnivMD_Maryland_86896_Dep01_20180711,dutyCycle,2018-08-13T21:15:04.259Z,\\Repnas\w\projects\2018_UnivMD_Maryland_86896\86896_MD01_20180711\86896_MD01_AIFF\86896MD01_016K_M04_multi_20180813\86896MD01_016K_M04_multi_20180813_211500Z.aif,FALSE,,audio/aif,16000,16,23.5,,,,,
86896MD01_016K_M04_multi_20180813_224500Z.aif,2018_UnivMD_Maryland_86896_Dep01_20180711,dutyCycle,2018-08-13T22:46:41.532Z,\\Repnas\w\projects\2018_UnivMD_Maryland_86896\86896_MD01_20180711\86896_MD01_AIFF\86896MD01_016K_M04_multi_20180813\86896MD01_016K_M04_multi_20180813_224500Z.aif,FALSE,,audio/aif,16000,16,23.5,,,,,
86896MD01_016K_M04_multi_20180813_234500Z.aif,2018_UnivMD_Maryland_86896_Dep01_20180711,dutyCycle,2018-08-13T23:46:02.371Z,\\Repnas\w\projects\2018_UnivMD_Maryland_86896\86896_MD01_20180711\86896_MD01_AIFF\86896MD01_016K_M04_multi_20180813\86896MD01_016K_M04_multi_20180813_234500Z.aif,FALSE,,audio/aif,16000,16,23.5,,,,,
86896MD01_016K_M04_multi_20180814_041500Z.aif,2018_UnivMD_Maryland_86896_Dep01_20180711,dutyCycle,2018-08-14T04:22:49.875Z,\\Repnas\w\projects\2018_UnivMD_Maryland_86896\86896_MD01_20180711\86896_MD01_AIFF\86896MD01_016K_M04_multi_20180814\86896MD01_016K_M04_multi_20180814_041500Z.aif,FALSE,,audio/aif,16000,16,23.5,,,,,
86896MD01_016K_M04_multi_20180814_093000Z.aif,2018_UnivMD_Maryland_86896_Dep01_20180711,dutyCycle,2018-08-14T09:31:36.667Z,\\Repnas\w\projects\2018_UnivMD_Maryland_86896\86896_MD01_20180711\86896_MD01_AIFF\86896MD01_016K_M04_multi_20180814\86896MD01_016K_M04_multi_20180814_093000Z.aif,FALSE,,audio/aif,16000,16,23.5,,,,,
86896MD01_016K_M04_multi_20180814_094500Z.aif,2018_UnivMD_Maryland_86896_Dep01_20180711,dutyCycle,2018-08-14T09:47:45.779Z,\\Repnas\w\projects\2018_UnivMD_Maryland_86896\86896_MD01_20180711\86896_MD01_AIFF\86896MD01_016K_M04_multi_20180814\86896MD01_016K_M04_multi_20180814_094500Z.aif,FALSE,,audio/aif,16000,16,23.5,,,,,
86896MD01_016K_M04_multi_20180814_141500Z.aif,2018_UnivMD_Maryland_86896_Dep01_20180711,dutyCycle,2018-08-14T14:22:58.690Z,\\Repnas\w\projects\2018_UnivMD_Maryland_86896\86896_MD01_20180711\86896_MD01_AIFF\86896MD01_016K_M04_multi_20180814\86896MD01_016K_M04_multi_20180814_141500Z.aif,FALSE,,audio/aif,16000,16,23.5,,,,,
86896MD01_016K_M04_multi_20180814_141500Z.aif,2018_UnivMD_Maryland_86896_Dep01_20180711,dutyCycle,2018-08-14T14:20:44.562Z,\\Repnas\w\projects\2018_UnivMD_Maryland_86896\86896_MD01_20180711\86896_MD01_AIFF\86896MD01_016K_M04_multi_20180814\86896MD01_016K_M04_multi_20180814_141500Z.aif,FALSE,,audio/aif,16000,16,23.5,,,,,
86896MD01_016K_M04_multi_20180814_143000Z.aif,2018_UnivMD_Maryland_86896_Dep01_20180711,dutyCycle,2018-08-14T14:39:52.091Z,\\Repnas\w\projects\2018_UnivMD_Maryland_86896\86896_MD01_20180711\86896_MD01_AIFF\86896MD01_016K_M04_multi_20180814\86896MD01_016K_M04_multi_20180814_143000Z.aif,FALSE,,audio/aif,16000,16,23.5,,,,,
86896MD01_016K_M04_multi_20180814_143000Z.aif,2018_UnivMD_Maryland_86896_Dep01_20180711,dutyCycle,2018-08-14T14:35:40.467Z,\\Repnas\w\projects\2018_UnivMD_Maryland_86896\86896_MD01_20180711\86896_MD01_AIFF\86896MD01_016K_M04_multi_20180814\86896MD01_016K_M04_multi_20180814_143000Z.aif,FALSE,,audio/aif,16000,16,23.5,,,,,
86896MD01_016K_M04_multi_20180814_150000Z.aif,2018_UnivMD_Maryland_86896_Dep01_20180711,dutyCycle,2018-08-14T15:01:00.434Z,\\Repnas\w\projects\2018_UnivMD_Maryland_86896\86896_MD01_20180711\86896_MD01_AIFF\86896MD01_016K_M04_multi_20180814\86896MD01_016K_M04_multi_20180814_150000Z.aif,FALSE,,audio/aif,16000,16,23.5,,,,,
86896MD01_016K_M04_multi_20180814_181500Z.aif,2018_UnivMD_Maryland_86896_Dep01_20180711,dutyCycle,2018-08-14T18:24:02.572Z,\\Repnas\w\projects\2018_UnivMD_Maryland_86896\86896_MD01_20180711\86896_MD01_AIFF\86896MD01_016K_M04_multi_20180814\86896MD01_016K_M04_multi_20180814_181500Z.aif,FALSE,,audio/aif,16000,16,23.5,,,,,
86896MD01_016K_M04_multi_20180815_010000Z.aif,2018_UnivMD_Maryland_86896_Dep01_20180711,dutyCycle,2018-08-15T01:07:21.467Z,\\Repnas\w\projects\2018_UnivMD_Maryland_86896\86896_MD01_20180711\86896_MD01_AIFF\86896MD01_016K_M04_multi_20180815\86896MD01_016K_M04_multi_20180815_010000Z.aif,FALSE,,audio/aif,16000,16,23.5,,,,,
86896MD01_016K_M04_multi_20180815_011500Z.aif,2018_UnivMD_Maryland_86896_Dep01_20180711,dutyCycle,2018-08-15T01:27:20.187Z,\\Repnas\w\projects\2018_UnivMD_Maryland_86896\86896_MD01_20180711\86896_MD01_AIFF\86896MD01_016K_M04_multi_20180815\86896MD01_016K_M04_multi_20180815_011500Z.aif,FALSE,,audio/aif,16000,16,23.5,,,,,
86896MD01_016K_M04_multi_20180815_021500Z.aif,2018_UnivMD_Maryland_86896_Dep01_20180711,dutyCycle,2018-08-15T02:20:05.539Z,\\Repnas\w\projects\2018_UnivMD_Maryland_86896\86896_MD01_20180711\86896_MD01_AIFF\86896MD01_016K_M04_multi_20180815\86896MD01_016K_M04_multi_20180815_021500Z.aif,FALSE,,audio/aif,16000,16,23.5,,,,,
86896MD01_016K_M04_multi_20180815_021500Z.aif,2018_UnivMD_Maryland_86896_Dep01_20180711,dutyCycle,2018-08-15T02:29:36.875Z,\\Repnas\w\projects\2018_UnivMD_Maryland_86896\86896_MD01_20180711\86896_MD01_AIFF\86896MD01_016K_M04_multi_20180815\86896MD01_016K_M04_multi_20180815_021500Z.aif,FALSE,,audio/aif,16000,16,23.5,,,,,
86896MD01_016K_M04_multi_20180815_021500Z.aif,2018_UnivMD_Maryland_86896_Dep01_20180711,dutyCycle,2018-08-15T02:19:36.619Z,\\Repnas\w\projects\2018_UnivMD_Maryland_86896\86896_MD01_20180711\86896_MD01_AIFF\86896MD01_016K_M04_multi_20180815\86896MD01_016K_M04_multi_20180815_021500Z.aif,FALSE,,audio/aif,16000,16,23.5,,,,,
86896MD01_016K_M04_multi_20180815_023000Z.aif,2018_UnivMD_Maryland_86896_Dep01_20180711,dutyCycle,2018-08-15T02:34:33.547Z,\\Repnas\w\projects\2018_UnivMD_Maryland_86896\86896_MD01_20180711\86896_MD01_AIFF\86896MD01_016K_M04_multi_20180815\86896MD01_016K_M04_multi_20180815_023000Z.aif,FALSE,,audio/aif,16000,16,23.5,,,,,
86896MD01_016K_M04_multi_20180815_030000Z.aif,2018_UnivMD_Maryland_86896_Dep01_20180711,dutyCycle,2018-08-15T03:02:33.492Z,\\Repnas\w\projects\2018_UnivMD_Maryland_86896\86896_MD01_20180711\86896_MD01_AIFF\86896MD01_016K_M04_multi_20180815\86896MD01_016K_M04_multi_20180815_030000Z.aif,FALSE,,audio/aif,16000,16,23.5,,,,,
86896MD01_016K_M04_multi_20180815_154500Z.aif,2018_UnivMD_Maryland_86896_Dep01_20180711,dutyCycle,2018-08-15T15:49:11.788Z,\\Repnas\w\projects\2018_UnivMD_Maryland_86896\86896_MD01_20180711\86896_MD01_AIFF\86896MD01_016K_M04_multi_20180815\86896MD01_016K_M04_multi_20180815_154500Z.aif,FALSE,,audio/aif,16000,16,23.5,,,,,
86896MD01_016K_M04_multi_20180815_211500Z.aif,2018_UnivMD_Maryland_86896_Dep01_20180711,dutyCycle,2018-08-15T21:19:46.203Z,\\Repnas\w\projects\2018_UnivMD_Maryland_86896\86896_MD01_20180711\86896_MD01_AIFF\86896MD01_016K_M04_multi_20180815\86896MD01_016K_M04_multi_20180815_211500Z.aif,FALSE,,audio/aif,16000,16,23.5,,,,,
86896MD01_016K_M04_multi_20180815_214500Z.aif,2018_UnivMD_Maryland_86896_Dep01_20180711,dutyCycle,2018-08-15T21:59:34.683Z,\\Repnas\w\projects\2018_UnivMD_Maryland_86896\86896_MD01_20180711\86896_MD01_AIFF\86896MD01_016K_M04_multi_20180815\86896MD01_016K_M04_multi_20180815_214500Z.aif,FALSE,,audio/aif,16000,16,23.5,,,,,
86896MD01_016K_M04_multi_20180816_011500Z.aif,2018_UnivMD_Maryland_86896_Dep01_20180711,dutyCycle,2018-08-16T01:26:05.444Z,\\Repnas\w\projects\2018_UnivMD_Maryland_86896\86896_MD01_20180711\86896_MD01_AIFF\86896MD01_016K_M04_multi_20180816\86896MD01_016K_M04_multi_20180816_011500Z.aif,FALSE,,audio/aif,16000,16,23.5,,,,,
86896MD01_016K_M04_multi_20180816_021500Z.aif,2018_UnivMD_Maryland_86896_Dep01_20180711,dutyCycle,2018-08-16T02:23:02.531Z,\\Repnas\w\projects\2018_UnivMD_Maryland_86896\86896_MD01_20180711\86896_MD01_AIFF\86896MD01_016K_M04_multi_20180816\86896MD01_016K_M04_multi_20180816_021500Z.aif,FALSE,,audio/aif,16000,16,23.5,,,,,
86896MD01_016K_M04_multi_20180816_043000Z.aif,2018_UnivMD_Maryland_86896_Dep01_20180711,dutyCycle,2018-08-16T04:32:16.860Z,\\Repnas\w\projects\2018_UnivMD_Maryland_86896\86896_MD01_20180711\86896_MD01_AIFF\86896MD01_016K_M04_multi_20180816\86896MD01_016K_M04_multi_20180816_043000Z.aif,FALSE,,audio/aif,16000,16,23.5,,,,,
86896MD01_016K_M04_multi_20180816_090000Z.aif,2018_UnivMD_Maryland_86896_Dep01_20180711,dutyCycle,2018-08-16T09:07:21.980Z,\\Repnas\w\projects\2018_UnivMD_Maryland_86896\86896_MD01_20180711\86896_MD01_AIFF\86896MD01_016K_M04_multi_20180816\86896MD01_016K_M04_multi_20180816_090000Z.aif,FALSE,,audio/aif,16000,16,23.5,,,,,
86896MD01_016K_M04_multi_20180816_114500Z.aif,2018_UnivMD_Maryland_86896_Dep01_20180711,dutyCycle,2018-08-16T11:59:26.491Z,\\Repnas\w\projects\2018_UnivMD_Maryland_86896\86896_MD01_20180711\86896_MD01_AIFF\86896MD01_016K_M04_multi_20180816\86896MD01_016K_M04_multi_20180816_114500Z.aif,FALSE,,audio/aif,16000,16,23.5,,,,,
86896MD01_016K_M04_multi_20180816_143000Z.aif,2018_UnivMD_Maryland_86896_Dep01_20180711,dutyCycle,2018-08-16T14:30:02.375Z,\\Repnas\w\projects\2018_UnivMD_Maryland_86896\86896_MD01_20180711\86896_MD01_AIFF\86896MD01_016K_M04_multi_20180816\86896MD01_016K_M04_multi_20180816_143000Z.aif,FALSE,,audio/aif,16000,16,23.5,,,,,
86896MD01_016K_M04_multi_20180816_174500Z.aif,2018_UnivMD_Maryland_86896_Dep01_20180711,dutyCycle,2018-08-16T17:57:29.139Z,\\Repnas\w\projects\2018_UnivMD_Maryland_86896\86896_MD01_20180711\86896_MD01_AIFF\86896MD01_016K_M04_multi_20180816\86896MD01_016K_M04_multi_20180816_174500Z.aif,FALSE,,audio/aif,16000,16,23.5,,,,,
86896MD01_016K_M04_multi_20180816_191500Z.aif,2018_UnivMD_Maryland_86896_Dep01_20180711,dutyCycle,2018-08-16T19:16:15.164Z,\\Repnas\w\projects\2018_UnivMD_Maryland_86896\86896_MD01_20180711\86896_MD01_AIFF\86896MD01_016K_M04_multi_20180816\86896MD01_016K_M04_multi_20180816_191500Z.aif,FALSE,,audio/aif,16000,16,23.5,,,,,
86896MD01_016K_M04_multi_20180816_193000Z.aif,2018_UnivMD_Maryland_86896_Dep01_20180711,dutyCycle,2018-08-16T19:40:36.259Z,\\Repnas\w\projects\2018_UnivMD_Maryland_86896\86896_MD01_20180711\86896_MD01_AIFF\86896MD01_016K_M04_multi_20180816\86896MD01_016K_M04_multi_20180816_193000Z.aif,FALSE,,audio/aif,16000,16,23.5,,,,,
86896MD01_016K_M04_multi_20180816_193000Z.aif,2018_UnivMD_Maryland_86896_Dep01_20180711,dutyCycle,2018-08-16T19:38:50.796Z,\\Repnas\w\projects\2018_UnivMD_Maryland_86896\86896_MD01_20180711\86896_MD01_AIFF\86896MD01_016K_M04_multi_20180816\86896MD01_016K_M04_multi_20180816_193000Z.aif,FALSE,,audio/aif,16000,16,23.5,,,,,
86896MD01_016K_M04_multi_20180816_194500Z.aif,2018_UnivMD_Maryland_86896_Dep01_20180711,dutyCycle,2018-08-16T19:47:11.996Z,\\Repnas\w\projects\2018_UnivMD_Maryland_86896\86896_MD01_20180711\86896_MD01_AIFF\86896MD01_016K_M04_multi_20180816\86896MD01_016K_M04_multi_20180816_194500Z.aif,FALSE,,audio/aif,16000,16,23.5,,,,,
86896MD01_016K_M04_multi_20180817_011500Z.aif,2018_UnivMD_Maryland_86896_Dep01_20180711,dutyCycle,2018-08-17T01:17:04.059Z,\\Repnas\w\projects\2018_UnivMD_Maryland_86896\86896_MD01_20180711\86896_MD01_AIFF\86896MD01_016K_M04_multi_20180817\86896MD01_016K_M04_multi_20180817_011500Z.aif,FALSE,,audio/aif,16000,16,23.5,,,,,
86896MD01_016K_M04_multi_20180817_021500Z.aif,2018_UnivMD_Maryland_86896_Dep01_20180711,dutyCycle,2018-08-17T02:23:14.707Z,\\Repnas\w\projects\2018_UnivMD_Maryland_86896\86896_MD01_20180711\86896_MD01_AIFF\86896MD01_016K_M04_multi_20180817\86896MD01_016K_M04_multi_20180817_021500Z.aif,FALSE,,audio/aif,16000,16,23.5,,,,,
86896MD01_016K_M04_multi_20180817_061500Z.aif,2018_UnivMD_Maryland_86896_Dep01_20180711,dutyCycle,2018-08-17T06:17:47.572Z,\\Repnas\w\projects\2018_UnivMD_Maryland_86896\86896_MD01_20180711\86896_MD01_AIFF\86896MD01_016K_M04_multi_20180817\86896MD01_016K_M04_multi_20180817_061500Z.aif,FALSE,,audio/aif,16000,16,23.5,,,,,
86896MD01_016K_M04_multi_20180817_084500Z.aif,2018_UnivMD_Maryland_86896_Dep01_20180711,dutyCycle,2018-08-17T08:57:53.203Z,\\Repnas\w\projects\2018_UnivMD_Maryland_86896\86896_MD01_20180711\86896_MD01_AIFF\86896MD01_016K_M04_multi_20180817\86896MD01_016K_M04_multi_20180817_084500Z.aif,FALSE,,audio/aif,16000,16,23.5,,,,,
86896MD01_016K_M04_multi_20180817_121500Z.aif,2018_UnivMD_Maryland_86896_Dep01_20180711,dutyCycle,2018-08-17T12:19:12.812Z,\\Repnas\w\projects\2018_UnivMD_Maryland_86896\86896_MD01_20180711\86896_MD01_AIFF\86896MD01_016K_M04_multi_20180817\86896MD01_016K_M04_multi_20180817_121500Z.aif,FALSE,,audio/aif,16000,16,23.5,,,,,
86896MD01_016K_M04_multi_20180817_213000Z.aif,2018_UnivMD_Maryland_86896_Dep01_20180711,dutyCycle,2018-08-17T21:30:44.707Z,\\Repnas\w\projects\2018_UnivMD_Maryland_86896\86896_MD01_20180711\86896_MD01_AIFF\86896MD01_016K_M04_multi_20180817\86896MD01_016K_M04_multi_20180817_213000Z.aif,FALSE,,audio/aif,16000,16,23.5,,,,,
86896MD01_016K_M04_multi_20180817_214500Z.aif,2018_UnivMD_Maryland_86896_Dep01_20180711,dutyCycle,2018-08-17T21:53:04.467Z,\\Repnas\w\projects\2018_UnivMD_Maryland_86896\86896_MD01_20180711\86896_MD01_AIFF\86896MD01_016K_M04_multi_20180817\86896MD01_016K_M04_multi_20180817_214500Z.aif,FALSE,,audio/aif,16000,16,23.5,,,,,
86896MD01_016K_M04_multi_20180817_224500Z.aif,2018_UnivMD_Maryland_86896_Dep01_20180711,dutyCycle,2018-08-17T22:49:46.348Z,\\Repnas\w\projects\2018_UnivMD_Maryland_86896\86896_MD01_20180711\86896_MD01_AIFF\86896MD01_016K_M04_multi_20180817\86896MD01_016K_M04_multi_20180817_224500Z.aif,FALSE,,audio/aif,16000,16,23.5,,,,,
86896MD01_016K_M04_multi_20180817_224500Z.aif,2018_UnivMD_Maryland_86896_Dep01_20180711,dutyCycle,2018-08-17T22:49:53.516Z,\\Repnas\w\projects\2018_UnivMD_Maryland_86896\86896_MD01_20180711\86896_MD01_AIFF\86896MD01_016K_M04_multi_20180817\86896MD01_016K_M04_multi_20180817_224500Z.aif,FALSE,,audio/aif,16000,16,23.5,,,,,
86896MD01_016K_M04_multi_20180817_230000Z.aif,2018_UnivMD_Maryland_86896_Dep01_20180711,dutyCycle,2018-08-17T23:02:09.691Z,\\Repnas\w\projects\2018_UnivMD_Maryland_86896\86896_MD01_20180711\86896_MD01_AIFF\86896MD01_016K_M04_multi_20180817\86896MD01_016K_M04_multi_20180817_230000Z.aif,FALSE,,audio/aif,16000,16,23.5,,,,,
86896MD01_016K_M04_multi_20180817_230000Z.aif,2018_UnivMD_Maryland_86896_Dep01_20180711,dutyCycle,2018-08-17T23:08:04.211Z,\\Repnas\w\projects\2018_UnivMD_Maryland_86896\86896_MD01_20180711\86896_MD01_AIFF\86896MD01_016K_M04_multi_20180817\86896MD01_016K_M04_multi_20180817_230000Z.aif,FALSE,,audio/aif,16000,16,23.5,,,,,
86896MD01_016K_M04_multi_20180817_231500Z.aif,2018_UnivMD_Maryland_86896_Dep01_20180711,dutyCycle,2018-08-17T23:21:32.572Z,\\Repnas\w\projects\2018_UnivMD_Maryland_86896\86896_MD01_20180711\86896_MD01_AIFF\86896MD01_016K_M04_multi_20180817\86896MD01_016K_M04_multi_20180817_231500Z.aif,FALSE,,audio/aif,16000,16,23.5,,,,,
86896MD01_016K_M04_multi_20180817_231500Z.aif,2018_UnivMD_Maryland_86896_Dep01_20180711,dutyCycle,2018-08-17T23:20:35.748Z,\\Repnas\w\projects\2018_UnivMD_Maryland_86896\86896_MD01_20180711\86896_MD01_AIFF\86896MD01_016K_M04_multi_20180817\86896MD01_016K_M04_multi_20180817_231500Z.aif,FALSE,,audio/aif,16000,16,23.5,,,,,
86896MD01_016K_M04_multi_20180817_233000Z.aif,2018_UnivMD_Maryland_86896_Dep01_20180711,dutyCycle,2018-08-17T23:34:24.075Z,\\Repnas\w\projects\2018_UnivMD_Maryland_86896\86896_MD01_20180711\86896_MD01_AIFF\86896MD01_016K_M04_multi_20180817\86896MD01_016K_M04_multi_20180817_233000Z.aif,FALSE,,audio/aif,16000,16,23.5,,,,,
86896MD01_016K_M04_multi_20180817_234500Z.aif,2018_UnivMD_Maryland_86896_Dep01_20180711,dutyCycle,2018-08-17T23:46:20.027Z,\\Repnas\w\projects\2018_UnivMD_Maryland_86896\86896_MD01_20180711\86896_MD01_AIFF\86896MD01_016K_M04_multi_20180817\86896MD01_016K_M04_multi_20180817_234500Z.aif,FALSE,,audio/aif,16000,16,23.5,,,,,
86896MD01_016K_M04_multi_20180818_000000Z.aif,2018_UnivMD_Maryland_86896_Dep01_20180711,dutyCycle,2018-08-18T00:10:22.691Z,\\Repnas\w\projects\2018_UnivMD_Maryland_86896\86896_MD01_20180711\86896_MD01_AIFF\86896MD01_016K_M04_multi_20180818\86896MD01_016K_M04_multi_20180818_000000Z.aif,FALSE,,audio/aif,16000,16,23.5,,,,,
86896MD01_016K_M04_multi_20180818_014500Z.aif,2018_UnivMD_Maryland_86896_Dep01_20180711,dutyCycle,2018-08-18T01:48:38.003Z,\\Repnas\w\projects\2018_UnivMD_Maryland_86896\86896_MD01_20180711\86896_MD01_AIFF\86896MD01_016K_M04_multi_20180818\86896MD01_016K_M04_multi_20180818_014500Z.aif,FALSE,,audio/aif,16000,16,23.5,,,,,
86896MD01_016K_M04_multi_20180818_014500Z.aif,2018_UnivMD_Maryland_86896_Dep01_20180711,dutyCycle,2018-08-18T01:54:48.395Z,\\Repnas\w\projects\2018_UnivMD_Maryland_86896\86896_MD01_20180711\86896_MD01_AIFF\86896MD01_016K_M04_multi_20180818\86896MD01_016K_M04_multi_20180818_014500Z.aif,FALSE,,audio/aif,16000,16,23.5,,,,,
86896MD01_016K_M04_multi_20180818_014500Z.aif,2018_UnivMD_Maryland_86896_Dep01_20180711,dutyCycle,2018-08-18T01:46:49.723Z,\\Repnas\w\projects\2018_UnivMD_Maryland_86896\86896_MD01_20180711\86896_MD01_AIFF\86896MD01_016K_M04_multi_20180818\86896MD01_016K_M04_multi_20180818_014500Z.aif,FALSE,,audio/aif,16000,16,23.5,,,,,
86896MD01_016K_M04_multi_20180818_014500Z.aif,2018_UnivMD_Maryland_86896_Dep01_20180711,dutyCycle,2018-08-18T01:48:12.148Z,\\Repnas\w\projects\2018_UnivMD_Maryland_86896\86896_MD01_20180711\86896_MD01_AIFF\86896MD01_016K_M04_multi_20180818\86896MD01_016K_M04_multi_20180818_014500Z.aif,FALSE,,audio/aif,16000,16,23.5,,,,,
86896MD01_016K_M04_multi_20180818_020000Z.aif,2018_UnivMD_Maryland_86896_Dep01_20180711,dutyCycle,2018-08-18T02:09:49.932Z,\\Repnas\w\projects\2018_UnivMD_Maryland_86896\86896_MD01_20180711\86896_MD01_AIFF\86896MD01_016K_M04_multi_20180818\86896MD01_016K_M04_multi_20180818_020000Z.aif,FALSE,,audio/aif,16000,16,23.5,,,,,
86896MD01_016K_M04_multi_20180818_020000Z.aif,2018_UnivMD_Maryland_86896_Dep01_20180711,dutyCycle,2018-08-18T02:00:47.012Z,\\Repnas\w\projects\2018_UnivMD_Maryland_86896\86896_MD01_20180711\86896_MD01_AIFF\86896MD01_016K_M04_multi_20180818\86896MD01_016K_M04_multi_20180818_020000Z.aif,FALSE,,audio/aif,16000,16,23.5,,,,,
86896MD01_016K_M04_multi_20180818_021500Z.aif,2018_UnivMD_Maryland_86896_Dep01_20180711,dutyCycle,2018-08-18T02:18:56.539Z,\\Repnas\w\projects\2018_UnivMD_Maryland_86896\86896_MD01_20180711\86896_MD01_AIFF\86896MD01_016K_M04_multi_20180818\86896MD01_016K_M04_multi_20180818_021500Z.aif,FALSE,,audio/aif,16000,16,23.5,,,,,
86896MD01_016K_M04_multi_20180818_033000Z.aif,2018_UnivMD_Maryland_86896_Dep01_20180711,dutyCycle,2018-08-18T03:42:00.731Z,\\Repnas\w\projects\2018_UnivMD_Maryland_86896\86896_MD01_20180711\86896_MD01_AIFF\86896MD01_016K_M04_multi_20180818\86896MD01_016K_M04_multi_20180818_033000Z.aif,FALSE,,audio/aif,16000,16,23.5,,,,,
86896MD01_016K_M04_multi_20180818_033000Z.aif,2018_UnivMD_Maryland_86896_Dep01_20180711,dutyCycle,2018-08-18T03:35:16.803Z,\\Repnas\w\projects\2018_UnivMD_Maryland_86896\86896_MD01_20180711\86896_MD01_AIFF\86896MD01_016K_M04_multi_20180818\86896MD01_016K_M04_multi_20180818_033000Z.aif,FALSE,,audio/aif,16000,16,23.5,,,,,
86896MD01_016K_M04_multi_20180818_034500Z.aif,2018_UnivMD_Maryland_86896_Dep01_20180711,dutyCycle,2018-08-18T03:52:10.203Z,\\Repnas\w\projects\2018_UnivMD_Maryland_86896\86896_MD01_20180711\86896_MD01_AIFF\86896MD01_016K_M04_multi_20180818\86896MD01_016K_M04_multi_20180818_034500Z.aif,FALSE,,audio/aif,16000,16,23.5,,,,,
86896MD01_016K_M04_multi_20180818_034500Z.aif,2018_UnivMD_Maryland_86896_Dep01_20180711,dutyCycle,2018-08-18T03:50:18.851Z,\\Repnas\w\projects\2018_UnivMD_Maryland_86896\86896_MD01_20180711\86896_MD01_AIFF\86896MD01_016K_M04_multi_20180818\86896MD01_016K_M04_multi_20180818_034500Z.aif,FALSE,,audio/aif,16000,16,23.5,,,,,
86896MD01_016K_M04_multi_20180818_040000Z.aif,2018_UnivMD_Maryland_86896_Dep01_20180711,dutyCycle,2018-08-18T04:02:14.044Z,\\Repnas\w\projects\2018_UnivMD_Maryland_86896\86896_MD01_20180711\86896_MD01_AIFF\86896MD01_016K_M04_multi_20180818\86896MD01_016K_M04_multi_20180818_040000Z.aif,FALSE,,audio/aif,16000,16,23.5,,,,,
86896MD01_016K_M04_multi_20180818_041500Z.aif,2018_UnivMD_Maryland_86896_Dep01_20180711,dutyCycle,2018-08-18T04:24:50.955Z,\\Repnas\w\projects\2018_UnivMD_Maryland_86896\86896_MD01_20180711\86896_MD01_AIFF\86896MD01_016K_M04_multi_20180818\86896MD01_016K_M04_multi_20180818_041500Z.aif,FALSE,,audio/aif,16000,16,23.5,,,,,
86896MD01_016K_M04_multi_20180818_051500Z.aif,2018_UnivMD_Maryland_86896_Dep01_20180711,dutyCycle,2018-08-18T05:28:24.435Z,\\Repnas\w\projects\2018_UnivMD_Maryland_86896\86896_MD01_20180711\86896_MD01_AIFF\86896MD01_016K_M04_multi_20180818\86896MD01_016K_M04_multi_20180818_051500Z.aif,FALSE,,audio/aif,16000,16,23.5,,,,,
86896MD01_016K_M04_multi_20180818_054500Z.aif,2018_UnivMD_Maryland_86896_Dep01_20180711,dutyCycle,2018-08-18T05:58:26.648Z,\\Repnas\w\projects\2018_UnivMD_Maryland_86896\86896_MD01_20180711\86896_MD01_AIFF\86896MD01_016K_M04_multi_20180818\86896MD01_016K_M04_multi_20180818_054500Z.aif,FALSE,,audio/aif,16000,16,23.5,,,,,
86896MD01_016K_M04_multi_20180818_060000Z.aif,2018_UnivMD_Maryland_86896_Dep01_20180711,dutyCycle,2018-08-18T06:05:28.579Z,\\Repnas\w\projects\2018_UnivMD_Maryland_86896\86896_MD01_20180711\86896_MD01_AIFF\86896MD01_016K_M04_multi_20180818\86896MD01_016K_M04_multi_20180818_060000Z.aif,FALSE,,audio/aif,16000,16,23.5,,,,,
86896MD01_016K_M04_multi_20180818_060000Z.aif,2018_UnivMD_Maryland_86896_Dep01_20180711,dutyCycle,2018-08-18T06:08:07.703Z,\\Repnas\w\projects\2018_UnivMD_Maryland_86896\86896_MD01_20180711\86896_MD01_AIFF\86896MD01_016K_M04_multi_20180818\86896MD01_016K_M04_multi_20180818_060000Z.aif,FALSE,,audio/aif,16000,16,23.5,,,,,
86896MD01_016K_M04_multi_20180818_060000Z.aif,2018_UnivMD_Maryland_86896_Dep01_20180711,dutyCycle,2018-08-18T06:06:33.084Z,\\Repnas\w\projects\2018_UnivMD_Maryland_86896\86896_MD01_20180711\86896_MD01_AIFF\86896MD01_016K_M04_multi_20180818\86896MD01_016K_M04_multi_20180818_060000Z.aif,FALSE,,audio/aif,16000,16,23.5,,,,,
86896MD01_016K_M04_multi_20180818_060000Z.aif,2018_UnivMD_Maryland_86896_Dep01_20180711,dutyCycle,2018-08-18T06:09:28.427Z,\\Repnas\w\projects\2018_UnivMD_Maryland_86896\86896_MD01_20180711\86896_MD01_AIFF\86896MD01_016K_M04_multi_20180818\86896MD01_016K_M04_multi_20180818_060000Z.aif,FALSE,,audio/aif,16000,16,23.5,,,,,
86896MD01_016K_M04_multi_20180818_060000Z.aif,2018_UnivMD_Maryland_86896_Dep01_20180711,dutyCycle,2018-08-18T06:02:47.059Z,\\Repnas\w\projects\2018_UnivMD_Maryland_86896\86896_MD01_20180711\86896_MD01_AIFF\86896MD01_016K_M04_multi_20180818\86896MD01_016K_M04_multi_20180818_060000Z.aif,FALSE,,audio/aif,16000,16,23.5,,,,,
86896MD01_016K_M04_multi_20180818_060000Z.aif,2018_UnivMD_Maryland_86896_Dep01_20180711,dutyCycle,2018-08-18T06:01:03.651Z,\\Repnas\w\projects\2018_UnivMD_Maryland_86896\86896_MD01_20180711\86896_MD01_AIFF\86896MD01_016K_M04_multi_20180818\86896MD01_016K_M04_multi_20180818_060000Z.aif,FALSE,,audio/aif,16000,16,23.5,,,,,
86896MD01_016K_M04_multi_20180818_073000Z.aif,2018_UnivMD_Maryland_86896_Dep01_20180711,dutyCycle,2018-08-18T07:32:46.547Z,\\Repnas\w\projects\2018_UnivMD_Maryland_86896\86896_MD01_20180711\86896_MD01_AIFF\86896MD01_016K_M04_multi_20180818\86896MD01_016K_M04_multi_20180818_073000Z.aif,FALSE,,audio/aif,16000,16,23.5,,,,,
86896MD01_016K_M04_multi_20180818_073000Z.aif,2018_UnivMD_Maryland_86896_Dep01_20180711,dutyCycle,2018-08-18T07:33:04.467Z,\\Repnas\w\projects\2018_UnivMD_Maryland_86896\86896_MD01_20180711\86896_MD01_AIFF\86896MD01_016K_M04_multi_20180818\86896MD01_016K_M04_multi_20180818_073000Z.aif,FALSE,,audio/aif,16000,16,23.5,,,,,
86896MD01_016K_M04_multi_20180818_083000Z.aif,2018_UnivMD_Maryland_86896_Dep01_20180711,dutyCycle,2018-08-18T08:38:19.828Z,\\Repnas\w\projects\2018_UnivMD_Maryland_86896\86896_MD01_20180711\86896_MD01_AIFF\86896MD01_016K_M04_multi_20180818\86896MD01_016K_M04_multi_20180818_083000Z.aif,FALSE,,audio/aif,16000,16,23.5,,,,,
86896MD01_016K_M04_multi_20180818_083000Z.aif,2018_UnivMD_Maryland_86896_Dep01_20180711,dutyCycle,2018-08-18T08:36:15.420Z,\\Repnas\w\projects\2018_UnivMD_Maryland_86896\86896_MD01_20180711\86896_MD01_AIFF\86896MD01_016K_M04_multi_20180818\86896MD01_016K_M04_multi_20180818_083000Z.aif,FALSE,,audio/aif,16000,16,23.5,,,,,
86896MD01_016K_M04_multi_20180818_084500Z.aif,2018_UnivMD_Maryland_86896_Dep01_20180711,dutyCycle,2018-08-18T08:47:57.044Z,\\Repnas\w\projects\2018_UnivMD_Maryland_86896\86896_MD01_20180711\86896_MD01_AIFF\86896MD01_016K_M04_multi_20180818\86896MD01_016K_M04_multi_20180818_084500Z.aif,FALSE,,audio/aif,16000,16,23.5,,,,,
86896MD01_016K_M04_multi_20180818_084500Z.aif,2018_UnivMD_Maryland_86896_Dep01_20180711,dutyCycle,2018-08-18T08:59:54.027Z,\\Repnas\w\projects\2018_UnivMD_Maryland_86896\86896_MD01_20180711\86896_MD01_AIFF\86896MD01_016K_M04_multi_20180818\86896MD01_016K_M04_multi_20180818_084500Z.aif,FALSE,,audio/aif,16000,16,23.5,,,,,
86896MD01_016K_M04_multi_20180818_090000Z.aif,2018_UnivMD_Maryland_86896_Dep01_20180711,dutyCycle,2018-08-18T09:00:23.368Z,\\Repnas\w\projects\2018_UnivMD_Maryland_86896\86896_MD01_20180711\86896_MD01_AIFF\86896MD01_016K_M04_multi_20180818\86896MD01_016K_M04_multi_20180818_090000Z.aif,FALSE,,audio/aif,16000,16,23.5,,,,,
86896MD01_016K_M04_multi_20180818_091500Z.aif,2018_UnivMD_Maryland_86896_Dep01_20180711,dutyCycle,2018-08-18T09:27:50.039Z,\\Repnas\w\projects\2018_UnivMD_Maryland_86896\86896_MD01_20180711\86896_MD01_AIFF\86896MD01_016K_M04_multi_20180818\86896MD01_016K_M04_multi_20180818_091500Z.aif,FALSE,,audio/aif,16000,16,23.5,,,,,
86896MD01_016K_M04_multi_20180818_093000Z.aif,2018_UnivMD_Maryland_86896_Dep01_20180711,dutyCycle,2018-08-18T09:33:57.452Z,\\Repnas\w\projects\2018_UnivMD_Maryland_86896\86896_MD01_20180711\86896_MD01_AIFF\86896MD01_016K_M04_multi_20180818\86896MD01_016K_M04_multi_20180818_093000Z.aif,FALSE,,audio/aif,16000,16,23.5,,,,,
86896MD01_016K_M04_multi_20180818_093000Z.aif,2018_UnivMD_Maryland_86896_Dep01_20180711,dutyCycle,2018-08-18T09:35:30.628Z,\\Repnas\w\projects\2018_UnivMD_Maryland_86896\86896_MD01_20180711\86896_MD01_AIFF\86896MD01_016K_M04_multi_20180818\86896MD01_016K_M04_multi_20180818_093000Z.aif,FALSE,,audio/aif,16000,16,23.5,,,,,
86896MD01_016K_M04_multi_20180818_093000Z.aif,2018_UnivMD_Maryland_86896_Dep01_20180711,dutyCycle,2018-08-18T09:35:47.524Z,\\Repnas\w\projects\2018_UnivMD_Maryland_86896\86896_MD01_20180711\86896_MD01_AIFF\86896MD01_016K_M04_multi_20180818\86896MD01_016K_M04_multi_20180818_093000Z.aif,FALSE,,audio/aif,16000,16,23.5,,,,,
86896MD01_016K_M04_multi_20180818_093000Z.aif,2018_UnivMD_Maryland_86896_Dep01_20180711,dutyCycle,2018-08-18T09:31:22.751Z,\\Repnas\w\projects\2018_UnivMD_Maryland_86896\86896_MD01_20180711\86896_MD01_AIFF\86896MD01_016K_M04_multi_20180818\86896MD01_016K_M04_multi_20180818_093000Z.aif,FALSE,,audio/aif,16000,16,23.5,,,,,
86896MD01_016K_M04_multi_20180818_113000Z.aif,2018_UnivMD_Maryland_86896_Dep01_20180711,dutyCycle,2018-08-18T11:42:30.932Z,\\Repnas\w\projects\2018_UnivMD_Maryland_86896\86896_MD01_20180711\86896_MD01_AIFF\86896MD01_016K_M04_multi_20180818\86896MD01_016K_M04_multi_20180818_113000Z.aif,FALSE,,audio/aif,16000,16,23.5,,,,,
86896MD01_016K_M04_multi_20180818_113000Z.aif,2018_UnivMD_Maryland_86896_Dep01_20180711,dutyCycle,2018-08-18T11:36:45.371Z,\\Repnas\w\projects\2018_UnivMD_Maryland_86896\86896_MD01_20180711\86896_MD01_AIFF\86896MD01_016K_M04_multi_20180818\86896MD01_016K_M04_multi_20180818_113000Z.aif,FALSE,,audio/aif,16000,16,23.5,,,,,
86896MD01_016K_M04_multi_20180818_114500Z.aif,2018_UnivMD_Maryland_86896_Dep01_20180711,dutyCycle,2018-08-18T11:45:44.452Z,\\Repnas\w\projects\2018_UnivMD_Maryland_86896\86896_MD01_20180711\86896_MD01_AIFF\86896MD01_016K_M04_multi_20180818\86896MD01_016K_M04_multi_20180818_114500Z.aif,FALSE,,audio/aif,16000,16,23.5,,,,,
86896MD01_016K_M04_multi_20180818_114500Z.aif,2018_UnivMD_Maryland_86896_Dep01_20180711,dutyCycle,2018-08-18T11:46:37.179Z,\\Repnas\w\projects\2018_UnivMD_Maryland_86896\86896_MD01_20180711\86896_MD01_AIFF\86896MD01_016K_M04_multi_20180818\86896MD01_016K_M04_multi_20180818_114500Z.aif,FALSE,,audio/aif,16000,16,23.5,,,,,
86896MD01_016K_M04_multi_20180818_120000Z.aif,2018_UnivMD_Maryland_86896_Dep01_20180711,dutyCycle,2018-08-18T12:12:39.288Z,\\Repnas\w\projects\2018_UnivMD_Maryland_86896\86896_MD01_20180711\86896_MD01_AIFF\86896MD01_016K_M04_multi_20180818\86896MD01_016K_M04_multi_20180818_120000Z.aif,FALSE,,audio/aif,16000,16,23.5,,,,,
86896MD01_016K_M04_multi_20180818_120000Z.aif,2018_UnivMD_Maryland_86896_Dep01_20180711,dutyCycle,2018-08-18T12:14:26.235Z,\\Repnas\w\projects\2018_UnivMD_Maryland_86896\86896_MD01_20180711\86896_MD01_AIFF\86896MD01_016K_M04_multi_20180818\86896MD01_016K_M04_multi_20180818_120000Z.aif,FALSE,,audio/aif,16000,16,23.5,,,,,
86896MD01_016K_M04_multi_20180818_121500Z.aif,2018_UnivMD_Maryland_86896_Dep01_20180711,dutyCycle,2018-08-18T12:16:08.679Z,\\Repnas\w\projects\2018_UnivMD_Maryland_86896\86896_MD01_20180711\86896_MD01_AIFF\86896MD01_016K_M04_multi_20180818\86896MD01_016K_M04_multi_20180818_121500Z.aif,FALSE,,audio/aif,16000,16,23.5,,,,,
86896MD01_016K_M04_multi_20180818_123000Z.aif,2018_UnivMD_Maryland_86896_Dep01_20180711,dutyCycle,2018-08-18T12:43:14.963Z,\\Repnas\w\projects\2018_UnivMD_Maryland_86896\86896_MD01_20180711\86896_MD01_AIFF\86896MD01_016K_M04_multi_20180818\86896MD01_016K_M04_multi_20180818_123000Z.aif,FALSE,,audio/aif,16000,16,23.5,,,,,
86896MD01_016K_M04_multi_20180818_124500Z.aif,2018_UnivMD_Maryland_86896_Dep01_20180711,dutyCycle,2018-08-18T12:49:03.084Z,\\Repnas\w\projects\2018_UnivMD_Maryland_86896\86896_MD01_20180711\86896_MD01_AIFF\86896MD01_016K_M04_multi_20180818\86896MD01_016K_M04_multi_20180818_124500Z.aif,FALSE,,audio/aif,16000,16,23.5,,,,,
86896MD01_016K_M04_multi_20180818_124500Z.aif,2018_UnivMD_Maryland_86896_Dep01_20180711,dutyCycle,2018-08-18T12:45:01.955Z,\\Repnas\w\projects\2018_UnivMD_Maryland_86896\86896_MD01_20180711\86896_MD01_AIFF\86896MD01_016K_M04_multi_20180818\86896MD01_016K_M04_multi_20180818_124500Z.aif,FALSE,,audio/aif,16000,16,23.5,,,,,
86896MD01_016K_M04_multi_20180818_124500Z.aif,2018_UnivMD_Maryland_86896_Dep01_20180711,dutyCycle,2018-08-18T12:46:45.883Z,\\Repnas\w\projects\2018_UnivMD_Maryland_86896\86896_MD01_20180711\86896_MD01_AIFF\86896MD01_016K_M04_multi_20180818\86896MD01_016K_M04_multi_20180818_124500Z.aif,FALSE,,audio/aif,16000,16,23.5,,,,,
86896MD01_016K_M04_multi_20180818_130000Z.aif,2018_UnivMD_Maryland_86896_Dep01_20180711,dutyCycle,2018-08-18T13:07:20.608Z,\\Repnas\w\projects\2018_UnivMD_Maryland_86896\86896_MD01_20180711\86896_MD01_AIFF\86896MD01_016K_M04_multi_20180818\86896MD01_016K_M04_multi_20180818_130000Z.aif,FALSE,,audio/aif,16000,16,23.5,,,,,
86896MD01_016K_M04_multi_20180818_131500Z.aif,2018_UnivMD_Maryland_86896_Dep01_20180711,dutyCycle,2018-08-18T13:20:44.196Z,\\Repnas\w\projects\2018_UnivMD_Maryland_86896\86896_MD01_20180711\86896_MD01_AIFF\86896MD01_016K_M04_multi_20180818\86896MD01_016K_M04_multi_20180818_131500Z.aif,FALSE,,audio/aif,16000,16,23.5,,,,,
86896MD01_016K_M04_multi_20180818_134500Z.aif,2018_UnivMD_Maryland_86896_Dep01_20180711,dutyCycle,2018-08-18T13:58:11.544Z,\\Repnas\w\projects\2018_UnivMD_Maryland_86896\86896_MD01_20180711\86896_MD01_AIFF\86896MD01_016K_M04_multi_20180818\86896MD01_016K_M04_multi_20180818_134500Z.aif,FALSE,,audio/aif,16000,16,23.5,,,,,
86896MD01_016K_M04_multi_20180818_134500Z.aif,2018_UnivMD_Maryland_86896_Dep01_20180711,dutyCycle,2018-08-18T13:50:03.911Z,\\Repnas\w\projects\2018_UnivMD_Maryland_86896\86896_MD01_20180711\86896_MD01_AIFF\86896MD01_016K_M04_multi_20180818\86896MD01_016K_M04_multi_20180818_134500Z.aif,FALSE,,audio/aif,16000,16,23.5,,,,,
86896MD01_016K_M04_multi_20180818_141500Z.aif,2018_UnivMD_Maryland_86896_Dep01_20180711,dutyCycle,2018-08-18T14:17:14.975Z,\\Repnas\w\projects\2018_UnivMD_Maryland_86896\86896_MD01_20180711\86896_MD01_AIFF\86896MD01_016K_M04_multi_20180818\86896MD01_016K_M04_multi_20180818_141500Z.aif,FALSE,,audio/aif,16000,16,23.5,,,,,
86896MD01_016K_M04_multi_20180818_143000Z.aif,2018_UnivMD_Maryland_86896_Dep01_20180711,dutyCycle,2018-08-18T14:44:13.323Z,\\Repnas\w\projects\2018_UnivMD_Maryland_86896\86896_MD01_20180711\86896_MD01_AIFF\86896MD01_016K_M04_multi_20180818\86896MD01_016K_M04_multi_20180818_143000Z.aif,FALSE,,audio/aif,16000,16,23.5,,,,,
86896MD01_016K_M04_multi_20180818_143000Z.aif,2018_UnivMD_Maryland_86896_Dep01_20180711,dutyCycle,2018-08-18T14:31:09.283Z,\\Repnas\w\projects\2018_UnivMD_Maryland_86896\86896_MD01_20180711\86896_MD01_AIFF\86896MD01_016K_M04_multi_20180818\86896MD01_016K_M04_multi_20180818_143000Z.aif,FALSE,,audio/aif,16000,16,23.5,,,,,
86896MD01_016K_M04_multi_20180818_143000Z.aif,2018_UnivMD_Maryland_86896_Dep01_20180711,dutyCycle,2018-08-18T14:30:22.179Z,\\Repnas\w\projects\2018_UnivMD_Maryland_86896\86896_MD01_20180711\86896_MD01_AIFF\86896MD01_016K_M04_multi_20180818\86896MD01_016K_M04_multi_20180818_143000Z.aif,FALSE,,audio/aif,16000,16,23.5,,,,,
86896MD01_016K_M04_multi_20180818_144500Z.aif,2018_UnivMD_Maryland_86896_Dep01_20180711,dutyCycle,2018-08-18T14:45:06.308Z,\\Repnas\w\projects\2018_UnivMD_Maryland_86896\86896_MD01_20180711\86896_MD01_AIFF\86896MD01_016K_M04_multi_20180818\86896MD01_016K_M04_multi_20180818_144500Z.aif,FALSE,,audio/aif,16000,16,23.5,,,,,
86896MD01_016K_M04_multi_20180818_144500Z.aif,2018_UnivMD_Maryland_86896_Dep01_20180711,dutyCycle,2018-08-18T14:55:09.380Z,\\Repnas\w\projects\2018_UnivMD_Maryland_86896\86896_MD01_20180711\86896_MD01_AIFF\86896MD01_016K_M04_multi_20180818\86896MD01_016K_M04_multi_20180818_144500Z.aif,FALSE,,audio/aif,16000,16,23.5,,,,,
86896MD01_016K_M04_multi_20180818_150000Z.aif,2018_UnivMD_Maryland_86896_Dep01_20180711,dutyCycle,2018-08-18T15:10:12.963Z,\\Repnas\w\projects\2018_UnivMD_Maryland_86896\86896_MD01_20180711\86896_MD01_AIFF\86896MD01_016K_M04_multi_20180818\86896MD01_016K_M04_multi_20180818_150000Z.aif,FALSE,,audio/aif,16000,16,23.5,,,,,
86896MD01_016K_M04_multi_20180818_150000Z.aif,2018_UnivMD_Maryland_86896_Dep01_20180711,dutyCycle,2018-08-18T15:06:52.539Z,\\Repnas\w\projects\2018_UnivMD_Maryland_86896\86896_MD01_20180711\86896_MD01_AIFF\86896MD01_016K_M04_multi_20180818\86896MD01_016K_M04_multi_20180818_150000Z.aif,FALSE,,audio/aif,16000,16,23.5,,,,,
86896MD01_016K_M04_multi_20180818_153000Z.aif,2018_UnivMD_Maryland_86896_Dep01_20180711,dutyCycle,2018-08-18T15:40:39.075Z,\\Repnas\w\projects\2018_UnivMD_Maryland_86896\86896_MD01_20180711\86896_MD01_AIFF\86896MD01_016K_M04_multi_20180818\86896MD01_016K_M04_multi_20180818_153000Z.aif,FALSE,,audio/aif,16000,16,23.5,,,,,
86896MD01_016K_M04_multi_20180818_154500Z.aif,2018_UnivMD_Maryland_86896_Dep01_20180711,dutyCycle,2018-08-18T15:45:15.779Z,\\Repnas\w\projects\2018_UnivMD_Maryland_86896\86896_MD01_20180711\86896_MD01_AIFF\86896MD01_016K_M04_multi_20180818\86896MD01_016K_M04_multi_20180818_154500Z.aif,FALSE,,audio/aif,16000,16,23.5,,,,,
86896MD01_016K_M04_multi_20180818_154500Z.aif,2018_UnivMD_Maryland_86896_Dep01_20180711,dutyCycle,2018-08-18T15:46:52.027Z,\\Repnas\w\projects\2018_UnivMD_Maryland_86896\86896_MD01_20180711\86896_MD01_AIFF\86896MD01_016K_M04_multi_20180818\86896MD01_016K_M04_multi_20180818_154500Z.aif,FALSE,,audio/aif,16000,16,23.5,,,,,
86896MD01_016K_M04_multi_20180818_170000Z.aif,2018_UnivMD_Maryland_86896_Dep01_20180711,dutyCycle,2018-08-18T17:07:00.475Z,\\Repnas\w\projects\2018_UnivMD_Maryland_86896\86896_MD01_20180711\86896_MD01_AIFF\86896MD01_016K_M04_multi_20180818\86896MD01_016K_M04_multi_20180818_170000Z.aif,FALSE,,audio/aif,16000,16,23.5,,,,,
86896MD01_016K_M04_multi_20180818_171500Z.aif,2018_UnivMD_Maryland_86896_Dep01_20180711,dutyCycle,2018-08-18T17:17:04.059Z,\\Repnas\w\projects\2018_UnivMD_Maryland_86896\86896_MD01_20180711\86896_MD01_AIFF\86896MD01_016K_M04_multi_20180818\86896MD01_016K_M04_multi_20180818_171500Z.aif,FALSE,,audio/aif,16000,16,23.5,,,,,
86896MD01_016K_M04_multi_20180818_171500Z.aif,2018_UnivMD_Maryland_86896_Dep01_20180711,dutyCycle,2018-08-18T17:29:02.059Z,\\Repnas\w\projects\2018_UnivMD_Maryland_86896\86896_MD01_20180711\86896_MD01_AIFF\86896MD01_016K_M04_multi_20180818\86896MD01_016K_M04_multi_20180818_171500Z.aif,FALSE,,audio/aif,16000,16,23.5,,,,,
86896MD01_016K_M04_multi_20180818_171500Z.aif,2018_UnivMD_Maryland_86896_Dep01_20180711,dutyCycle,2018-08-18T17:29:01.803Z,\\Repnas\w\projects\2018_UnivMD_Maryland_86896\86896_MD01_20180711\86896_MD01_AIFF\86896MD01_016K_M04_multi_20180818\86896MD01_016K_M04_multi_20180818_171500Z.aif,FALSE,,audio/aif,16000,16,23.5,,,,,
86896MD01_016K_M04_multi_20180818_173000Z.aif,2018_UnivMD_Maryland_86896_Dep01_20180711,dutyCycle,2018-08-18T17:30:47.524Z,\\Repnas\w\projects\2018_UnivMD_Maryland_86896\86896_MD01_20180711\86896_MD01_AIFF\86896MD01_016K_M04_multi_20180818\86896MD01_016K_M04_multi_20180818_173000Z.aif,FALSE,,audio/aif,16000,16,23.5,,,,,
86896MD01_016K_M04_multi_20180818_180000Z.aif,2018_UnivMD_Maryland_86896_Dep01_20180711,dutyCycle,2018-08-18T18:14:39.802Z,\\Repnas\w\projects\2018_UnivMD_Maryland_86896\86896_MD01_20180711\86896_MD01_AIFF\86896MD01_016K_M04_multi_20180818\86896MD01_016K_M04_multi_20180818_180000Z.aif,FALSE,,audio/aif,16000,16,23.5,,,,,
86896MD01_016K_M04_multi_20180818_194500Z.aif,2018_UnivMD_Maryland_86896_Dep01_20180711,dutyCycle,2018-08-18T19:55:58.387Z,\\Repnas\w\projects\2018_UnivMD_Maryland_86896\86896_MD01_20180711\86896_MD01_AIFF\86896MD01_016K_M04_multi_20180818\86896MD01_016K_M04_multi_20180818_194500Z.aif,FALSE,,audio/aif,16000,16,23.5,,,,,
86896MD01_016K_M04_multi_20180818_194500Z.aif,2018_UnivMD_Maryland_86896_Dep01_20180711,dutyCycle,2018-08-18T19:58:44.651Z,\\Repnas\w\projects\2018_UnivMD_Maryland_86896\86896_MD01_20180711\86896_MD01_AIFF\86896MD01_016K_M04_multi_20180818\86896MD01_016K_M04_multi_20180818_194500Z.aif,FALSE,,audio/aif,16000,16,23.5,,,,,
86896MD01_016K_M04_multi_20180818_194500Z.aif,2018_UnivMD_Maryland_86896_Dep01_20180711,dutyCycle,2018-08-18T19:51:32.572Z,\\Repnas\w\projects\2018_UnivMD_Maryland_86896\86896_MD01_20180711\86896_MD01_AIFF\86896MD01_016K_M04_multi_20180818\86896MD01_016K_M04_multi_20180818_194500Z.aif,FALSE,,audio/aif,16000,16,23.5,,,,,
86896MD01_016K_M04_multi_20180818_194500Z.aif,2018_UnivMD_Maryland_86896_Dep01_20180711,dutyCycle,2018-08-18T19:52:29.047Z,\\Repnas\w\projects\2018_UnivMD_Maryland_86896\86896_MD01_20180711\86896_MD01_AIFF\86896MD01_016K_M04_multi_20180818\86896MD01_016K_M04_multi_20180818_194500Z.aif,FALSE,,audio/aif,16000,16,23.5,,,,,
86896MD01_016K_M04_multi_20180818_200000Z.aif,2018_UnivMD_Maryland_86896_Dep01_20180711,dutyCycle,2018-08-18T20:06:30.779Z,\\Repnas\w\projects\2018_UnivMD_Maryland_86896\86896_MD01_20180711\86896_MD01_AIFF\86896MD01_016K_M04_multi_20180818\86896MD01_016K_M04_multi_20180818_200000Z.aif,FALSE,,audio/aif,16000,16,23.5,,,,,
86896MD01_016K_M04_multi_20180818_201500Z.aif,2018_UnivMD_Maryland_86896_Dep01_20180711,dutyCycle,2018-08-18T20:26:21.216Z,\\Repnas\w\projects\2018_UnivMD_Maryland_86896\86896_MD01_20180711\86896_MD01_AIFF\86896MD01_016K_M04_multi_20180818\86896MD01_016K_M04_multi_20180818_201500Z.aif,FALSE,,audio/aif,16000,16,23.5,,,,,
86896MD01_016K_M04_multi_20180818_204500Z.aif,2018_UnivMD_Maryland_86896_Dep01_20180711,dutyCycle,2018-08-18T20:48:12.915Z,\\Repnas\w\projects\2018_UnivMD_Maryland_86896\86896_MD01_20180711\86896_MD01_AIFF\86896MD01_016K_M04_multi_20180818\86896MD01_016K_M04_multi_20180818_204500Z.aif,FALSE,,audio/aif,16000,16,23.5,,,,,
86896MD01_016K_M04_multi_20180818_204500Z.aif,2018_UnivMD_Maryland_86896_Dep01_20180711,dutyCycle,2018-08-18T20:49:11.387Z,\\Repnas\w\projects\2018_UnivMD_Maryland_86896\86896_MD01_20180711\86896_MD01_AIFF\86896MD01_016K_M04_multi_20180818\86896MD01_016K_M04_multi_20180818_204500Z.aif,FALSE,,audio/aif,16000,16,23.5,,,,,
86896MD01_016K_M04_multi_20180818_210000Z.aif,2018_UnivMD_Maryland_86896_Dep01_20180711,dutyCycle,2018-08-18T21:13:03.863Z,\\Repnas\w\projects\2018_UnivMD_Maryland_86896\86896_MD01_20180711\86896_MD01_AIFF\86896MD01_016K_M04_multi_20180818\86896MD01_016K_M04_multi_20180818_210000Z.aif,FALSE,,audio/aif,16000,16,23.5,,,,,
86896MD01_016K_M04_multi_20180818_210000Z.aif,2018_UnivMD_Maryland_86896_Dep01_20180711,dutyCycle,2018-08-18T21:09:41.740Z,\\Repnas\w\projects\2018_UnivMD_Maryland_86896\86896_MD01_20180711\86896_MD01_AIFF\86896MD01_016K_M04_multi_20180818\86896MD01_016K_M04_multi_20180818_210000Z.aif,FALSE,,audio/aif,16000,16,23.5,,,,,
86896MD01_016K_M04_multi_20180818_211500Z.aif,2018_UnivMD_Maryland_86896_Dep01_20180711,dutyCycle,2018-08-18T21:24:40.059Z,\\Repnas\w\projects\2018_UnivMD_Maryland_86896\86896_MD01_20180711\86896_MD01_AIFF\86896MD01_016K_M04_multi_20180818\86896MD01_016K_M04_multi_20180818_211500Z.aif,FALSE,,audio/aif,16000,16,23.5,,,,,
86896MD01_016K_M04_multi_20180818_213000Z.aif,2018_UnivMD_Maryland_86896_Dep01_20180711,dutyCycle,2018-08-18T21:43:00.883Z,\\Repnas\w\projects\2018_UnivMD_Maryland_86896\86896_MD01_20180711\86896_MD01_AIFF\86896MD01_016K_M04_multi_20180818\86896MD01_016K_M04_multi_20180818_213000Z.aif,FALSE,,audio/aif,16000,16,23.5,,,,,
86896MD01_016K_M04_multi_20180818_214500Z.aif,2018_UnivMD_Maryland_86896_Dep01_20180711,dutyCycle,2018-08-18T21:50:39.588Z,\\Repnas\w\projects\2018_UnivMD_Maryland_86896\86896_MD01_20180711\86896_MD01_AIFF\86896MD01_016K_M04_multi_20180818\86896MD01_016K_M04_multi_20180818_214500Z.aif,FALSE,,audio/aif,16000,16,23.5,,,,,
86896MD01_016K_M04_multi_20180818_220000Z.aif,2018_UnivMD_Maryland_86896_Dep01_20180711,dutyCycle,2018-08-18T22:03:17.268Z,\\Repnas\w\projects\2018_UnivMD_Maryland_86896\86896_MD01_20180711\86896_MD01_AIFF\86896MD01_016K_M04_multi_20180818\86896MD01_016K_M04_multi_20180818_220000Z.aif,FALSE,,audio/aif,16000,16,23.5,,,,,
86896MD01_016K_M04_multi_20180818_220000Z.aif,2018_UnivMD_Maryland_86896_Dep01_20180711,dutyCycle,2018-08-18T22:13:31.604Z,\\Repnas\w\projects\2018_UnivMD_Maryland_86896\86896_MD01_20180711\86896_MD01_AIFF\86896MD01_016K_M04_multi_20180818\86896MD01_016K_M04_multi_20180818_220000Z.aif,FALSE,,audio/aif,16000,16,23.5,,,,,
86896MD01_016K_M04_multi_20180818_221500Z.aif,2018_UnivMD_Maryland_86896_Dep01_20180711,dutyCycle,2018-08-18T22:29:44.044Z,\\Repnas\w\projects\2018_UnivMD_Maryland_86896\86896_MD01_20180711\86896_MD01_AIFF\86896MD01_016K_M04_multi_20180818\86896MD01_016K_M04_multi_20180818_221500Z.aif,FALSE,,audio/aif,16000,16,23.5,,,,,
86896MD01_016K_M04_multi_20180818_221500Z.aif,2018_UnivMD_Maryland_86896_Dep01_20180711,dutyCycle,2018-08-18T22:25:12.616Z,\\Repnas\w\projects\2018_UnivMD_Maryland_86896\86896_MD01_20180711\86896_MD01_AIFF\86896MD01_016K_M04_multi_20180818\86896MD01_016K_M04_multi_20180818_221500Z.aif,FALSE,,audio/aif,16000,16,23.5,,,,,
86896MD01_016K_M04_multi_20180819_080000Z.aif,2018_UnivMD_Maryland_86896_Dep01_20180711,dutyCycle,2018-08-19T08:00:12.452Z,\\Repnas\w\projects\2018_UnivMD_Maryland_86896\86896_MD01_20180711\86896_MD01_AIFF\86896MD01_016K_M04_multi_20180819\86896MD01_016K_M04_multi_20180819_080000Z.aif,FALSE,,audio/aif,16000,16,23.5,,,,,
86896MD01_016K_M04_multi_20180819_121500Z.aif,2018_UnivMD_Maryland_86896_Dep01_20180711,dutyCycle,2018-08-19T12:22:18.250Z,\\Repnas\w\projects\2018_UnivMD_Maryland_86896\86896_MD01_20180711\86896_MD01_AIFF\86896MD01_016K_M04_multi_20180819\86896MD01_016K_M04_multi_20180819_121500Z.aif,FALSE,,audio/aif,16000,16,23.5,,,,,
86896MD01_016K_M04_multi_20180819_121500Z.aif,2018_UnivMD_Maryland_86896_Dep01_20180711,dutyCycle,2018-08-19T12:20:23.059Z,\\Repnas\w\projects\2018_UnivMD_Maryland_86896\86896_MD01_20180711\86896_MD01_AIFF\86896MD01_016K_M04_multi_20180819\86896MD01_016K_M04_multi_20180819_121500Z.aif,FALSE,,audio/aif,16000,16,23.5,,,,,
86896MD01_016K_M04_multi_20180819_130000Z.aif,2018_UnivMD_Maryland_86896_Dep01_20180711,dutyCycle,2018-08-19T13:02:37.187Z,\\Repnas\w\projects\2018_UnivMD_Maryland_86896\86896_MD01_20180711\86896_MD01_AIFF\86896MD01_016K_M04_multi_20180819\86896MD01_016K_M04_multi_20180819_130000Z.aif,FALSE,,audio/aif,16000,16,23.5,,,,,
86896MD01_016K_M04_multi_20180819_150000Z.aif,2018_UnivMD_Maryland_86896_Dep01_20180711,dutyCycle,2018-08-19T15:05:36.003Z,\\Repnas\w\projects\2018_UnivMD_Maryland_86896\86896_MD01_20180711\86896_MD01_AIFF\86896MD01_016K_M04_multi_20180819\86896MD01_016K_M04_multi_20180819_150000Z.aif,FALSE,,audio/aif,16000,16,23.5,,,,,
86896MD01_016K_M04_multi_20180819_154500Z.aif,2018_UnivMD_Maryland_86896_Dep01_20180711,dutyCycle,2018-08-19T15:58:00.994Z,\\Repnas\w\projects\2018_UnivMD_Maryland_86896\86896_MD01_20180711\86896_MD01_AIFF\86896MD01_016K_M04_multi_20180819\86896MD01_016K_M04_multi_20180819_154500Z.aif,FALSE,,audio/aif,16000,16,23.5,,,,,
86896MD01_016K_M04_multi_20180819_170000Z.aif,2018_UnivMD_Maryland_86896_Dep01_20180711,dutyCycle,2018-08-19T17:05:24.996Z,\\Repnas\w\projects\2018_UnivMD_Maryland_86896\86896_MD01_20180711\86896_MD01_AIFF\86896MD01_016K_M04_multi_20180819\86896MD01_016K_M04_multi_20180819_170000Z.aif,FALSE,,audio/aif,16000,16,23.5,,,,,
86896MD01_016K_M04_multi_20180819_220000Z.aif,2018_UnivMD_Maryland_86896_Dep01_20180711,dutyCycle,2018-08-19T22:07:34.115Z,\\Repnas\w\projects\2018_UnivMD_Maryland_86896\86896_MD01_20180711\86896_MD01_AIFF\86896MD01_016K_M04_multi_20180819\86896MD01_016K_M04_multi_20180819_220000Z.aif,FALSE,,audio/aif,16000,16,23.5,,,,,
86896MD01_016K_M04_multi_20180820_020000Z.aif,2018_UnivMD_Maryland_86896_Dep01_20180711,dutyCycle,2018-08-20T02:13:44.907Z,\\Repnas\w\projects\2018_UnivMD_Maryland_86896\86896_MD01_20180711\86896_MD01_AIFF\86896MD01_016K_M04_multi_20180820\86896MD01_016K_M04_multi_20180820_020000Z.aif,FALSE,,audio/aif,16000,16,23.5,,,,,
86896MD01_016K_M04_multi_20180820_040000Z.aif,2018_UnivMD_Maryland_86896_Dep01_20180711,dutyCycle,2018-08-20T04:01:21.930Z,\\Repnas\w\projects\2018_UnivMD_Maryland_86896\86896_MD01_20180711\86896_MD01_AIFF\86896MD01_016K_M04_multi_20180820\86896MD01_016K_M04_multi_20180820_040000Z.aif,FALSE,,audio/aif,16000,16,23.5,,,,,
86896MD01_016K_M04_multi_20180820_091500Z.aif,2018_UnivMD_Maryland_86896_Dep01_20180711,dutyCycle,2018-08-20T09:17:10.460Z,\\Repnas\w\projects\2018_UnivMD_Maryland_86896\86896_MD01_20180711\86896_MD01_AIFF\86896MD01_016K_M04_multi_20180820\86896MD01_016K_M04_multi_20180820_091500Z.aif,FALSE,,audio/aif,16000,16,23.5,,,,,
86896MD01_016K_M04_multi_20180821_040000Z.aif,2018_UnivMD_Maryland_86896_Dep01_20180711,dutyCycle,2018-08-21T04:08:56.684Z,\\Repnas\w\projects\2018_UnivMD_Maryland_86896\86896_MD01_20180711\86896_MD01_AIFF\86896MD01_016K_M04_multi_20180821\86896MD01_016K_M04_multi_20180821_040000Z.aif,FALSE,,audio/aif,16000,16,23.5,,,,,
86896MD01_016K_M04_multi_20180821_113000Z.aif,2018_UnivMD_Maryland_86896_Dep01_20180711,dutyCycle,2018-08-21T11:39:24.332Z,\\Repnas\w\projects\2018_UnivMD_Maryland_86896\86896_MD01_20180711\86896_MD01_AIFF\86896MD01_016K_M04_multi_20180821\86896MD01_016K_M04_multi_20180821_113000Z.aif,FALSE,,audio/aif,16000,16,23.5,,,,,
86896MD01_016K_M04_multi_20180821_114500Z.aif,2018_UnivMD_Maryland_86896_Dep01_20180711,dutyCycle,2018-08-21T11:49:01.036Z,\\Repnas\w\projects\2018_UnivMD_Maryland_86896\86896_MD01_20180711\86896_MD01_AIFF\86896MD01_016K_M04_multi_20180821\86896MD01_016K_M04_multi_20180821_114500Z.aif,FALSE,,audio/aif,16000,16,23.5,,,,,
86896MD01_016K_M04_multi_20180821_121500Z.aif,2018_UnivMD_Maryland_86896_Dep01_20180711,dutyCycle,2018-08-21T12:15:33.187Z,\\Repnas\w\projects\2018_UnivMD_Maryland_86896\86896_MD01_20180711\86896_MD01_AIFF\86896MD01_016K_M04_multi_20180821\86896MD01_016K_M04_multi_20180821_121500Z.aif,FALSE,,audio/aif,16000,16,23.5,,,,,
86896MD01_016K_M04_multi_20180821_124500Z.aif,2018_UnivMD_Maryland_86896_Dep01_20180711,dutyCycle,2018-08-21T12:46:38.368Z,\\Repnas\w\projects\2018_UnivMD_Maryland_86896\86896_MD01_20180711\86896_MD01_AIFF\86896MD01_016K_M04_multi_20180821\86896MD01_016K_M04_multi_20180821_124500Z.aif,FALSE,,audio/aif,16000,16,23.5,,,,,
86896MD01_016K_M04_multi_20180821_134500Z.aif,2018_UnivMD_Maryland_86896_Dep01_20180711,dutyCycle,2018-08-21T13:45:05.283Z,\\Repnas\w\projects\2018_UnivMD_Maryland_86896\86896_MD01_20180711\86896_MD01_AIFF\86896MD01_016K_M04_multi_20180821\86896MD01_016K_M04_multi_20180821_134500Z.aif,FALSE,,audio/aif,16000,16,23.5,,,,,
86896MD01_016K_M04_multi_20180821_163000Z.aif,2018_UnivMD_Maryland_86896_Dep01_20180711,dutyCycle,2018-08-21T16:41:42.667Z,\\Repnas\w\projects\2018_UnivMD_Maryland_86896\86896_MD01_20180711\86896_MD01_AIFF\86896MD01_016K_M04_multi_20180821\86896MD01_016K_M04_multi_20180821_163000Z.aif,FALSE,,audio/aif,16000,16,23.5,,,,,
86896MD01_016K_M04_multi_20180821_164500Z.aif,2018_UnivMD_Maryland_86896_Dep01_20180711,dutyCycle,2018-08-21T16:53:49.882Z,\\Repnas\w\projects\2018_UnivMD_Maryland_86896\86896_MD01_20180711\86896_MD01_AIFF\86896MD01_016K_M04_multi_20180821\86896MD01_016K_M04_multi_20180821_164500Z.aif,FALSE,,audio/aif,16000,16,23.5,,,,,
86896MD01_016K_M04_multi_20180821_174500Z.aif,2018_UnivMD_Maryland_86896_Dep01_20180711,dutyCycle,2018-08-21T17:49:59.506Z,\\Repnas\w\projects\2018_UnivMD_Maryland_86896\86896_MD01_20180711\86896_MD01_AIFF\86896MD01_016K_M04_multi_20180821\86896MD01_016K_M04_multi_20180821_174500Z.aif,FALSE,,audio/aif,16000,16,23.5,,,,,
86896MD01_016K_M04_multi_20180821_180000Z.aif,2018_UnivMD_Maryland_86896_Dep01_20180711,dutyCycle,2018-08-21T18:10:09.544Z,\\Repnas\w\projects\2018_UnivMD_Maryland_86896\86896_MD01_20180711\86896_MD01_AIFF\86896MD01_016K_M04_multi_20180821\86896MD01_016K_M04_multi_20180821_180000Z.aif,FALSE,,audio/aif,16000,16,23.5,,,,,
86896MD01_016K_M04_multi_20180821_180000Z.aif,2018_UnivMD_Maryland_86896_Dep01_20180711,dutyCycle,2018-08-21T18:03:12.312Z,\\Repnas\w\projects\2018_UnivMD_Maryland_86896\86896_MD01_20180711\86896_MD01_AIFF\86896MD01_016K_M04_multi_20180821\86896MD01_016K_M04_multi_20180821_180000Z.aif,FALSE,,audio/aif,16000,16,23.5,,,,,
86896MD01_016K_M04_multi_20180821_183000Z.aif,2018_UnivMD_Maryland_86896_Dep01_20180711,dutyCycle,2018-08-21T18:31:21.674Z,\\Repnas\w\projects\2018_UnivMD_Maryland_86896\86896_MD01_20180711\86896_MD01_AIFF\86896MD01_016K_M04_multi_20180821\86896MD01_016K_M04_multi_20180821_183000Z.aif,FALSE,,audio/aif,16000,16,23.5,,,,,
86896MD01_016K_M04_multi_20180821_184500Z.aif,2018_UnivMD_Maryland_86896_Dep01_20180711,dutyCycle,2018-08-21T18:54:32.687Z,\\Repnas\w\projects\2018_UnivMD_Maryland_86896\86896_MD01_20180711\86896_MD01_AIFF\86896MD01_016K_M04_multi_20180821\86896MD01_016K_M04_multi_20180821_184500Z.aif,FALSE,,audio/aif,16000,16,23.5,,,,,
86896MD01_016K_M04_multi_20180821_190000Z.aif,2018_UnivMD_Maryland_86896_Dep01_20180711,dutyCycle,2018-08-21T19:11:10.674Z,\\Repnas\w\projects\2018_UnivMD_Maryland_86896\86896_MD01_20180711\86896_MD01_AIFF\86896MD01_016K_M04_multi_20180821\86896MD01_016K_M04_multi_20180821_190000Z.aif,FALSE,,audio/aif,16000,16,23.5,,,,,
86896MD01_016K_M04_multi_20180821_191500Z.aif,2018_UnivMD_Maryland_86896_Dep01_20180711,dutyCycle,2018-08-21T19:26:48.554Z,\\Repnas\w\projects\2018_UnivMD_Maryland_86896\86896_MD01_20180711\86896_MD01_AIFF\86896MD01_016K_M04_multi_20180821\86896MD01_016K_M04_multi_20180821_191500Z.aif,FALSE,,audio/aif,16000,16,23.5,,,,,
86896MD01_016K_M04_multi_20180821_193000Z.aif,2018_UnivMD_Maryland_86896_Dep01_20180711,dutyCycle,2018-08-21T19:38:00.024Z,\\Repnas\w\projects\2018_UnivMD_Maryland_86896\86896_MD01_20180711\86896_MD01_AIFF\86896MD01_016K_M04_multi_20180821\86896MD01_016K_M04_multi_20180821_193000Z.aif,FALSE,,audio/aif,16000,16,23.5,,,,,
86896MD01_016K_M04_multi_20180821_194500Z.aif,2018_UnivMD_Maryland_86896_Dep01_20180711,dutyCycle,2018-08-21T19:54:09.595Z,\\Repnas\w\projects\2018_UnivMD_Maryland_86896\86896_MD01_20180711\86896_MD01_AIFF\86896MD01_016K_M04_multi_20180821\86896MD01_016K_M04_multi_20180821_194500Z.aif,FALSE,,audio/aif,16000,16,23.5,,,,,
86896MD01_016K_M04_multi_20180821_201500Z.aif,2018_UnivMD_Maryland_86896_Dep01_20180711,dutyCycle,2018-08-21T20:19:01.658Z,\\Repnas\w\projects\2018_UnivMD_Maryland_86896\86896_MD01_20180711\86896_MD01_AIFF\86896MD01_016K_M04_multi_20180821\86896MD01_016K_M04_multi_20180821_201500Z.aif,FALSE,,audio/aif,16000,16,23.5,,,,,
86896MD01_016K_M04_multi_20180821_201500Z.aif,2018_UnivMD_Maryland_86896_Dep01_20180711,dutyCycle,2018-08-21T20:26:21.419Z,\\Repnas\w\projects\2018_UnivMD_Maryland_86896\86896_MD01_20180711\86896_MD01_AIFF\86896MD01_016K_M04_multi_20180821\86896MD01_016K_M04_multi_20180821_201500Z.aif,FALSE,,audio/aif,16000,16,23.5,,,,,
86896MD01_016K_M04_multi_20180821_203000Z.aif,2018_UnivMD_Maryland_86896_Dep01_20180711,dutyCycle,2018-08-21T20:33:45.019Z,\\Repnas\w\projects\2018_UnivMD_Maryland_86896\86896_MD01_20180711\86896_MD01_AIFF\86896MD01_016K_M04_multi_20180821\86896MD01_016K_M04_multi_20180821_203000Z.aif,FALSE,,audio/aif,16000,16,23.5,,,,,
86896MD01_016K_M04_multi_20180821_203000Z.aif,2018_UnivMD_Maryland_86896_Dep01_20180711,dutyCycle,2018-08-21T20:44:43.643Z,\\Repnas\w\projects\2018_UnivMD_Maryland_86896\86896_MD01_20180711\86896_MD01_AIFF\86896MD01_016K_M04_multi_20180821\86896MD01_016K_M04_multi_20180821_203000Z.aif,FALSE,,audio/aif,16000,16,23.5,,,,,
86896MD01_016K_M04_multi_20180821_210000Z.aif,2018_UnivMD_Maryland_86896_Dep01_20180711,dutyCycle,2018-08-21T21:14:37.388Z,\\Repnas\w\projects\2018_UnivMD_Maryland_86896\86896_MD01_20180711\86896_MD01_AIFF\86896MD01_016K_M04_multi_20180821\86896MD01_016K_M04_multi_20180821_210000Z.aif,FALSE,,audio/aif,16000,16,23.5,,,,,
86896MD01_016K_M04_multi_20180821_210000Z.aif,2018_UnivMD_Maryland_86896_Dep01_20180711,dutyCycle,2018-08-21T21:13:23.667Z,\\Repnas\w\projects\2018_UnivMD_Maryland_86896\86896_MD01_20180711\86896_MD01_AIFF\86896MD01_016K_M04_multi_20180821\86896MD01_016K_M04_multi_20180821_210000Z.aif,FALSE,,audio/aif,16000,16,23.5,,,,,
86896MD01_016K_M04_multi_20180821_211500Z.aif,2018_UnivMD_Maryland_86896_Dep01_20180711,dutyCycle,2018-08-21T21:15:51.218Z,\\Repnas\w\projects\2018_UnivMD_Maryland_86896\86896_MD01_20180711\86896_MD01_AIFF\86896MD01_016K_M04_multi_20180821\86896MD01_016K_M04_multi_20180821_211500Z.aif,FALSE,,audio/aif,16000,16,23.5,,,,,
86896MD01_016K_M04_multi_20180821_224500Z.aif,2018_UnivMD_Maryland_86896_Dep01_20180711,dutyCycle,2018-08-21T22:48:36.888Z,\\Repnas\w\projects\2018_UnivMD_Maryland_86896\86896_MD01_20180711\86896_MD01_AIFF\86896MD01_016K_M04_multi_20180821\86896MD01_016K_M04_multi_20180821_224500Z.aif,FALSE,,audio/aif,16000,16,23.5,,,,,
86896MD01_016K_M04_multi_20180822_001500Z.aif,2018_UnivMD_Maryland_86896_Dep01_20180711,dutyCycle,2018-08-22T00:27:07.644Z,\\Repnas\w\projects\2018_UnivMD_Maryland_86896\86896_MD01_20180711\86896_MD01_AIFF\86896MD01_016K_M04_multi_20180822\86896MD01_016K_M04_multi_20180822_001500Z.aif,FALSE,,audio/aif,16000,16,23.5,,,,,
86896MD01_016K_M04_multi_20180822_010000Z.aif,2018_UnivMD_Maryland_86896_Dep01_20180711,dutyCycle,2018-08-22T01:10:24.740Z,\\Repnas\w\projects\2018_UnivMD_Maryland_86896\86896_MD01_20180711\86896_MD01_AIFF\86896MD01_016K_M04_multi_20180822\86896MD01_016K_M04_multi_20180822_010000Z.aif,FALSE,,audio/aif,16000,16,23.5,,,,,
86896MD01_016K_M04_multi_20180822_020000Z.aif,2018_UnivMD_Maryland_86896_Dep01_20180711,dutyCycle,2018-08-22T02:14:02.683Z,\\Repnas\w\projects\2018_UnivMD_Maryland_86896\86896_MD01_20180711\86896_MD01_AIFF\86896MD01_016K_M04_multi_20180822\86896MD01_016K_M04_multi_20180822_020000Z.aif,FALSE,,audio/aif,16000,16,23.5,,,,,
86896MD01_016K_M04_multi_20180822_021500Z.aif,2018_UnivMD_Maryland_86896_Dep01_20180711,dutyCycle,2018-08-22T02:23:08.820Z,\\Repnas\w\projects\2018_UnivMD_Maryland_86896\86896_MD01_20180711\86896_MD01_AIFF\86896MD01_016K_M04_multi_20180822\86896MD01_016K_M04_multi_20180822_021500Z.aif,FALSE,,audio/aif,16000,16,23.5,,,,,
86896MD01_016K_M04_multi_20180822_091500Z.aif,2018_UnivMD_Maryland_86896_Dep01_20180711,dutyCycle,2018-08-22T09:26:58.335Z,\\Repnas\w\projects\2018_UnivMD_Maryland_86896\86896_MD01_20180711\86896_MD01_AIFF\86896MD01_016K_M04_multi_20180822\86896MD01_016K_M04_multi_20180822_091500Z.aif,FALSE,,audio/aif,16000,16,23.5,,,,,
86896MD01_016K_M04_multi_20180822_100000Z.aif,2018_UnivMD_Maryland_86896_Dep01_20180711,dutyCycle,2018-08-22T10:10:52.131Z,\\Repnas\w\projects\2018_UnivMD_Maryland_86896\86896_MD01_20180711\86896_MD01_AIFF\86896MD01_016K_M04_multi_20180822\86896MD01_016K_M04_multi_20180822_100000Z.aif,FALSE,,audio/aif,16000,16,23.5,,,,,
86896MD01_016K_M04_multi_20180822_100000Z.aif,2018_UnivMD_Maryland_86896_Dep01_20180711,dutyCycle,2018-08-22T10:10:24.228Z,\\Repnas\w\projects\2018_UnivMD_Maryland_86896\86896_MD01_20180711\86896_MD01_AIFF\86896MD01_016K_M04_multi_20180822\86896MD01_016K_M04_multi_20180822_100000Z.aif,FALSE,,audio/aif,16000,16,23.5,,,,,
86896MD01_016K_M04_multi_20180822_101500Z.aif,2018_UnivMD_Maryland_86896_Dep01_20180711,dutyCycle,2018-08-22T10:25:31.907Z,\\Repnas\w\projects\2018_UnivMD_Maryland_86896\86896_MD01_20180711\86896_MD01_AIFF\86896MD01_016K_M04_multi_20180822\86896MD01_016K_M04_multi_20180822_101500Z.aif,FALSE,,audio/aif,16000,16,23.5,,,,,
86896MD01_016K_M04_multi_20180822_103000Z.aif,2018_UnivMD_Maryland_86896_Dep01_20180711,dutyCycle,2018-08-22T10:43:55.404Z,\\Repnas\w\projects\2018_UnivMD_Maryland_86896\86896_MD01_20180711\86896_MD01_AIFF\86896MD01_016K_M04_multi_20180822\86896MD01_016K_M04_multi_20180822_103000Z.aif,FALSE,,audio/aif,16000,16,23.5,,,,,
86896MD01_016K_M04_multi_20180822_134500Z.aif,2018_UnivMD_Maryland_86896_Dep01_20180711,dutyCycle,2018-08-22T13:56:45.116Z,\\Repnas\w\projects\2018_UnivMD_Maryland_86896\86896_MD01_20180711\86896_MD01_AIFF\86896MD01_016K_M04_multi_20180822\86896MD01_016K_M04_multi_20180822_134500Z.aif,FALSE,,audio/aif,16000,16,23.5,,,,,
86896MD01_016K_M04_multi_20180822_143000Z.aif,2018_UnivMD_Maryland_86896_Dep01_20180711,dutyCycle,2018-08-22T14:33:20.340Z,\\Repnas\w\projects\2018_UnivMD_Maryland_86896\86896_MD01_20180711\86896_MD01_AIFF\86896MD01_016K_M04_multi_20180822\86896MD01_016K_M04_multi_20180822_143000Z.aif,FALSE,,audio/aif,16000,16,23.5,,,,,
86896MD01_016K_M04_multi_20180822_180000Z.aif,2018_UnivMD_Maryland_86896_Dep01_20180711,dutyCycle,2018-08-22T18:04:50.863Z,\\Repnas\w\projects\2018_UnivMD_Maryland_86896\86896_MD01_20180711\86896_MD01_AIFF\86896MD01_016K_M04_multi_20180822\86896MD01_016K_M04_multi_20180822_180000Z.aif,FALSE,,audio/aif,16000,16,23.5,,,,,
86896MD01_016K_M04_multi_20180822_204500Z.aif,2018_UnivMD_Maryland_86896_Dep01_20180711,dutyCycle,2018-08-22T20:47:46.803Z,\\Repnas\w\projects\2018_UnivMD_Maryland_86896\86896_MD01_20180711\86896_MD01_AIFF\86896MD01_016K_M04_multi_20180822\86896MD01_016K_M04_multi_20180822_204500Z.aif,FALSE,,audio/aif,16000,16,23.5,,,,,
86896MD01_016K_M04_multi_20180822_204500Z.aif,2018_UnivMD_Maryland_86896_Dep01_20180711,dutyCycle,2018-08-22T20:47:04.315Z,\\Repnas\w\projects\2018_UnivMD_Maryland_86896\86896_MD01_20180711\86896_MD01_AIFF\86896MD01_016K_M04_multi_20180822\86896MD01_016K_M04_multi_20180822_204500Z.aif,FALSE,,audio/aif,16000,16,23.5,,,,,
86896MD01_016K_M04_multi_20180822_204500Z.aif,2018_UnivMD_Maryland_86896_Dep01_20180711,dutyCycle,2018-08-22T20:58:17.268Z,\\Repnas\w\projects\2018_UnivMD_Maryland_86896\86896_MD01_20180711\86896_MD01_AIFF\86896MD01_016K_M04_multi_20180822\86896MD01_016K_M04_multi_20180822_204500Z.aif,FALSE,,audio/aif,16000,16,23.5,,,,,
86896MD01_016K_M04_multi_20180822_204500Z.aif,2018_UnivMD_Maryland_86896_Dep01_20180711,dutyCycle,2018-08-22T20:46:57.514Z,\\Repnas\w\projects\2018_UnivMD_Maryland_86896\86896_MD01_20180711\86896_MD01_AIFF\86896MD01_016K_M04_multi_20180822\86896MD01_016K_M04_multi_20180822_204500Z.aif,FALSE,,audio/aif,16000,16,23.5,,,,,
86896MD01_016K_M04_multi_20180822_204500Z.aif,2018_UnivMD_Maryland_86896_Dep01_20180711,dutyCycle,2018-08-22T20:54:54.283Z,\\Repnas\w\projects\2018_UnivMD_Maryland_86896\86896_MD01_20180711\86896_MD01_AIFF\86896MD01_016K_M04_multi_20180822\86896MD01_016K_M04_multi_20180822_204500Z.aif,FALSE,,audio/aif,16000,16,23.5,,,,,
86896MD01_016K_M04_multi_20180822_211500Z.aif,2018_UnivMD_Maryland_86896_Dep01_20180711,dutyCycle,2018-08-22T21:21:09.027Z,\\Repnas\w\projects\2018_UnivMD_Maryland_86896\86896_MD01_20180711\86896_MD01_AIFF\86896MD01_016K_M04_multi_20180822\86896MD01_016K_M04_multi_20180822_211500Z.aif,FALSE,,audio/aif,16000,16,23.5,,,,,
86896MD01_016K_M04_multi_20180822_211500Z.aif,2018_UnivMD_Maryland_86896_Dep01_20180711,dutyCycle,2018-08-22T21:26:37.435Z,\\Repnas\w\projects\2018_UnivMD_Maryland_86896\86896_MD01_20180711\86896_MD01_AIFF\86896MD01_016K_M04_multi_20180822\86896MD01_016K_M04_multi_20180822_211500Z.aif,FALSE,,audio/aif,16000,16,23.5,,,,,
86896MD01_016K_M04_multi_20180822_211500Z.aif,2018_UnivMD_Maryland_86896_Dep01_20180711,dutyCycle,2018-08-22T21:23:04.211Z,\\Repnas\w\projects\2018_UnivMD_Maryland_86896\86896_MD01_20180711\86896_MD01_AIFF\86896MD01_016K_M04_multi_20180822\86896MD01_016K_M04_multi_20180822_211500Z.aif,FALSE,,audio/aif,16000,16,23.5,,,,,
86896MD01_016K_M04_multi_20180822_213000Z.aif,2018_UnivMD_Maryland_86896_Dep01_20180711,dutyCycle,2018-08-22T21:39:11.019Z,\\Repnas\w\projects\2018_UnivMD_Maryland_86896\86896_MD01_20180711\86896_MD01_AIFF\86896MD01_016K_M04_multi_20180822\86896MD01_016K_M04_multi_20180822_213000Z.aif,FALSE,,audio/aif,16000,16,23.5,,,,,
86896MD01_016K_M04_multi_20180822_214500Z.aif,2018_UnivMD_Maryland_86896_Dep01_20180711,dutyCycle,2018-08-22T21:58:02.932Z,\\Repnas\w\projects\2018_UnivMD_Maryland_86896\86896_MD01_20180711\86896_MD01_AIFF\86896MD01_016K_M04_multi_20180822\86896MD01_016K_M04_multi_20180822_214500Z.aif,FALSE,,audio/aif,16000,16,23.5,,,,,
86896MD01_016K_M04_multi_20180822_214500Z.aif,2018_UnivMD_Maryland_86896_Dep01_20180711,dutyCycle,2018-08-22T21:48:19.315Z,\\Repnas\w\projects\2018_UnivMD_Maryland_86896\86896_MD01_20180711\86896_MD01_AIFF\86896MD01_016K_M04_multi_20180822\86896MD01_016K_M04_multi_20180822_214500Z.aif,FALSE,,audio/aif,16000,16,23.5,,,,,
86896MD01_016K_M04_multi_20180822_214500Z.aif,2018_UnivMD_Maryland_86896_Dep01_20180711,dutyCycle,2018-08-22T21:45:02.723Z,\\Repnas\w\projects\2018_UnivMD_Maryland_86896\86896_MD01_20180711\86896_MD01_AIFF\86896MD01_016K_M04_multi_20180822\86896MD01_016K_M04_multi_20180822_214500Z.aif,FALSE,,audio/aif,16000,16,23.5,,,,,
86896MD01_016K_M04_multi_20180822_221500Z.aif,2018_UnivMD_Maryland_86896_Dep01_20180711,dutyCycle,2018-08-22T22:27:18.139Z,\\Repnas\w\projects\2018_UnivMD_Maryland_86896\86896_MD01_20180711\86896_MD01_AIFF\86896MD01_016K_M04_multi_20180822\86896MD01_016K_M04_multi_20180822_221500Z.aif,FALSE,,audio/aif,16000,16,23.5,,,,,
86896MD01_016K_M04_multi_20180822_223000Z.aif,2018_UnivMD_Maryland_86896_Dep01_20180711,dutyCycle,2018-08-22T22:33:34.676Z,\\Repnas\w\projects\2018_UnivMD_Maryland_86896\86896_MD01_20180711\86896_MD01_AIFF\86896MD01_016K_M04_multi_20180822\86896MD01_016K_M04_multi_20180822_223000Z.aif,FALSE,,audio/aif,16000,16,23.5,,,,,
86896MD01_016K_M04_multi_20180822_224500Z.aif,2018_UnivMD_Maryland_86896_Dep01_20180711,dutyCycle,2018-08-22T22:57:47.059Z,\\Repnas\w\projects\2018_UnivMD_Maryland_86896\86896_MD01_20180711\86896_MD01_AIFF\86896MD01_016K_M04_multi_20180822\86896MD01_016K_M04_multi_20180822_224500Z.aif,FALSE,,audio/aif,16000,16,23.5,,,,,
86896MD01_016K_M04_multi_20180822_230000Z.aif,2018_UnivMD_Maryland_86896_Dep01_20180711,dutyCycle,2018-08-22T23:10:11.684Z,\\Repnas\w\projects\2018_UnivMD_Maryland_86896\86896_MD01_20180711\86896_MD01_AIFF\86896MD01_016K_M04_multi_20180822\86896MD01_016K_M04_multi_20180822_230000Z.aif,FALSE,,audio/aif,16000,16,23.5,,,,,
86896MD01_016K_M04_multi_20180822_230000Z.aif,2018_UnivMD_Maryland_86896_Dep01_20180711,dutyCycle,2018-08-22T23:10:20.900Z,\\Repnas\w\projects\2018_UnivMD_Maryland_86896\86896_MD01_20180711\86896_MD01_AIFF\86896MD01_016K_M04_multi_20180822\86896MD01_016K_M04_multi_20180822_230000Z.aif,FALSE,,audio/aif,16000,16,23.5,,,,,
86896MD01_016K_M04_multi_20180823_003000Z.aif,2018_UnivMD_Maryland_86896_Dep01_20180711,dutyCycle,2018-08-23T00:33:39.027Z,\\Repnas\w\projects\2018_UnivMD_Maryland_86896\86896_MD01_20180711\86896_MD01_AIFF\86896MD01_016K_M04_multi_20180823\86896MD01_016K_M04_multi_20180823_003000Z.aif,FALSE,,audio/aif,16000,16,23.5,,,,,
86896MD01_016K_M04_multi_20180823_020000Z.aif,2018_UnivMD_Maryland_86896_Dep01_20180711,dutyCycle,2018-08-23T02:08:50.796Z,\\Repnas\w\projects\2018_UnivMD_Maryland_86896\86896_MD01_20180711\86896_MD01_AIFF\86896MD01_016K_M04_multi_20180823\86896MD01_016K_M04_multi_20180823_020000Z.aif,FALSE,,audio/aif,16000,16,23.5,,,,,
86896MD01_016K_M04_multi_20180823_023000Z.aif,2018_UnivMD_Maryland_86896_Dep01_20180711,dutyCycle,2018-08-23T02:32:48.340Z,\\Repnas\w\projects\2018_UnivMD_Maryland_86896\86896_MD01_20180711\86896_MD01_AIFF\86896MD01_016K_M04_multi_20180823\86896MD01_016K_M04_multi_20180823_023000Z.aif,FALSE,,audio/aif,16000,16,23.5,,,,,
86896MD01_016K_M04_multi_20180823_054500Z.aif,2018_UnivMD_Maryland_86896_Dep01_20180711,dutyCycle,2018-08-23T05:55:01.700Z,\\Repnas\w\projects\2018_UnivMD_Maryland_86896\86896_MD01_20180711\86896_MD01_AIFF\86896MD01_016K_M04_multi_20180823\86896MD01_016K_M04_multi_20180823_054500Z.aif,FALSE,,audio/aif,16000,16,23.5,,,,,
86896MD01_016K_M04_multi_20180823_060000Z.aif,2018_UnivMD_Maryland_86896_Dep01_20180711,dutyCycle,2018-08-23T06:06:58.427Z,\\Repnas\w\projects\2018_UnivMD_Maryland_86896\86896_MD01_20180711\86896_MD01_AIFF\86896MD01_016K_M04_multi_20180823\86896MD01_016K_M04_multi_20180823_060000Z.aif,FALSE,,audio/aif,16000,16,23.5,,,,,
86896MD01_016K_M04_multi_20180823_061500Z.aif,2018_UnivMD_Maryland_86896_Dep01_20180711,dutyCycle,2018-08-23T06:19:45.067Z,\\Repnas\w\projects\2018_UnivMD_Maryland_86896\86896_MD01_20180711\86896_MD01_AIFF\86896MD01_016K_M04_multi_20180823\86896MD01_016K_M04_multi_20180823_061500Z.aif,FALSE,,audio/aif,16000,16,23.5,,,,,
86896MD01_016K_M04_multi_20180823_063000Z.aif,2018_UnivMD_Maryland_86896_Dep01_20180711,dutyCycle,2018-08-23T06:36:37.691Z,\\Repnas\w\projects\2018_UnivMD_Maryland_86896\86896_MD01_20180711\86896_MD01_AIFF\86896MD01_016K_M04_multi_20180823\86896MD01_016K_M04_multi_20180823_063000Z.aif,FALSE,,audio/aif,16000,16,23.5,,,,,
86896MD01_016K_M04_multi_20180823_070000Z.aif,2018_UnivMD_Maryland_86896_Dep01_20180711,dutyCycle,2018-08-23T07:08:28.788Z,\\Repnas\w\projects\2018_UnivMD_Maryland_86896\86896_MD01_20180711\86896_MD01_AIFF\86896MD01_016K_M04_multi_20180823\86896MD01_016K_M04_multi_20180823_070000Z.aif,FALSE,,audio/aif,16000,16,23.5,,,,,
86896MD01_016K_M04_multi_20180823_073000Z.aif,2018_UnivMD_Maryland_86896_Dep01_20180711,dutyCycle,2018-08-23T07:43:13.427Z,\\Repnas\w\projects\2018_UnivMD_Maryland_86896\86896_MD01_20180711\86896_MD01_AIFF\86896MD01_016K_M04_multi_20180823\86896MD01_016K_M04_multi_20180823_073000Z.aif,FALSE,,audio/aif,16000,16,23.5,,,,,
86896MD01_016K_M04_multi_20180823_073000Z.aif,2018_UnivMD_Maryland_86896_Dep01_20180711,dutyCycle,2018-08-23T07:30:39.588Z,\\Repnas\w\projects\2018_UnivMD_Maryland_86896\86896_MD01_20180711\86896_MD01_AIFF\86896MD01_016K_M04_multi_20180823\86896MD01_016K_M04_multi_20180823_073000Z.aif,FALSE,,audio/aif,16000,16,23.5,,,,,
86896MD01_016K_M04_multi_20180823_074500Z.aif,2018_UnivMD_Maryland_86896_Dep01_20180711,dutyCycle,2018-08-23T07:56:27.452Z,\\Repnas\w\projects\2018_UnivMD_Maryland_86896\86896_MD01_20180711\86896_MD01_AIFF\86896MD01_016K_M04_multi_20180823\86896MD01_016K_M04_multi_20180823_074500Z.aif,FALSE,,audio/aif,16000,16,23.5,,,,,
86896MD01_016K_M04_multi_20180823_081500Z.aif,2018_UnivMD_Maryland_86896_Dep01_20180711,dutyCycle,2018-08-23T08:27:56.019Z,\\Repnas\w\projects\2018_UnivMD_Maryland_86896\86896_MD01_20180711\86896_MD01_AIFF\86896MD01_016K_M04_multi_20180823\86896MD01_016K_M04_multi_20180823_081500Z.aif,FALSE,,audio/aif,16000,16,23.5,,,,,
86896MD01_016K_M04_multi_20180823_083000Z.aif,2018_UnivMD_Maryland_86896_Dep01_20180711,dutyCycle,2018-08-23T08:30:51.875Z,\\Repnas\w\projects\2018_UnivMD_Maryland_86896\86896_MD01_20180711\86896_MD01_AIFF\86896MD01_016K_M04_multi_20180823\86896MD01_016K_M04_multi_20180823_083000Z.aif,FALSE,,audio/aif,16000,16,23.5,,,,,
86896MD01_016K_M04_multi_20180823_100000Z.aif,2018_UnivMD_Maryland_86896_Dep01_20180711,dutyCycle,2018-08-23T10:12:11.740Z,\\Repnas\w\projects\2018_UnivMD_Maryland_86896\86896_MD01_20180711\86896_MD01_AIFF\86896MD01_016K_M04_multi_20180823\86896MD01_016K_M04_multi_20180823_100000Z.aif,FALSE,,audio/aif,16000,16,23.5,,,,,
86896MD01_016K_M04_multi_20180823_110000Z.aif,2018_UnivMD_Maryland_86896_Dep01_20180711,dutyCycle,2018-08-23T11:06:13.883Z,\\Repnas\w\projects\2018_UnivMD_Maryland_86896\86896_MD01_20180711\86896_MD01_AIFF\86896MD01_016K_M04_multi_20180823\86896MD01_016K_M04_multi_20180823_110000Z.aif,FALSE,,audio/aif,16000,16,23.5,,,,,
86896MD01_016K_M04_multi_20180823_113000Z.aif,2018_UnivMD_Maryland_86896_Dep01_20180711,dutyCycle,2018-08-23T11:42:28.883Z,\\Repnas\w\projects\2018_UnivMD_Maryland_86896\86896_MD01_20180711\86896_MD01_AIFF\86896MD01_016K_M04_multi_20180823\86896MD01_016K_M04_multi_20180823_113000Z.aif,FALSE,,audio/aif,16000,16,23.5,,,,,
86896MD01_016K_M04_multi_20180823_113000Z.aif,2018_UnivMD_Maryland_86896_Dep01_20180711,dutyCycle,2018-08-23T11:41:36.156Z,\\Repnas\w\projects\2018_UnivMD_Maryland_86896\86896_MD01_20180711\86896_MD01_AIFF\86896MD01_016K_M04_multi_20180823\86896MD01_016K_M04_multi_20180823_113000Z.aif,FALSE,,audio/aif,16000,16,23.5,,,,,
86896MD01_016K_M04_multi_20180823_121500Z.aif,2018_UnivMD_Maryland_86896_Dep01_20180711,dutyCycle,2018-08-23T12:17:52.179Z,\\Repnas\w\projects\2018_UnivMD_Maryland_86896\86896_MD01_20180711\86896_MD01_AIFF\86896MD01_016K_M04_multi_20180823\86896MD01_016K_M04_multi_20180823_121500Z.aif,FALSE,,audio/aif,16000,16,23.5,,,,,
86896MD01_016K_M04_multi_20180823_121500Z.aif,2018_UnivMD_Maryland_86896_Dep01_20180711,dutyCycle,2018-08-23T12:29:32.524Z,\\Repnas\w\projects\2018_UnivMD_Maryland_86896\86896_MD01_20180711\86896_MD01_AIFF\86896MD01_016K_M04_multi_20180823\86896MD01_016K_M04_multi_20180823_121500Z.aif,FALSE,,audio/aif,16000,16,23.5,,,,,
86896MD01_016K_M04_multi_20180823_130000Z.aif,2018_UnivMD_Maryland_86896_Dep01_20180711,dutyCycle,2018-08-23T13:06:09.027Z,\\Repnas\w\projects\2018_UnivMD_Maryland_86896\86896_MD01_20180711\86896_MD01_AIFF\86896MD01_016K_M04_multi_20180823\86896MD01_016K_M04_multi_20180823_130000Z.aif,FALSE,,audio/aif,16000,16,23.5,,,,,
86896MD01_016K_M04_multi_20180823_140000Z.aif,2018_UnivMD_Maryland_86896_Dep01_20180711,dutyCycle,2018-08-23T14:06:56.636Z,\\Repnas\w\projects\2018_UnivMD_Maryland_86896\86896_MD01_20180711\86896_MD01_AIFF\86896MD01_016K_M04_multi_20180823\86896MD01_016K_M04_multi_20180823_140000Z.aif,FALSE,,audio/aif,16000,16,23.5,,,,,
86896MD01_016K_M04_multi_20180823_150000Z.aif,2018_UnivMD_Maryland_86896_Dep01_20180711,dutyCycle,2018-08-23T15:05:00.420Z,\\Repnas\w\projects\2018_UnivMD_Maryland_86896\86896_MD01_20180711\86896_MD01_AIFF\86896MD01_016K_M04_multi_20180823\86896MD01_016K_M04_multi_20180823_150000Z.aif,FALSE,,audio/aif,16000,16,23.5,,,,,
86896MD01_016K_M04_multi_20180823_163000Z.aif,2018_UnivMD_Maryland_86896_Dep01_20180711,dutyCycle,2018-08-23T16:40:43.427Z,\\Repnas\w\projects\2018_UnivMD_Maryland_86896\86896_MD01_20180711\86896_MD01_AIFF\86896MD01_016K_M04_multi_20180823\86896MD01_016K_M04_multi_20180823_163000Z.aif,FALSE,,audio/aif,16000,16,23.5,,,,,
86896MD01_016K_M04_multi_20180823_173000Z.aif,2018_UnivMD_Maryland_86896_Dep01_20180711,dutyCycle,2018-08-23T17:40:59.044Z,\\Repnas\w\projects\2018_UnivMD_Maryland_86896\86896_MD01_20180711\86896_MD01_AIFF\86896MD01_016K_M04_multi_20180823\86896MD01_016K_M04_multi_20180823_173000Z.aif,FALSE,,audio/aif,16000,16,23.5,,,,,
86896MD01_016K_M04_multi_20180823_203000Z.aif,2018_UnivMD_Maryland_86896_Dep01_20180711,dutyCycle,2018-08-23T20:37:37.332Z,\\Repnas\w\projects\2018_UnivMD_Maryland_86896\86896_MD01_20180711\86896_MD01_AIFF\86896MD01_016K_M04_multi_20180823\86896MD01_016K_M04_multi_20180823_203000Z.aif,FALSE,,audio/aif,16000,16,23.5,,,,,
86896MD01_016K_M04_multi_20180823_221500Z.aif,2018_UnivMD_Maryland_86896_Dep01_20180711,dutyCycle,2018-08-23T22:19:27.915Z,\\Repnas\w\projects\2018_UnivMD_Maryland_86896\86896_MD01_20180711\86896_MD01_AIFF\86896MD01_016K_M04_multi_20180823\86896MD01_016K_M04_multi_20180823_221500Z.aif,FALSE,,audio/aif,16000,16,23.5,,,,,
86896MD01_016K_M04_multi_20180823_223000Z.aif,2018_UnivMD_Maryland_86896_Dep01_20180711,dutyCycle,2018-08-23T22:41:06.467Z,\\Repnas\w\projects\2018_UnivMD_Maryland_86896\86896_MD01_20180711\86896_MD01_AIFF\86896MD01_016K_M04_multi_20180823\86896MD01_016K_M04_multi_20180823_223000Z.aif,FALSE,,audio/aif,16000,16,23.5,,,,,
86896MD01_016K_M04_multi_20180823_224500Z.aif,2018_UnivMD_Maryland_86896_Dep01_20180711,dutyCycle,2018-08-23T22:56:38.716Z,\\Repnas\w\projects\2018_UnivMD_Maryland_86896\86896_MD01_20180711\86896_MD01_AIFF\86896MD01_016K_M04_multi_20180823\86896MD01_016K_M04_multi_20180823_224500Z.aif,FALSE,,audio/aif,16000,16,23.5,,,,,
86896MD01_016K_M04_multi_20180823_233000Z.aif,2018_UnivMD_Maryland_86896_Dep01_20180711,dutyCycle,2018-08-23T23:31:48.187Z,\\Repnas\w\projects\2018_UnivMD_Maryland_86896\86896_MD01_20180711\86896_MD01_AIFF\86896MD01_016K_M04_multi_20180823\86896MD01_016K_M04_multi_20180823_233000Z.aif,FALSE,,audio/aif,16000,16,23.5,,,,,
86896MD01_016K_M04_multi_20180823_233000Z.aif,2018_UnivMD_Maryland_86896_Dep01_20180711,dutyCycle,2018-08-23T23:43:43.628Z,\\Repnas\w\projects\2018_UnivMD_Maryland_86896\86896_MD01_20180711\86896_MD01_AIFF\86896MD01_016K_M04_multi_20180823\86896MD01_016K_M04_multi_20180823_233000Z.aif,FALSE,,audio/aif,16000,16,23.5,,,,,
86896MD01_016K_M04_multi_20180824_003000Z.aif,2018_UnivMD_Maryland_86896_Dep01_20180711,dutyCycle,2018-08-24T00:31:32.315Z,\\Repnas\w\projects\2018_UnivMD_Maryland_86896\86896_MD01_20180711\86896_MD01_AIFF\86896MD01_016K_M04_multi_20180824\86896MD01_016K_M04_multi_20180824_003000Z.aif,FALSE,,audio/aif,16000,16,23.5,,,,,
86896MD01_016K_M04_multi_20180824_003000Z.aif,2018_UnivMD_Maryland_86896_Dep01_20180711,dutyCycle,2018-08-24T00:43:29.044Z,\\Repnas\w\projects\2018_UnivMD_Maryland_86896\86896_MD01_20180711\86896_MD01_AIFF\86896MD01_016K_M04_multi_20180824\86896MD01_016K_M04_multi_20180824_003000Z.aif,FALSE,,audio/aif,16000,16,23.5,,,,,
86896MD01_016K_M04_multi_20180824_003000Z.aif,2018_UnivMD_Maryland_86896_Dep01_20180711,dutyCycle,2018-08-24T00:31:47.932Z,\\Repnas\w\projects\2018_UnivMD_Maryland_86896\86896_MD01_20180711\86896_MD01_AIFF\86896MD01_016K_M04_multi_20180824\86896MD01_016K_M04_multi_20180824_003000Z.aif,FALSE,,audio/aif,16000,16,23.5,,,,,
86896MD01_016K_M04_multi_20180824_010000Z.aif,2018_UnivMD_Maryland_86896_Dep01_20180711,dutyCycle,2018-08-24T01:07:09.435Z,\\Repnas\w\projects\2018_UnivMD_Maryland_86896\86896_MD01_20180711\86896_MD01_AIFF\86896MD01_016K_M04_multi_20180824\86896MD01_016K_M04_multi_20180824_010000Z.aif,FALSE,,audio/aif,16000,16,23.5,,,,,
86896MD01_016K_M04_multi_20180824_010000Z.aif,2018_UnivMD_Maryland_86896_Dep01_20180711,dutyCycle,2018-08-24T01:02:36.308Z,\\Repnas\w\projects\2018_UnivMD_Maryland_86896\86896_MD01_20180711\86896_MD01_AIFF\86896MD01_016K_M04_multi_20180824\86896MD01_016K_M04_multi_20180824_010000Z.aif,FALSE,,audio/aif,16000,16,23.5,,,,,
86896MD01_016K_M04_multi_20180824_010000Z.aif,2018_UnivMD_Maryland_86896_Dep01_20180711,dutyCycle,2018-08-24T01:07:00.475Z,\\Repnas\w\projects\2018_UnivMD_Maryland_86896\86896_MD01_20180711\86896_MD01_AIFF\86896MD01_016K_M04_multi_20180824\86896MD01_016K_M04_multi_20180824_010000Z.aif,FALSE,,audio/aif,16000,16,23.5,,,,,
86896MD01_016K_M04_multi_20180824_011500Z.aif,2018_UnivMD_Maryland_86896_Dep01_20180711,dutyCycle,2018-08-24T01:20:28.323Z,\\Repnas\w\projects\2018_UnivMD_Maryland_86896\86896_MD01_20180711\86896_MD01_AIFF\86896MD01_016K_M04_multi_20180824\86896MD01_016K_M04_multi_20180824_011500Z.aif,FALSE,,audio/aif,16000,16,23.5,,,,,
86896MD01_016K_M04_multi_20180824_013000Z.aif,2018_UnivMD_Maryland_86896_Dep01_20180711,dutyCycle,2018-08-24T01:30:30.628Z,\\Repnas\w\projects\2018_UnivMD_Maryland_86896\86896_MD01_20180711\86896_MD01_AIFF\86896MD01_016K_M04_multi_20180824\86896MD01_016K_M04_multi_20180824_013000Z.aif,FALSE,,audio/aif,16000,16,23.5,,,,,
86896MD01_016K_M04_multi_20180824_014500Z.aif,2018_UnivMD_Maryland_86896_Dep01_20180711,dutyCycle,2018-08-24T01:55:44.963Z,\\Repnas\w\projects\2018_UnivMD_Maryland_86896\86896_MD01_20180711\86896_MD01_AIFF\86896MD01_016K_M04_multi_20180824\86896MD01_016K_M04_multi_20180824_014500Z.aif,FALSE,,audio/aif,16000,16,23.5,,,,,
86896MD01_016K_M04_multi_20180824_014500Z.aif,2018_UnivMD_Maryland_86896_Dep01_20180711,dutyCycle,2018-08-24T01:55:38.564Z,\\Repnas\w\projects\2018_UnivMD_Maryland_86896\86896_MD01_20180711\86896_MD01_AIFF\86896MD01_016K_M04_multi_20180824\86896MD01_016K_M04_multi_20180824_014500Z.aif,FALSE,,audio/aif,16000,16,23.5,,,,,
86896MD01_016K_M04_multi_20180824_021500Z.aif,2018_UnivMD_Maryland_86896_Dep01_20180711,dutyCycle,2018-08-24T02:18:19.572Z,\\Repnas\w\projects\2018_UnivMD_Maryland_86896\86896_MD01_20180711\86896_MD01_AIFF\86896MD01_016K_M04_multi_20180824\86896MD01_016K_M04_multi_20180824_021500Z.aif,FALSE,,audio/aif,16000,16,23.5,,,,,
86896MD01_016K_M04_multi_20180824_023000Z.aif,2018_UnivMD_Maryland_86896_Dep01_20180711,dutyCycle,2018-08-24T02:30:16.547Z,\\Repnas\w\projects\2018_UnivMD_Maryland_86896\86896_MD01_20180711\86896_MD01_AIFF\86896MD01_016K_M04_multi_20180824\86896MD01_016K_M04_multi_20180824_023000Z.aif,FALSE,,audio/aif,16000,16,23.5,,,,,
86896MD01_016K_M04_multi_20180824_024500Z.aif,2018_UnivMD_Maryland_86896_Dep01_20180711,dutyCycle,2018-08-24T02:55:05.283Z,\\Repnas\w\projects\2018_UnivMD_Maryland_86896\86896_MD01_20180711\86896_MD01_AIFF\86896MD01_016K_M04_multi_20180824\86896MD01_016K_M04_multi_20180824_024500Z.aif,FALSE,,audio/aif,16000,16,23.5,,,,,
86896MD01_016K_M04_multi_20180824_024500Z.aif,2018_UnivMD_Maryland_86896_Dep01_20180711,dutyCycle,2018-08-24T02:57:05.340Z,\\Repnas\w\projects\2018_UnivMD_Maryland_86896\86896_MD01_20180711\86896_MD01_AIFF\86896MD01_016K_M04_multi_20180824\86896MD01_016K_M04_multi_20180824_024500Z.aif,FALSE,,audio/aif,16000,16,23.5,,,,,
86896MD01_016K_M04_multi_20180824_024500Z.aif,2018_UnivMD_Maryland_86896_Dep01_20180711,dutyCycle,2018-08-24T02:54:47.116Z,\\Repnas\w\projects\2018_UnivMD_Maryland_86896\86896_MD01_20180711\86896_MD01_AIFF\86896MD01_016K_M04_multi_20180824\86896MD01_016K_M04_multi_20180824_024500Z.aif,FALSE,,audio/aif,16000,16,23.5,,,,,
86896MD01_016K_M04_multi_20180824_054500Z.aif,2018_UnivMD_Maryland_86896_Dep01_20180711,dutyCycle,2018-08-24T05:56:21.564Z,\\Repnas\w\projects\2018_UnivMD_Maryland_86896\86896_MD01_20180711\86896_MD01_AIFF\86896MD01_016K_M04_multi_20180824\86896MD01_016K_M04_multi_20180824_054500Z.aif,FALSE,,audio/aif,16000,16,23.5,,,,,
86896MD01_016K_M04_multi_20180824_063000Z.aif,2018_UnivMD_Maryland_86896_Dep01_20180711,dutyCycle,2018-08-24T06:43:06.516Z,\\Repnas\w\projects\2018_UnivMD_Maryland_86896\86896_MD01_20180711\86896_MD01_AIFF\86896MD01_016K_M04_multi_20180824\86896MD01_016K_M04_multi_20180824_063000Z.aif,FALSE,,audio/aif,16000,16,23.5,,,,,
86896MD01_016K_M04_multi_20180824_080000Z.aif,2018_UnivMD_Maryland_86896_Dep01_20180711,dutyCycle,2018-08-24T08:06:47.164Z,\\Repnas\w\projects\2018_UnivMD_Maryland_86896\86896_MD01_20180711\86896_MD01_AIFF\86896MD01_016K_M04_multi_20180824\86896MD01_016K_M04_multi_20180824_080000Z.aif,FALSE,,audio/aif,16000,16,23.5,,,,,
86896MD01_016K_M04_multi_20180824_081500Z.aif,2018_UnivMD_Maryland_86896_Dep01_20180711,dutyCycle,2018-08-24T08:17:51.411Z,\\Repnas\w\projects\2018_UnivMD_Maryland_86896\86896_MD01_20180711\86896_MD01_AIFF\86896MD01_016K_M04_multi_20180824\86896MD01_016K_M04_multi_20180824_081500Z.aif,FALSE,,audio/aif,16000,16,23.5,,,,,
86896MD01_016K_M04_multi_20180824_103000Z.aif,2018_UnivMD_Maryland_86896_Dep01_20180711,dutyCycle,2018-08-24T10:37:32.211Z,\\Repnas\w\projects\2018_UnivMD_Maryland_86896\86896_MD01_20180711\86896_MD01_AIFF\86896MD01_016K_M04_multi_20180824\86896MD01_016K_M04_multi_20180824_103000Z.aif,FALSE,,audio/aif,16000,16,23.5,,,,,
86896MD01_016K_M04_multi_20180824_121500Z.aif,2018_UnivMD_Maryland_86896_Dep01_20180711,dutyCycle,2018-08-24T12:16:31.547Z,\\Repnas\w\projects\2018_UnivMD_Maryland_86896\86896_MD01_20180711\86896_MD01_AIFF\86896MD01_016K_M04_multi_20180824\86896MD01_016K_M04_multi_20180824_121500Z.aif,FALSE,,audio/aif,16000,16,23.5,,,,,
86896MD01_016K_M04_multi_20180824_123000Z.aif,2018_UnivMD_Maryland_86896_Dep01_20180711,dutyCycle,2018-08-24T12:44:18.955Z,\\Repnas\w\projects\2018_UnivMD_Maryland_86896\86896_MD01_20180711\86896_MD01_AIFF\86896MD01_016K_M04_multi_20180824\86896MD01_016K_M04_multi_20180824_123000Z.aif,FALSE,,audio/aif,16000,16,23.5,,,,,
86896MD01_016K_M04_multi_20180824_133000Z.aif,2018_UnivMD_Maryland_86896_Dep01_20180711,dutyCycle,2018-08-24T13:37:22.748Z,\\Repnas\w\projects\2018_UnivMD_Maryland_86896\86896_MD01_20180711\86896_MD01_AIFF\86896MD01_016K_M04_multi_20180824\86896MD01_016K_M04_multi_20180824_133000Z.aif,FALSE,,audio/aif,16000,16,23.5,,,,,
86896MD01_016K_M04_multi_20180824_140000Z.aif,2018_UnivMD_Maryland_86896_Dep01_20180711,dutyCycle,2018-08-24T14:03:24.435Z,\\Repnas\w\projects\2018_UnivMD_Maryland_86896\86896_MD01_20180711\86896_MD01_AIFF\86896MD01_016K_M04_multi_20180824\86896MD01_016K_M04_multi_20180824_140000Z.aif,FALSE,,audio/aif,16000,16,23.5,,,,,
86896MD01_016K_M04_multi_20180824_144500Z.aif,2018_UnivMD_Maryland_86896_Dep01_20180711,dutyCycle,2018-08-24T14:46:23.611Z,\\Repnas\w\projects\2018_UnivMD_Maryland_86896\86896_MD01_20180711\86896_MD01_AIFF\86896MD01_016K_M04_multi_20180824\86896MD01_016K_M04_multi_20180824_144500Z.aif,FALSE,,audio/aif,16000,16,23.5,,,,,
86896MD01_016K_M04_multi_20180824_160000Z.aif,2018_UnivMD_Maryland_86896_Dep01_20180711,dutyCycle,2018-08-24T16:04:48.395Z,\\Repnas\w\projects\2018_UnivMD_Maryland_86896\86896_MD01_20180711\86896_MD01_AIFF\86896MD01_016K_M04_multi_20180824\86896MD01_016K_M04_multi_20180824_160000Z.aif,FALSE,,audio/aif,16000,16,23.5,,,,,
86896MD01_016K_M04_multi_20180824_180000Z.aif,2018_UnivMD_Maryland_86896_Dep01_20180711,dutyCycle,2018-08-24T18:10:55.972Z,\\Repnas\w\projects\2018_UnivMD_Maryland_86896\86896_MD01_20180711\86896_MD01_AIFF\86896MD01_016K_M04_multi_20180824\86896MD01_016K_M04_multi_20180824_180000Z.aif,FALSE,,audio/aif,16000,16,23.5,,,,,
86896MD01_016K_M04_multi_20180824_221500Z.aif,2018_UnivMD_Maryland_86896_Dep01_20180711,dutyCycle,2018-08-24T22:22:28.883Z,\\Repnas\w\projects\2018_UnivMD_Maryland_86896\86896_MD01_20180711\86896_MD01_AIFF\86896MD01_016K_M04_multi_20180824\86896MD01_016K_M04_multi_20180824_221500Z.aif,FALSE,,audio/aif,16000,16,23.5,,,,,
86896MD01_016K_M04_multi_20180824_221500Z.aif,2018_UnivMD_Maryland_86896_Dep01_20180711,dutyCycle,2018-08-24T22:23:43.883Z,\\Repnas\w\projects\2018_UnivMD_Maryland_86896\86896_MD01_20180711\86896_MD01_AIFF\86896MD01_016K_M04_multi_20180824\86896MD01_016K_M04_multi_20180824_221500Z.aif,FALSE,,audio/aif,16000,16,23.5,,,,,
86896MD01_016K_M04_multi_20180824_231500Z.aif,2018_UnivMD_Maryland_86896_Dep01_20180711,dutyCycle,2018-08-24T23:22:13.788Z,\\Repnas\w\projects\2018_UnivMD_Maryland_86896\86896_MD01_20180711\86896_MD01_AIFF\86896MD01_016K_M04_multi_20180824\86896MD01_016K_M04_multi_20180824_231500Z.aif,FALSE,,audio/aif,16000,16,23.5,,,,,
86896MD01_016K_M04_multi_20180824_234500Z.aif,2018_UnivMD_Maryland_86896_Dep01_20180711,dutyCycle,2018-08-24T23:46:49.211Z,\\Repnas\w\projects\2018_UnivMD_Maryland_86896\86896_MD01_20180711\86896_MD01_AIFF\86896MD01_016K_M04_multi_20180824\86896MD01_016K_M04_multi_20180824_234500Z.aif,FALSE,,audio/aif,16000,16,23.5,,,,,
86896MD01_016K_M04_multi_20180824_234500Z.aif,2018_UnivMD_Maryland_86896_Dep01_20180711,dutyCycle,2018-08-24T23:59:36.619Z,\\Repnas\w\projects\2018_UnivMD_Maryland_86896\86896_MD01_20180711\86896_MD01_AIFF\86896MD01_016K_M04_multi_20180824\86896MD01_016K_M04_multi_20180824_234500Z.aif,FALSE,,audio/aif,16000,16,23.5,,,,,
86896MD01_016K_M04_multi_20180825_001500Z.aif,2018_UnivMD_Maryland_86896_Dep01_20180711,dutyCycle,2018-08-25T00:23:39.283Z,\\Repnas\w\projects\2018_UnivMD_Maryland_86896\86896_MD01_20180711\86896_MD01_AIFF\86896MD01_016K_M04_multi_20180825\86896MD01_016K_M04_multi_20180825_001500Z.aif,FALSE,,audio/aif,16000,16,23.5,,,,,
86896MD01_016K_M04_multi_20180825_014500Z.aif,2018_UnivMD_Maryland_86896_Dep01_20180711,dutyCycle,2018-08-25T01:45:43.171Z,\\Repnas\w\projects\2018_UnivMD_Maryland_86896\86896_MD01_20180711\86896_MD01_AIFF\86896MD01_016K_M04_multi_20180825\86896MD01_016K_M04_multi_20180825_014500Z.aif,FALSE,,audio/aif,16000,16,23.5,,,,,
86896MD01_016K_M04_multi_20180825_014500Z.aif,2018_UnivMD_Maryland_86896_Dep01_20180711,dutyCycle,2018-08-25T01:47:03.803Z,\\Repnas\w\projects\2018_UnivMD_Maryland_86896\86896_MD01_20180711\86896_MD01_AIFF\86896MD01_016K_M04_multi_20180825\86896MD01_016K_M04_multi_20180825_014500Z.aif,FALSE,,audio/aif,16000,16,23.5,,,,,
86896MD01_016K_M04_multi_20180825_020000Z.aif,2018_UnivMD_Maryland_86896_Dep01_20180711,dutyCycle,2018-08-25T02:10:17.315Z,\\Repnas\w\projects\2018_UnivMD_Maryland_86896\86896_MD01_20180711\86896_MD01_AIFF\86896MD01_016K_M04_multi_20180825\86896MD01_016K_M04_multi_20180825_020000Z.aif,FALSE,,audio/aif,16000,16,23.5,,,,,
86896MD01_016K_M04_multi_20180825_023000Z.aif,2018_UnivMD_Maryland_86896_Dep01_20180711,dutyCycle,2018-08-25T02:34:54.027Z,\\Repnas\w\projects\2018_UnivMD_Maryland_86896\86896_MD01_20180711\86896_MD01_AIFF\86896MD01_016K_M04_multi_20180825\86896MD01_016K_M04_multi_20180825_023000Z.aif,FALSE,,audio/aif,16000,16,23.5,,,,,
86896MD01_016K_M04_multi_20180825_033000Z.aif,2018_UnivMD_Maryland_86896_Dep01_20180711,dutyCycle,2018-08-25T03:33:05.236Z,\\Repnas\w\projects\2018_UnivMD_Maryland_86896\86896_MD01_20180711\86896_MD01_AIFF\86896MD01_016K_M04_multi_20180825\86896MD01_016K_M04_multi_20180825_033000Z.aif,FALSE,,audio/aif,16000,16,23.5,,,,,
86896MD01_016K_M04_multi_20180825_044500Z.aif,2018_UnivMD_Maryland_86896_Dep01_20180711,dutyCycle,2018-08-25T04:57:09.179Z,\\Repnas\w\projects\2018_UnivMD_Maryland_86896\86896_MD01_20180711\86896_MD01_AIFF\86896MD01_016K_M04_multi_20180825\86896MD01_016K_M04_multi_20180825_044500Z.aif,FALSE,,audio/aif,16000,16,23.5,,,,,
86896MD01_016K_M04_multi_20180825_061500Z.aif,2018_UnivMD_Maryland_86896_Dep01_20180711,dutyCycle,2018-08-25T06:22:00.987Z,\\Repnas\w\projects\2018_UnivMD_Maryland_86896\86896_MD01_20180711\86896_MD01_AIFF\86896MD01_016K_M04_multi_20180825\86896MD01_016K_M04_multi_20180825_061500Z.aif,FALSE,,audio/aif,16000,16,23.5,,,,,
86896MD01_016K_M04_multi_20180825_070000Z.aif,2018_UnivMD_Maryland_86896_Dep01_20180711,dutyCycle,2018-08-25T07:03:01.651Z,\\Repnas\w\projects\2018_UnivMD_Maryland_86896\86896_MD01_20180711\86896_MD01_AIFF\86896MD01_016K_M04_multi_20180825\86896MD01_016K_M04_multi_20180825_070000Z.aif,FALSE,,audio/aif,16000,16,23.5,,,,,
86896MD01_016K_M04_multi_20180825_081500Z.aif,2018_UnivMD_Maryland_86896_Dep01_20180711,dutyCycle,2018-08-25T08:20:18.340Z,\\Repnas\w\projects\2018_UnivMD_Maryland_86896\86896_MD01_20180711\86896_MD01_AIFF\86896MD01_016K_M04_multi_20180825\86896MD01_016K_M04_multi_20180825_081500Z.aif,FALSE,,audio/aif,16000,16,23.5,,,,,
86896MD01_016K_M04_multi_20180825_081500Z.aif,2018_UnivMD_Maryland_86896_Dep01_20180711,dutyCycle,2018-08-25T08:20:48.803Z,\\Repnas\w\projects\2018_UnivMD_Maryland_86896\86896_MD01_20180711\86896_MD01_AIFF\86896MD01_016K_M04_multi_20180825\86896MD01_016K_M04_multi_20180825_081500Z.aif,FALSE,,audio/aif,16000,16,23.5,,,,,
86896MD01_016K_M04_multi_20180825_110000Z.aif,2018_UnivMD_Maryland_86896_Dep01_20180711,dutyCycle,2018-08-25T11:09:10.763Z,\\Repnas\w\projects\2018_UnivMD_Maryland_86896\86896_MD01_20180711\86896_MD01_AIFF\86896MD01_016K_M04_multi_20180825\86896MD01_016K_M04_multi_20180825_110000Z.aif,FALSE,,audio/aif,16000,16,23.5,,,,,
86896MD01_016K_M04_multi_20180825_123000Z.aif,2018_UnivMD_Maryland_86896_Dep01_20180711,dutyCycle,2018-08-25T12:33:45.676Z,\\Repnas\w\projects\2018_UnivMD_Maryland_86896\86896_MD01_20180711\86896_MD01_AIFF\86896MD01_016K_M04_multi_20180825\86896MD01_016K_M04_multi_20180825_123000Z.aif,FALSE,,audio/aif,16000,16,23.5,,,,,
86896MD01_016K_M04_multi_20180825_123000Z.aif,2018_UnivMD_Maryland_86896_Dep01_20180711,dutyCycle,2018-08-25T12:34:04.875Z,\\Repnas\w\projects\2018_UnivMD_Maryland_86896\86896_MD01_20180711\86896_MD01_AIFF\86896MD01_016K_M04_multi_20180825\86896MD01_016K_M04_multi_20180825_123000Z.aif,FALSE,,audio/aif,16000,16,23.5,,,,,
86896MD01_016K_M04_multi_20180825_131500Z.aif,2018_UnivMD_Maryland_86896_Dep01_20180711,dutyCycle,2018-08-25T13:23:24.947Z,\\Repnas\w\projects\2018_UnivMD_Maryland_86896\86896_MD01_20180711\86896_MD01_AIFF\86896MD01_016K_M04_multi_20180825\86896MD01_016K_M04_multi_20180825_131500Z.aif,FALSE,,audio/aif,16000,16,23.5,,,,,
86896MD01_016K_M04_multi_20180825_131500Z.aif,2018_UnivMD_Maryland_86896_Dep01_20180711,dutyCycle,2018-08-25T13:15:37.283Z,\\Repnas\w\projects\2018_UnivMD_Maryland_86896\86896_MD01_20180711\86896_MD01_AIFF\86896MD01_016K_M04_multi_20180825\86896MD01_016K_M04_multi_20180825_131500Z.aif,FALSE,,audio/aif,16000,16,23.5,,,,,
86896MD01_016K_M04_multi_20180825_153000Z.aif,2018_UnivMD_Maryland_86896_Dep01_20180711,dutyCycle,2018-08-25T15:38:43.883Z,\\Repnas\w\projects\2018_UnivMD_Maryland_86896\86896_MD01_20180711\86896_MD01_AIFF\86896MD01_016K_M04_multi_20180825\86896MD01_016K_M04_multi_20180825_153000Z.aif,FALSE,,audio/aif,16000,16,23.5,,,,,
86896MD01_016K_M04_multi_20180825_154500Z.aif,2018_UnivMD_Maryland_86896_Dep01_20180711,dutyCycle,2018-08-25T15:56:00.323Z,\\Repnas\w\projects\2018_UnivMD_Maryland_86896\86896_MD01_20180711\86896_MD01_AIFF\86896MD01_016K_M04_multi_20180825\86896MD01_016K_M04_multi_20180825_154500Z.aif,FALSE,,audio/aif,16000,16,23.5,,,,,
86896MD01_016K_M04_multi_20180825_173000Z.aif,2018_UnivMD_Maryland_86896_Dep01_20180711,dutyCycle,2018-08-25T17:41:09.027Z,\\Repnas\w\projects\2018_UnivMD_Maryland_86896\86896_MD01_20180711\86896_MD01_AIFF\86896MD01_016K_M04_multi_20180825\86896MD01_016K_M04_multi_20180825_173000Z.aif,FALSE,,audio/aif,16000,16,23.5,,,,,
86896MD01_016K_M04_multi_20180825_211500Z.aif,2018_UnivMD_Maryland_86896_Dep01_20180711,dutyCycle,2018-08-25T21:26:52.539Z,\\Repnas\w\projects\2018_UnivMD_Maryland_86896\86896_MD01_20180711\86896_MD01_AIFF\86896MD01_016K_M04_multi_20180825\86896MD01_016K_M04_multi_20180825_211500Z.aif,FALSE,,audio/aif,16000,16,23.5,,,,,
86896MD01_016K_M04_multi_20180825_230000Z.aif,2018_UnivMD_Maryland_86896_Dep01_20180711,dutyCycle,2018-08-25T23:05:48.547Z,\\Repnas\w\projects\2018_UnivMD_Maryland_86896\86896_MD01_20180711\86896_MD01_AIFF\86896MD01_016K_M04_multi_20180825\86896MD01_016K_M04_multi_20180825_230000Z.aif,FALSE,,audio/aif,16000,16,23.5,,,,,
86896MD01_016K_M04_multi_20180826_003000Z.aif,2018_UnivMD_Maryland_86896_Dep01_20180711,dutyCycle,2018-08-26T00:42:14.812Z,\\Repnas\w\projects\2018_UnivMD_Maryland_86896\86896_MD01_20180711\86896_MD01_AIFF\86896MD01_016K_M04_multi_20180826\86896MD01_016K_M04_multi_20180826_003000Z.aif,FALSE,,audio/aif,16000,16,23.5,,,,,
86896MD01_016K_M04_multi_20180826_004500Z.aif,2018_UnivMD_Maryland_86896_Dep01_20180711,dutyCycle,2018-08-26T00:54:32.779Z,\\Repnas\w\projects\2018_UnivMD_Maryland_86896\86896_MD01_20180711\86896_MD01_AIFF\86896MD01_016K_M04_multi_20180826\86896MD01_016K_M04_multi_20180826_004500Z.aif,FALSE,,audio/aif,16000,16,23.5,,,,,
86896MD01_016K_M04_multi_20180826_011500Z.aif,2018_UnivMD_Maryland_86896_Dep01_20180711,dutyCycle,2018-08-26T01:17:39.636Z,\\Repnas\w\projects\2018_UnivMD_Maryland_86896\86896_MD01_20180711\86896_MD01_AIFF\86896MD01_016K_M04_multi_20180826\86896MD01_016K_M04_multi_20180826_011500Z.aif,FALSE,,audio/aif,16000,16,23.5,,,,,
86896MD01_016K_M04_multi_20180826_014500Z.aif,2018_UnivMD_Maryland_86896_Dep01_20180711,dutyCycle,2018-08-26T01:54:21.516Z,\\Repnas\w\projects\2018_UnivMD_Maryland_86896\86896_MD01_20180711\86896_MD01_AIFF\86896MD01_016K_M04_multi_20180826\86896MD01_016K_M04_multi_20180826_014500Z.aif,FALSE,,audio/aif,16000,16,23.5,,,,,
86896MD01_016K_M04_multi_20180826_014500Z.aif,2018_UnivMD_Maryland_86896_Dep01_20180711,dutyCycle,2018-08-26T01:58:47.980Z,\\Repnas\w\projects\2018_UnivMD_Maryland_86896\86896_MD01_20180711\86896_MD01_AIFF\86896MD01_016K_M04_multi_20180826\86896MD01_016K_M04_multi_20180826_014500Z.aif,FALSE,,audio/aif,16000,16,23.5,,,,,
86896MD01_016K_M04_multi_20180826_024500Z.aif,2018_UnivMD_Maryland_86896_Dep01_20180711,dutyCycle,2018-08-26T02:52:58.323Z,\\Repnas\w\projects\2018_UnivMD_Maryland_86896\86896_MD01_20180711\86896_MD01_AIFF\86896MD01_016K_M04_multi_20180826\86896MD01_016K_M04_multi_20180826_024500Z.aif,FALSE,,audio/aif,16000,16,23.5,,,,,
86896MD01_016K_M04_multi_20180826_040000Z.aif,2018_UnivMD_Maryland_86896_Dep01_20180711,dutyCycle,2018-08-26T04:06:14.139Z,\\Repnas\w\projects\2018_UnivMD_Maryland_86896\86896_MD01_20180711\86896_MD01_AIFF\86896MD01_016K_M04_multi_20180826\86896MD01_016K_M04_multi_20180826_040000Z.aif,FALSE,,audio/aif,16000,16,23.5,,,,,
86896MD01_016K_M04_multi_20180826_051500Z.aif,2018_UnivMD_Maryland_86896_Dep01_20180711,dutyCycle,2018-08-26T05:22:33.236Z,\\Repnas\w\projects\2018_UnivMD_Maryland_86896\86896_MD01_20180711\86896_MD01_AIFF\86896MD01_016K_M04_multi_20180826\86896MD01_016K_M04_multi_20180826_051500Z.aif,FALSE,,audio/aif,16000,16,23.5,,,,,
86896MD01_016K_M04_multi_20180826_051500Z.aif,2018_UnivMD_Maryland_86896_Dep01_20180711,dutyCycle,2018-08-26T05:19:25.611Z,\\Repnas\w\projects\2018_UnivMD_Maryland_86896\86896_MD01_20180711\86896_MD01_AIFF\86896MD01_016K_M04_multi_20180826\86896MD01_016K_M04_multi_20180826_051500Z.aif,FALSE,,audio/aif,16000,16,23.5,,,,,
86896MD01_016K_M04_multi_20180826_064500Z.aif,2018_UnivMD_Maryland_86896_Dep01_20180711,dutyCycle,2018-08-26T06:52:30.420Z,\\Repnas\w\projects\2018_UnivMD_Maryland_86896\86896_MD01_20180711\86896_MD01_AIFF\86896MD01_016K_M04_multi_20180826\86896MD01_016K_M04_multi_20180826_064500Z.aif,FALSE,,audio/aif,16000,16,23.5,,,,,
86896MD01_016K_M04_multi_20180826_070000Z.aif,2018_UnivMD_Maryland_86896_Dep01_20180711,dutyCycle,2018-08-26T07:05:16.803Z,\\Repnas\w\projects\2018_UnivMD_Maryland_86896\86896_MD01_20180711\86896_MD01_AIFF\86896MD01_016K_M04_multi_20180826\86896MD01_016K_M04_multi_20180826_070000Z.aif,FALSE,,audio/aif,16000,16,23.5,,,,,
86896MD01_016K_M04_multi_20180826_071500Z.aif,2018_UnivMD_Maryland_86896_Dep01_20180711,dutyCycle,2018-08-26T07:28:44.139Z,\\Repnas\w\projects\2018_UnivMD_Maryland_86896\86896_MD01_20180711\86896_MD01_AIFF\86896MD01_016K_M04_multi_20180826\86896MD01_016K_M04_multi_20180826_071500Z.aif,FALSE,,audio/aif,16000,16,23.5,,,,,
86896MD01_016K_M04_multi_20180826_080000Z.aif,2018_UnivMD_Maryland_86896_Dep01_20180711,dutyCycle,2018-08-26T08:03:15.987Z,\\Repnas\w\projects\2018_UnivMD_Maryland_86896\86896_MD01_20180711\86896_MD01_AIFF\86896MD01_016K_M04_multi_20180826\86896MD01_016K_M04_multi_20180826_080000Z.aif,FALSE,,audio/aif,16000,16,23.5,,,,,
86896MD01_016K_M04_multi_20180826_103000Z.aif,2018_UnivMD_Maryland_86896_Dep01_20180711,dutyCycle,2018-08-26T10:40:39.075Z,\\Repnas\w\projects\2018_UnivMD_Maryland_86896\86896_MD01_20180711\86896_MD01_AIFF\86896MD01_016K_M04_multi_20180826\86896MD01_016K_M04_multi_20180826_103000Z.aif,FALSE,,audio/aif,16000,16,23.5,,,,,
86896MD01_016K_M04_multi_20180826_104500Z.aif,2018_UnivMD_Maryland_86896_Dep01_20180711,dutyCycle,2018-08-26T10:47:55.251Z,\\Repnas\w\projects\2018_UnivMD_Maryland_86896\86896_MD01_20180711\86896_MD01_AIFF\86896MD01_016K_M04_multi_20180826\86896MD01_016K_M04_multi_20180826_104500Z.aif,FALSE,,audio/aif,16000,16,23.5,,,,,
86896MD01_016K_M04_multi_20180826_104500Z.aif,2018_UnivMD_Maryland_86896_Dep01_20180711,dutyCycle,2018-08-26T10:50:07.332Z,\\Repnas\w\projects\2018_UnivMD_Maryland_86896\86896_MD01_20180711\86896_MD01_AIFF\86896MD01_016K_M04_multi_20180826\86896MD01_016K_M04_multi_20180826_104500Z.aif,FALSE,,audio/aif,16000,16,23.5,,,,,
86896MD01_016K_M04_multi_20180826_111500Z.aif,2018_UnivMD_Maryland_86896_Dep01_20180711,dutyCycle,2018-08-26T11:16:42.299Z,\\Repnas\w\projects\2018_UnivMD_Maryland_86896\86896_MD01_20180711\86896_MD01_AIFF\86896MD01_016K_M04_multi_20180826\86896MD01_016K_M04_multi_20180826_111500Z.aif,FALSE,,audio/aif,16000,16,23.5,,,,,
86896MD01_016K_M04_multi_20180826_114500Z.aif,2018_UnivMD_Maryland_86896_Dep01_20180711,dutyCycle,2018-08-26T11:45:47.687Z,\\Repnas\w\projects\2018_UnivMD_Maryland_86896\86896_MD01_20180711\86896_MD01_AIFF\86896MD01_016K_M04_multi_20180826\86896MD01_016K_M04_multi_20180826_114500Z.aif,FALSE,,audio/aif,16000,16,23.5,,,,,
86896MD01_016K_M04_multi_20180826_140000Z.aif,2018_UnivMD_Maryland_86896_Dep01_20180711,dutyCycle,2018-08-26T14:03:38.771Z,\\Repnas\w\projects\2018_UnivMD_Maryland_86896\86896_MD01_20180711\86896_MD01_AIFF\86896MD01_016K_M04_multi_20180826\86896MD01_016K_M04_multi_20180826_140000Z.aif,FALSE,,audio/aif,16000,16,23.5,,,,,
86896MD01_016K_M04_multi_20180826_144500Z.aif,2018_UnivMD_Maryland_86896_Dep01_20180711,dutyCycle,2018-08-26T14:53:47.723Z,\\Repnas\w\projects\2018_UnivMD_Maryland_86896\86896_MD01_20180711\86896_MD01_AIFF\86896MD01_016K_M04_multi_20180826\86896MD01_016K_M04_multi_20180826_144500Z.aif,FALSE,,audio/aif,16000,16,23.5,,,,,
86896MD01_016K_M04_multi_20180826_160000Z.aif,2018_UnivMD_Maryland_86896_Dep01_20180711,dutyCycle,2018-08-26T16:02:50.900Z,\\Repnas\w\projects\2018_UnivMD_Maryland_86896\86896_MD01_20180711\86896_MD01_AIFF\86896MD01_016K_M04_multi_20180826\86896MD01_016K_M04_multi_20180826_160000Z.aif,FALSE,,audio/aif,16000,16,23.5,,,,,
