observationID,deploymentID,mediaID,eventID,eventStart,eventEnd,observationLevel,observationType,deviceSetupType,scientificName,count,lifeStage,sex,behavior,individualID,individualPositionRadius,individualPositionAngle,individualSpeed,bboxX,bboxY,bboxWidth,bboxHeight,frequencyLow,frequencyHigh,classificationMethod,classifiedBy,classificationTimestamp,classificationProbability,observationTags,observationComments
86896MD01_016K_M04_multi_20180711_123000Z.aif_25,2018_UnivMD_Maryland_86896_Dep01_20180711,86896MD01_016K_M04_multi_20180711_123000Z.aif,,1775.963142,1780.020852,interval,animal,,,,,,,,,,,,,,,,,machine,,,0.522549,1-2-f,parm file = FW2O_p25.mat
86896MD01_016K_M04_multi_20180711_123000Z.aif_4,2018_UnivMD_Maryland_86896_Dep01_20180711,86896MD01_016K_M04_multi_20180711_123000Z.aif,,1161.771971,1167.588021,interval,animal,,,,,,,,,,,,,,,,,machine,,,0.557014,1-4-f,parm file = FW2O_p25.mat
86896MD01_016K_M04_multi_20180711_124500Z.aif_37,2018_UnivMD_Maryland_86896_Dep01_20180711,86896MD01_016K_M04_multi_20180711_124500Z.aif,,2334.891975,2340.708025,interval,animal,,,,,,,,,,,,,,,,,machine,,,0.630557,1-4-f,parm file = FW2O_p25.mat
86896MD01_016K_M04_multi_20180711_154500Z.aif_299,2018_UnivMD_Maryland_86896_Dep01_20180711,86896MD01_016K_M04_multi_20180711_154500Z.aif,,13059.379975,13065.196025,interval,animal,,,,,,,,,,,,,,,,,machine,,,0.539637,1-4-f,parm file = FW2O_p25.mat
86896MD01_016K_M04_multi_20180711_154500Z.aif_326,2018_UnivMD_Maryland_86896_Dep01_20180711,86896MD01_016K_M04_multi_20180711_154500Z.aif,,13373.715975,13379.532025,interval,animal,,,,,,,,,,,,,,,,,machine,,,0.523829,1-4-f,parm file = FW2O_p25.mat
86896MD01_016K_M04_multi_20180711_160000Z.aif_360,2018_UnivMD_Maryland_86896_Dep01_20180711,86896MD01_016K_M04_multi_20180711_160000Z.aif,,13822.947978,13828.764028,interval,animal,,,,,,,,,,,,,,,,,machine,,,0.519811,1-4-f,parm file = FW2O_p25.mat
86896MD01_016K_M04_multi_20180711_160000Z.aif_390,2018_UnivMD_Maryland_86896_Dep01_20180711,86896MD01_016K_M04_multi_20180711_160000Z.aif,,14130.627978,14136.444028,interval,animal,,,,,,,,,,,,,,,,,machine,,,0.554788,1-4-f,parm file = FW2O_p25.mat
86896MD01_016K_M04_multi_20180711_164500Z.aif_445,2018_UnivMD_Maryland_86896_Dep01_20180711,86896MD01_016K_M04_multi_20180711_164500Z.aif,,16503.091149,16507.148859,interval,animal,,,,,,,,,,,,,,,,,machine,,,0.694204,1-2-f,parm file = FW2O_p25.mat
86896MD01_016K_M04_multi_20180711_171500Z.aif_513,2018_UnivMD_Maryland_86896_Dep01_20180711,86896MD01_016K_M04_multi_20180711_171500Z.aif,,18602.579145,18606.636855,interval,animal,,,,,,,,,,,,,,,,,machine,,,0.712876,1-2-f,parm file = FW2O_p25.mat
86896MD01_016K_M04_multi_20180711_171500Z.aif_517,2018_UnivMD_Maryland_86896_Dep01_20180711,86896MD01_016K_M04_multi_20180711_171500Z.aif,,18697.803145,18701.860855,interval,animal,,,,,,,,,,,,,,,,,machine,,,0.568051,1-2-f,parm file = FW2O_p25.mat
86896MD01_016K_M04_multi_20180712_000000Z.aif_760,2018_UnivMD_Maryland_86896_Dep01_20180711,86896MD01_016K_M04_multi_20180712_000000Z.aif,,42662.995145,42667.052855,interval,animal,,,,,,,,,,,,,,,,,machine,,,0.634438,1-2-f,parm file = FW2O_p25.mat
86896MD01_016K_M04_multi_20180712_074500Z.aif_855,2018_UnivMD_Maryland_86896_Dep01_20180711,86896MD01_016K_M04_multi_20180712_074500Z.aif,,70464.955149,70469.012859,interval,animal,,,,,,,,,,,,,,,,,machine,,,0.548517,1-2-f,parm file = FW2O_p25.mat
86896MD01_016K_M04_multi_20180712_093000Z.aif_1132,2018_UnivMD_Maryland_86896_Dep01_20180711,86896MD01_016K_M04_multi_20180712_093000Z.aif,,76831.048256,76835.511736,interval,animal,,,,,,,,,,,,,,,,,machine,,,0.531611,1-1-f,parm file = FW2O_p25.mat
86896MD01_016K_M04_multi_20180712_093000Z.aif_1166,2018_UnivMD_Maryland_86896_Dep01_20180711,86896MD01_016K_M04_multi_20180712_093000Z.aif,,77039.243971,77045.060021,interval,animal,,,,,,,,,,,,,,,,,machine,,,0.566332,1-4-f,parm file = FW2O_p25.mat
86896MD01_016K_M04_multi_20180712_094500Z.aif_1234,2018_UnivMD_Maryland_86896_Dep01_20180711,86896MD01_016K_M04_multi_20180712_094500Z.aif,,77467.144260,77471.607740,interval,animal,,,,,,,,,,,,,,,,,machine,,,0.632694,1-1-f,parm file = FW2O_p25.mat
86896MD01_016K_M04_multi_20180712_094500Z.aif_1280,2018_UnivMD_Maryland_86896_Dep01_20180711,86896MD01_016K_M04_multi_20180712_094500Z.aif,,77820.475975,77826.292025,interval,animal,,,,,,,,,,,,,,,,,machine,,,0.542125,1-4-f,parm file = FW2O_p25.mat
86896MD01_016K_M04_multi_20180712_100000Z.aif_1346,2018_UnivMD_Maryland_86896_Dep01_20180711,86896MD01_016K_M04_multi_20180712_100000Z.aif,,78335.747978,78341.564028,interval,animal,,,,,,,,,,,,,,,,,machine,,,0.589386,1-4-f,parm file = FW2O_p25.mat
86896MD01_016K_M04_multi_20180712_100000Z.aif_1389,2018_UnivMD_Maryland_86896_Dep01_20180711,86896MD01_016K_M04_multi_20180712_100000Z.aif,,78539.243978,78545.060028,interval,animal,,,,,,,,,,,,,,,,,machine,,,0.520820,1-4-f,parm file = FW2O_p25.mat
86896MD01_016K_M04_multi_20180712_100000Z.aif_1411,2018_UnivMD_Maryland_86896_Dep01_20180711,86896MD01_016K_M04_multi_20180712_100000Z.aif,,78621.064263,78625.527743,interval,animal,,,,,,,,,,,,,,,,,machine,,,0.526367,1-1-f,parm file = FW2O_p25.mat
86896MD01_016K_M04_multi_20180712_101500Z.aif_1601,2018_UnivMD_Maryland_86896_Dep01_20180711,86896MD01_016K_M04_multi_20180712_101500Z.aif,,79634.299971,79640.116021,interval,animal,,,,,,,,,,,,,,,,,machine,,,0.534699,1-4-f,parm file = FW2O_p25.mat
86896MD01_016K_M04_multi_20180712_101500Z.aif_1685,2018_UnivMD_Maryland_86896_Dep01_20180711,86896MD01_016K_M04_multi_20180712_101500Z.aif,,80050.507971,80056.324021,interval,animal,,,,,,,,,,,,,,,,,machine,,,0.578971,1-4-f,parm file = FW2O_p25.mat
86896MD01_016K_M04_multi_20180712_110000Z.aif_1993,2018_UnivMD_Maryland_86896_Dep01_20180711,86896MD01_016K_M04_multi_20180712_110000Z.aif,,82077.411142,82081.468852,interval,animal,,,,,,,,,,,,,,,,,machine,,,0.520023,1-2-f,parm file = FW2O_p25.mat
86896MD01_016K_M04_multi_20180712_111500Z.aif_2100,2018_UnivMD_Maryland_86896_Dep01_20180711,86896MD01_016K_M04_multi_20180712_111500Z.aif,,82927.296260,82931.759740,interval,animal,,,,,,,,,,,,,,,,,machine,,,0.527097,1-1-f,parm file = FW2O_p25.mat
86896MD01_016K_M04_multi_20180712_111500Z.aif_2164,2018_UnivMD_Maryland_86896_Dep01_20180711,86896MD01_016K_M04_multi_20180712_111500Z.aif,,83384.208260,83388.671740,interval,animal,,,,,,,,,,,,,,,,,machine,,,0.591944,1-1-f,parm file = FW2O_p25.mat
86896MD01_016K_M04_multi_20180712_114500Z.aif_2400,2018_UnivMD_Maryland_86896_Dep01_20180711,86896MD01_016K_M04_multi_20180712_114500Z.aif,,85296.011142,85300.068852,interval,animal,,,,,,,,,,,,,,,,,machine,,,0.515572,1-2-f,parm file = FW2O_p25.mat
86896MD01_016K_M04_multi_20180712_120000Z.aif_2431,2018_UnivMD_Maryland_86896_Dep01_20180711,86896MD01_016K_M04_multi_20180712_120000Z.aif,,85604.000260,85608.463740,interval,animal,,,,,,,,,,,,,,,,,machine,,,0.516676,1-1-f,parm file = FW2O_p25.mat
86896MD01_016K_M04_multi_20180712_120000Z.aif_2513,2018_UnivMD_Maryland_86896_Dep01_20180711,86896MD01_016K_M04_multi_20180712_120000Z.aif,,86214.699145,86218.756855,interval,animal,,,,,,,,,,,,,,,,,machine,,,0.507964,1-2-f,parm file = FW2O_p25.mat
86896MD01_016K_M04_multi_20180712_120000Z.aif_2525,2018_UnivMD_Maryland_86896_Dep01_20180711,86896MD01_016K_M04_multi_20180712_120000Z.aif,,86348.203975,86354.020025,interval,animal,,,,,,,,,,,,,,,,,machine,,,0.506767,1-4-f,parm file = FW2O_p25.mat
86896MD01_016K_M04_multi_20180712_121500Z.aif_2625,2018_UnivMD_Maryland_86896_Dep01_20180711,86896MD01_016K_M04_multi_20180712_121500Z.aif,,87139.531149,87143.588859,interval,animal,,,,,,,,,,,,,,,,,machine,,,0.584292,1-2-f,parm file = FW2O_p25.mat
86896MD01_016K_M04_multi_20180712_130000Z.aif_2905,2018_UnivMD_Maryland_86896_Dep01_20180711,86896MD01_016K_M04_multi_20180712_130000Z.aif,,89422.547149,89426.604859,interval,animal,,,,,,,,,,,,,,,,,machine,,,0.569946,1-2-f,parm file = FW2O_p25.mat
86896MD01_016K_M04_multi_20180712_130000Z.aif_2965,2018_UnivMD_Maryland_86896_Dep01_20180711,86896MD01_016K_M04_multi_20180712_130000Z.aif,,89926.699978,89932.516028,interval,animal,,,,,,,,,,,,,,,,,machine,,,0.521222,1-4-f,parm file = FW2O_p25.mat
86896MD01_016K_M04_multi_20180712_133000Z.aif_3088,2018_UnivMD_Maryland_86896_Dep01_20180711,86896MD01_016K_M04_multi_20180712_133000Z.aif,,90952.552260,90957.015740,interval,animal,,,,,,,,,,,,,,,,,machine,,,0.510856,1-1-f,parm file = FW2O_p25.mat
86896MD01_016K_M04_multi_20180712_133000Z.aif_3095,2018_UnivMD_Maryland_86896_Dep01_20180711,86896MD01_016K_M04_multi_20180712_133000Z.aif,,91004.512260,91008.975740,interval,animal,,,,,,,,,,,,,,,,,machine,,,0.667491,1-1-f,parm file = FW2O_p25.mat
86896MD01_016K_M04_multi_20180712_141500Z.aif_3420,2018_UnivMD_Maryland_86896_Dep01_20180711,86896MD01_016K_M04_multi_20180712_141500Z.aif,,93855.024260,93859.487740,interval,animal,,,,,,,,,,,,,,,,,machine,,,0.605576,1-1-f,parm file = FW2O_p25.mat
86896MD01_016K_M04_multi_20180712_141500Z.aif_3431,2018_UnivMD_Maryland_86896_Dep01_20180711,86896MD01_016K_M04_multi_20180712_141500Z.aif,,93944.563145,93948.620855,interval,animal,,,,,,,,,,,,,,,,,machine,,,0.514165,1-2-f,parm file = FW2O_p25.mat
86896MD01_016K_M04_multi_20180712_141500Z.aif_3457,2018_UnivMD_Maryland_86896_Dep01_20180711,86896MD01_016K_M04_multi_20180712_141500Z.aif,,94185.232260,94189.695740,interval,animal,,,,,,,,,,,,,,,,,machine,,,0.536917,1-1-f,parm file = FW2O_p25.mat
86896MD01_016K_M04_multi_20180712_141500Z.aif_3481,2018_UnivMD_Maryland_86896_Dep01_20180711,86896MD01_016K_M04_multi_20180712_141500Z.aif,,94400.248260,94404.711740,interval,animal,,,,,,,,,,,,,,,,,machine,,,0.548976,1-1-f,parm file = FW2O_p25.mat
86896MD01_016K_M04_multi_20180712_143000Z.aif_3553,2018_UnivMD_Maryland_86896_Dep01_20180711,86896MD01_016K_M04_multi_20180712_143000Z.aif,,95041.968263,95046.431743,interval,animal,,,,,,,,,,,,,,,,,machine,,,0.561223,1-1-f,parm file = FW2O_p25.mat
86896MD01_016K_M04_multi_20180712_144500Z.aif_3670,2018_UnivMD_Maryland_86896_Dep01_20180711,86896MD01_016K_M04_multi_20180712_144500Z.aif,,96007.699142,96011.756852,interval,animal,,,,,,,,,,,,,,,,,machine,,,0.512672,1-2-f,parm file = FW2O_p25.mat
86896MD01_016K_M04_multi_20180712_150000Z.aif_3697,2018_UnivMD_Maryland_86896_Dep01_20180711,86896MD01_016K_M04_multi_20180712_150000Z.aif,,96304.424260,96308.887740,interval,animal,,,,,,,,,,,,,,,,,machine,,,0.502130,1-1-f,parm file = FW2O_p25.mat
86896MD01_016K_M04_multi_20180712_151500Z.aif_3815,2018_UnivMD_Maryland_86896_Dep01_20180711,86896MD01_016K_M04_multi_20180712_151500Z.aif,,97261.000263,97265.463743,interval,animal,,,,,,,,,,,,,,,,,machine,,,0.581314,1-1-f,parm file = FW2O_p25.mat
86896MD01_016K_M04_multi_20180712_153000Z.aif_3938,2018_UnivMD_Maryland_86896_Dep01_20180711,86896MD01_016K_M04_multi_20180712_153000Z.aif,,98213.984256,98218.447736,interval,animal,,,,,,,,,,,,,,,,,machine,,,0.524456,1-1-f,parm file = FW2O_p25.mat
86896MD01_016K_M04_multi_20180712_154500Z.aif_4093,2018_UnivMD_Maryland_86896_Dep01_20180711,86896MD01_016K_M04_multi_20180712_154500Z.aif,,99422.891145,99426.948855,interval,animal,,,,,,,,,,,,,,,,,machine,,,0.505850,1-2-f,parm file = FW2O_p25.mat
86896MD01_016K_M04_multi_20180712_154500Z.aif_4143,2018_UnivMD_Maryland_86896_Dep01_20180711,86896MD01_016K_M04_multi_20180712_154500Z.aif,,99846.411975,99852.228025,interval,animal,,,,,,,,,,,,,,,,,machine,,,0.609748,1-4-f,parm file = FW2O_p25.mat
86896MD01_016K_M04_multi_20180712_154500Z.aif_4147,2018_UnivMD_Maryland_86896_Dep01_20180711,86896MD01_016K_M04_multi_20180712_154500Z.aif,,99876.528260,99880.991740,interval,animal,,,,,,,,,,,,,,,,,machine,,,0.613633,1-1-f,parm file = FW2O_p25.mat
86896MD01_016K_M04_multi_20180712_160000Z.aif_4186,2018_UnivMD_Maryland_86896_Dep01_20180711,86896MD01_016K_M04_multi_20180712_160000Z.aif,,100176.016263,100180.479743,interval,animal,,,,,,,,,,,,,,,,,machine,,,0.583965,1-1-f,parm file = FW2O_p25.mat
86896MD01_016K_M04_multi_20180712_163000Z.aif_4363,2018_UnivMD_Maryland_86896_Dep01_20180711,86896MD01_016K_M04_multi_20180712_163000Z.aif,,101747.688260,101752.151740,interval,animal,,,,,,,,,,,,,,,,,machine,,,0.510128,1-1-f,parm file = FW2O_p25.mat
86896MD01_016K_M04_multi_20180712_163000Z.aif_4364,2018_UnivMD_Maryland_86896_Dep01_20180711,86896MD01_016K_M04_multi_20180712_163000Z.aif,,101751.987145,101756.044855,interval,animal,,,,,,,,,,,,,,,,,machine,,,0.509047,1-2-f,parm file = FW2O_p25.mat
86896MD01_016K_M04_multi_20180712_163000Z.aif_4404,2018_UnivMD_Maryland_86896_Dep01_20180711,86896MD01_016K_M04_multi_20180712_163000Z.aif,,102100.763975,102106.580025,interval,animal,,,,,,,,,,,,,,,,,machine,,,0.609433,1-4-f,parm file = FW2O_p25.mat
86896MD01_016K_M04_multi_20180712_164500Z.aif_4448,2018_UnivMD_Maryland_86896_Dep01_20180711,86896MD01_016K_M04_multi_20180712_164500Z.aif,,102745.216263,102749.679743,interval,animal,,,,,,,,,,,,,,,,,machine,,,0.680742,1-1-f,parm file = FW2O_p25.mat
86896MD01_016K_M04_multi_20180712_200000Z.aif_4651,2018_UnivMD_Maryland_86896_Dep01_20180711,86896MD01_016K_M04_multi_20180712_200000Z.aif,,115144.619971,115150.436021,interval,animal,,,,,,,,,,,,,,,,,machine,,,0.520976,1-4-f,parm file = FW2O_p25.mat
86896MD01_016K_M04_multi_20180712_230000Z.aif_4748,2018_UnivMD_Maryland_86896_Dep01_20180711,86896MD01_016K_M04_multi_20180712_230000Z.aif,,125429.347971,125435.164021,interval,animal,,,,,,,,,,,,,,,,,machine,,,0.658834,1-4-f,parm file = FW2O_p25.mat
86896MD01_016K_M04_multi_20180713_131500Z.aif_4838,2018_UnivMD_Maryland_86896_Dep01_20180711,86896MD01_016K_M04_multi_20180713_131500Z.aif,,176802.299971,176808.116021,interval,animal,,,,,,,,,,,,,,,,,machine,,,0.506206,1-4-f,parm file = FW2O_p25.mat
86896MD01_016K_M04_multi_20180713_181500Z.aif_4878,2018_UnivMD_Maryland_86896_Dep01_20180711,86896MD01_016K_M04_multi_20180713_181500Z.aif,,194653.067978,194658.884028,interval,animal,,,,,,,,,,,,,,,,,machine,,,0.501120,1-4-f,parm file = FW2O_p25.mat
86896MD01_016K_M04_multi_20180714_170000Z.aif_5367,2018_UnivMD_Maryland_86896_Dep01_20180711,86896MD01_016K_M04_multi_20180714_170000Z.aif,,277016.635971,277022.452021,interval,animal,,,,,,,,,,,,,,,,,machine,,,0.504096,1-4-f,parm file = FW2O_p25.mat
86896MD01_016K_M04_multi_20180714_171500Z.aif_5371,2018_UnivMD_Maryland_86896_Dep01_20180711,86896MD01_016K_M04_multi_20180714_171500Z.aif,,277221.923975,277227.740025,interval,animal,,,,,,,,,,,,,,,,,machine,,,0.587918,1-4-f,parm file = FW2O_p25.mat
86896MD01_016K_M04_multi_20180714_200000Z.aif_5474,2018_UnivMD_Maryland_86896_Dep01_20180711,86896MD01_016K_M04_multi_20180714_200000Z.aif,,287251.443971,287257.260021,interval,animal,,,,,,,,,,,,,,,,,machine,,,0.639730,1-4-f,parm file = FW2O_p25.mat
86896MD01_016K_M04_multi_20180715_011500Z.aif_5527,2018_UnivMD_Maryland_86896_Dep01_20180711,86896MD01_016K_M04_multi_20180715_011500Z.aif,,306082.843971,306088.660021,interval,animal,,,,,,,,,,,,,,,,,machine,,,0.665605,1-4-f,parm file = FW2O_p25.mat
86896MD01_016K_M04_multi_20180715_071500Z.aif_5618,2018_UnivMD_Maryland_86896_Dep01_20180711,86896MD01_016K_M04_multi_20180715_071500Z.aif,,327621.155971,327626.972021,interval,animal,,,,,,,,,,,,,,,,,machine,,,0.619984,1-4-f,parm file = FW2O_p25.mat
86896MD01_016K_M04_multi_20180715_170000Z.aif_5795,2018_UnivMD_Maryland_86896_Dep01_20180711,86896MD01_016K_M04_multi_20180715_170000Z.aif,,362930.283971,362936.100021,interval,animal,,,,,,,,,,,,,,,,,machine,,,0.664530,1-4-f,parm file = FW2O_p25.mat
86896MD01_016K_M04_multi_20180715_173000Z.aif_5821,2018_UnivMD_Maryland_86896_Dep01_20180711,86896MD01_016K_M04_multi_20180715_173000Z.aif,,364689.587978,364695.404028,interval,animal,,,,,,,,,,,,,,,,,machine,,,0.575746,1-4-f,parm file = FW2O_p25.mat
86896MD01_016K_M04_multi_20180715_193000Z.aif_5949,2018_UnivMD_Maryland_86896_Dep01_20180711,86896MD01_016K_M04_multi_20180715_193000Z.aif,,372236.171975,372241.988025,interval,animal,,,,,,,,,,,,,,,,,machine,,,0.595971,1-4-f,parm file = FW2O_p25.mat
86896MD01_016K_M04_multi_20180715_194500Z.aif_5956,2018_UnivMD_Maryland_86896_Dep01_20180711,86896MD01_016K_M04_multi_20180715_194500Z.aif,,372643.683978,372649.500028,interval,animal,,,,,,,,,,,,,,,,,machine,,,0.500749,1-4-f,parm file = FW2O_p25.mat
86896MD01_016K_M04_multi_20180716_054500Z.aif_6095,2018_UnivMD_Maryland_86896_Dep01_20180711,86896MD01_016K_M04_multi_20180716_054500Z.aif,,409213.475971,409219.292021,interval,animal,,,,,,,,,,,,,,,,,machine,,,0.509028,1-4-f,parm file = FW2O_p25.mat
86896MD01_016K_M04_multi_20180719_161500Z.aif_6203,2018_UnivMD_Maryland_86896_Dep01_20180711,86896MD01_016K_M04_multi_20180719_161500Z.aif,,706393.683971,706399.500021,interval,animal,,,,,,,,,,,,,,,,,machine,,,0.530311,1-4-f,parm file = FW2O_p25.mat
86896MD01_016K_M04_multi_20180719_233000Z.aif_6278,2018_UnivMD_Maryland_86896_Dep01_20180711,86896MD01_016K_M04_multi_20180719_233000Z.aif,,732385.147978,732390.964028,interval,animal,,,,,,,,,,,,,,,,,machine,,,0.549938,1-4-f,parm file = FW2O_p25.mat
86896MD01_016K_M04_multi_20180720_014500Z.aif_6302,2018_UnivMD_Maryland_86896_Dep01_20180711,86896MD01_016K_M04_multi_20180720_014500Z.aif,,740079.691978,740085.508028,interval,animal,,,,,,,,,,,,,,,,,machine,,,0.505569,1-4-f,parm file = FW2O_p25.mat
86896MD01_016K_M04_multi_20180720_020000Z.aif_6357,2018_UnivMD_Maryland_86896_Dep01_20180711,86896MD01_016K_M04_multi_20180720_020000Z.aif,,740852.979971,740858.796021,interval,animal,,,,,,,,,,,,,,,,,machine,,,0.505305,1-4-f,parm file = FW2O_p25.mat
86896MD01_016K_M04_multi_20180720_020000Z.aif_6416,2018_UnivMD_Maryland_86896_Dep01_20180711,86896MD01_016K_M04_multi_20180720_020000Z.aif,,741192.659971,741198.476021,interval,animal,,,,,,,,,,,,,,,,,machine,,,0.601962,1-4-f,parm file = FW2O_p25.mat
86896MD01_016K_M04_multi_20180720_021500Z.aif_6495,2018_UnivMD_Maryland_86896_Dep01_20180711,86896MD01_016K_M04_multi_20180720_021500Z.aif,,741692.571975,741698.388025,interval,animal,,,,,,,,,,,,,,,,,machine,,,0.547301,1-4-f,parm file = FW2O_p25.mat
86896MD01_016K_M04_multi_20180720_021500Z.aif_6511,2018_UnivMD_Maryland_86896_Dep01_20180711,86896MD01_016K_M04_multi_20180720_021500Z.aif,,741763.987975,741769.804025,interval,animal,,,,,,,,,,,,,,,,,machine,,,0.567955,1-4-f,parm file = FW2O_p25.mat
86896MD01_016K_M04_multi_20180720_021500Z.aif_6540,2018_UnivMD_Maryland_86896_Dep01_20180711,86896MD01_016K_M04_multi_20180720_021500Z.aif,,741908.611975,741914.428025,interval,animal,,,,,,,,,,,,,,,,,machine,,,0.545235,1-4-f,parm file = FW2O_p25.mat
86896MD01_016K_M04_multi_20180720_021500Z.aif_6564,2018_UnivMD_Maryland_86896_Dep01_20180711,86896MD01_016K_M04_multi_20180720_021500Z.aif,,742018.427975,742024.244025,interval,animal,,,,,,,,,,,,,,,,,machine,,,0.578646,1-4-f,parm file = FW2O_p25.mat
86896MD01_016K_M04_multi_20180720_023000Z.aif_6687,2018_UnivMD_Maryland_86896_Dep01_20180711,86896MD01_016K_M04_multi_20180720_023000Z.aif,,742685.235978,742691.052028,interval,animal,,,,,,,,,,,,,,,,,machine,,,0.612672,1-4-f,parm file = FW2O_p25.mat
86896MD01_016K_M04_multi_20180720_023000Z.aif_6758,2018_UnivMD_Maryland_86896_Dep01_20180711,86896MD01_016K_M04_multi_20180720_023000Z.aif,,742908.187978,742914.004028,interval,animal,,,,,,,,,,,,,,,,,machine,,,0.527504,1-4-f,parm file = FW2O_p25.mat
86896MD01_016K_M04_multi_20180720_023000Z.aif_6780,2018_UnivMD_Maryland_86896_Dep01_20180711,86896MD01_016K_M04_multi_20180720_023000Z.aif,,742980.115978,742985.932028,interval,animal,,,,,,,,,,,,,,,,,machine,,,0.682939,1-4-f,parm file = FW2O_p25.mat
86896MD01_016K_M04_multi_20180720_024500Z.aif_6936,2018_UnivMD_Maryland_86896_Dep01_20180711,86896MD01_016K_M04_multi_20180720_024500Z.aif,,743526.619971,743532.436021,interval,animal,,,,,,,,,,,,,,,,,machine,,,0.531140,1-4-f,parm file = FW2O_p25.mat
86896MD01_016K_M04_multi_20180720_024500Z.aif_6945,2018_UnivMD_Maryland_86896_Dep01_20180711,86896MD01_016K_M04_multi_20180720_024500Z.aif,,743574.227971,743580.044021,interval,animal,,,,,,,,,,,,,,,,,machine,,,0.527300,1-4-f,parm file = FW2O_p25.mat
86896MD01_016K_M04_multi_20180720_031500Z.aif_7422,2018_UnivMD_Maryland_86896_Dep01_20180711,86896MD01_016K_M04_multi_20180720_031500Z.aif,,745602.043978,745607.860028,interval,animal,,,,,,,,,,,,,,,,,machine,,,0.519039,1-4-f,parm file = FW2O_p25.mat
86896MD01_016K_M04_multi_20180720_033000Z.aif_7540,2018_UnivMD_Maryland_86896_Dep01_20180711,86896MD01_016K_M04_multi_20180720_033000Z.aif,,746375.851971,746381.668021,interval,animal,,,,,,,,,,,,,,,,,machine,,,0.552763,1-4-f,parm file = FW2O_p25.mat
86896MD01_016K_M04_multi_20180720_033000Z.aif_7549,2018_UnivMD_Maryland_86896_Dep01_20180711,86896MD01_016K_M04_multi_20180720_033000Z.aif,,746426.787971,746432.604021,interval,animal,,,,,,,,,,,,,,,,,machine,,,0.506597,1-4-f,parm file = FW2O_p25.mat
86896MD01_016K_M04_multi_20180720_033000Z.aif_7644,2018_UnivMD_Maryland_86896_Dep01_20180711,86896MD01_016K_M04_multi_20180720_033000Z.aif,,746973.803971,746979.620021,interval,animal,,,,,,,,,,,,,,,,,machine,,,0.594527,1-4-f,parm file = FW2O_p25.mat
86896MD01_016K_M04_multi_20180720_034500Z.aif_7744,2018_UnivMD_Maryland_86896_Dep01_20180711,86896MD01_016K_M04_multi_20180720_034500Z.aif,,747621.411975,747627.228025,interval,animal,,,,,,,,,,,,,,,,,machine,,,0.547464,1-4-f,parm file = FW2O_p25.mat
86896MD01_016K_M04_multi_20180720_040000Z.aif_7819,2018_UnivMD_Maryland_86896_Dep01_20180711,86896MD01_016K_M04_multi_20180720_040000Z.aif,,748017.915978,748023.732028,interval,animal,,,,,,,,,,,,,,,,,machine,,,0.612396,1-4-f,parm file = FW2O_p25.mat
86896MD01_016K_M04_multi_20180720_040000Z.aif_7828,2018_UnivMD_Maryland_86896_Dep01_20180711,86896MD01_016K_M04_multi_20180720_040000Z.aif,,748063.475978,748069.292028,interval,animal,,,,,,,,,,,,,,,,,machine,,,0.667013,1-4-f,parm file = FW2O_p25.mat
86896MD01_016K_M04_multi_20180720_040000Z.aif_7917,2018_UnivMD_Maryland_86896_Dep01_20180711,86896MD01_016K_M04_multi_20180720_040000Z.aif,,748500.419978,748506.236028,interval,animal,,,,,,,,,,,,,,,,,machine,,,0.524500,1-4-f,parm file = FW2O_p25.mat
86896MD01_016K_M04_multi_20180720_043000Z.aif_8043,2018_UnivMD_Maryland_86896_Dep01_20180711,86896MD01_016K_M04_multi_20180720_043000Z.aif,,750232.331975,750238.148025,interval,animal,,,,,,,,,,,,,,,,,machine,,,0.555280,1-4-f,parm file = FW2O_p25.mat
86896MD01_016K_M04_multi_20180721_123000Z.aif_8342,2018_UnivMD_Maryland_86896_Dep01_20180711,86896MD01_016K_M04_multi_20180721_123000Z.aif,,865697.944256,865702.407736,interval,animal,,,,,,,,,,,,,,,,,machine,,,0.561909,1-1-f,parm file = FW2O_p25.mat
86896MD01_016K_M04_multi_20180721_213000Z.aif_8493,2018_UnivMD_Maryland_86896_Dep01_20180711,86896MD01_016K_M04_multi_20180721_213000Z.aif,,897872.891142,897876.948852,interval,animal,,,,,,,,,,,,,,,,,machine,,,0.517941,1-2-f,parm file = FW2O_p25.mat
86896MD01_016K_M04_multi_20180722_064500Z.aif_8556,2018_UnivMD_Maryland_86896_Dep01_20180711,86896MD01_016K_M04_multi_20180722_064500Z.aif,,931169.451975,931175.268025,interval,animal,,,,,,,,,,,,,,,,,machine,,,0.604738,1-4-f,parm file = FW2O_p25.mat
86896MD01_016K_M04_multi_20180722_074500Z.aif_8592,2018_UnivMD_Maryland_86896_Dep01_20180711,86896MD01_016K_M04_multi_20180722_074500Z.aif,,934897.691978,934903.508028,interval,animal,,,,,,,,,,,,,,,,,machine,,,0.531518,1-4-f,parm file = FW2O_p25.mat
86896MD01_016K_M04_multi_20180722_080000Z.aif_8609,2018_UnivMD_Maryland_86896_Dep01_20180711,86896MD01_016K_M04_multi_20180722_080000Z.aif,,935891.123971,935896.940021,interval,animal,,,,,,,,,,,,,,,,,machine,,,0.550070,1-4-f,parm file = FW2O_p25.mat
86896MD01_016K_M04_multi_20180722_101500Z.aif_8679,2018_UnivMD_Maryland_86896_Dep01_20180711,86896MD01_016K_M04_multi_20180722_101500Z.aif,,943483.019971,943488.836021,interval,animal,,,,,,,,,,,,,,,,,machine,,,0.716414,1-4-f,parm file = FW2O_p25.mat
86896MD01_016K_M04_multi_20180722_110000Z.aif_8760,2018_UnivMD_Maryland_86896_Dep01_20180711,86896MD01_016K_M04_multi_20180722_110000Z.aif,,946443.851971,946449.668021,interval,animal,,,,,,,,,,,,,,,,,machine,,,0.562020,1-4-f,parm file = FW2O_p25.mat
86896MD01_016K_M04_multi_20180722_111500Z.aif_8791,2018_UnivMD_Maryland_86896_Dep01_20180711,86896MD01_016K_M04_multi_20180722_111500Z.aif,,947436.515975,947442.332025,interval,animal,,,,,,,,,,,,,,,,,machine,,,0.522554,1-4-f,parm file = FW2O_p25.mat
86896MD01_016K_M04_multi_20180722_114500Z.aif_8836,2018_UnivMD_Maryland_86896_Dep01_20180711,86896MD01_016K_M04_multi_20180722_114500Z.aif,,948687.451971,948693.268021,interval,animal,,,,,,,,,,,,,,,,,machine,,,0.607747,1-4-f,parm file = FW2O_p25.mat
86896MD01_016K_M04_multi_20180722_120000Z.aif_8868,2018_UnivMD_Maryland_86896_Dep01_20180711,86896MD01_016K_M04_multi_20180722_120000Z.aif,,949638.651975,949644.468025,interval,animal,,,,,,,,,,,,,,,,,machine,,,0.516158,1-4-f,parm file = FW2O_p25.mat
86896MD01_016K_M04_multi_20180722_121500Z.aif_8904,2018_UnivMD_Maryland_86896_Dep01_20180711,86896MD01_016K_M04_multi_20180722_121500Z.aif,,950728.067978,950733.884028,interval,animal,,,,,,,,,,,,,,,,,machine,,,0.526029,1-4-f,parm file = FW2O_p25.mat
86896MD01_016K_M04_multi_20180722_121500Z.aif_8923,2018_UnivMD_Maryland_86896_Dep01_20180711,86896MD01_016K_M04_multi_20180722_121500Z.aif,,951129.435978,951135.252028,interval,animal,,,,,,,,,,,,,,,,,machine,,,0.542295,1-4-f,parm file = FW2O_p25.mat
86896MD01_016K_M04_multi_20180722_123000Z.aif_8930,2018_UnivMD_Maryland_86896_Dep01_20180711,86896MD01_016K_M04_multi_20180722_123000Z.aif,,951419.195971,951425.012021,interval,animal,,,,,,,,,,,,,,,,,machine,,,0.568335,1-4-f,parm file = FW2O_p25.mat
86896MD01_016K_M04_multi_20180722_130000Z.aif_8996,2018_UnivMD_Maryland_86896_Dep01_20180711,86896MD01_016K_M04_multi_20180722_130000Z.aif,,953902.387978,953908.204028,interval,animal,,,,,,,,,,,,,,,,,machine,,,0.554623,1-4-f,parm file = FW2O_p25.mat
86896MD01_016K_M04_multi_20180722_181500Z.aif_9084,2018_UnivMD_Maryland_86896_Dep01_20180711,86896MD01_016K_M04_multi_20180722_181500Z.aif,,972727.643978,972733.460028,interval,animal,,,,,,,,,,,,,,,,,machine,,,0.518923,1-4-f,parm file = FW2O_p25.mat
86896MD01_016K_M04_multi_20180722_221500Z.aif_9362,2018_UnivMD_Maryland_86896_Dep01_20180711,86896MD01_016K_M04_multi_20180722_221500Z.aif,,987253.323971,987259.140021,interval,animal,,,,,,,,,,,,,,,,,machine,,,0.546795,1-4-f,parm file = FW2O_p25.mat
86896MD01_016K_M04_multi_20180723_070000Z.aif_9823,2018_UnivMD_Maryland_86896_Dep01_20180711,86896MD01_016K_M04_multi_20180723_070000Z.aif,,1018011.771978,1018017.588028,interval,animal,,,,,,,,,,,,,,,,,machine,,,0.503706,1-4-f,parm file = FW2O_p25.mat
86896MD01_016K_M04_multi_20180723_121500Z.aif_9938,2018_UnivMD_Maryland_86896_Dep01_20180711,86896MD01_016K_M04_multi_20180723_121500Z.aif,,1037151.875978,1037157.692028,interval,animal,,,,,,,,,,,,,,,,,machine,,,0.543993,1-4-f,parm file = FW2O_p25.mat
86896MD01_016K_M04_multi_20180723_181500Z.aif_10058,2018_UnivMD_Maryland_86896_Dep01_20180711,86896MD01_016K_M04_multi_20180723_181500Z.aif,,1058645.387978,1058651.204028,interval,animal,,,,,,,,,,,,,,,,,machine,,,0.502161,1-4-f,parm file = FW2O_p25.mat
86896MD01_016K_M04_multi_20180723_223000Z.aif_10105,2018_UnivMD_Maryland_86896_Dep01_20180711,86896MD01_016K_M04_multi_20180723_223000Z.aif,,1073802.299975,1073808.116025,interval,animal,,,,,,,,,,,,,,,,,machine,,,0.586687,1-4-f,parm file = FW2O_p25.mat
86896MD01_016K_M04_multi_20180724_173000Z.aif_10519,2018_UnivMD_Maryland_86896_Dep01_20180711,86896MD01_016K_M04_multi_20180724_173000Z.aif,,1142931.051978,1142936.868028,interval,animal,,,,,,,,,,,,,,,,,machine,,,0.537242,1-4-f,parm file = FW2O_p25.mat
86896MD01_016K_M04_multi_20180725_020000Z.aif_10773,2018_UnivMD_Maryland_86896_Dep01_20180711,86896MD01_016K_M04_multi_20180725_020000Z.aif,,1173462.707971,1173468.524021,interval,animal,,,,,,,,,,,,,,,,,machine,,,0.535721,1-4-f,parm file = FW2O_p25.mat
86896MD01_016K_M04_multi_20180725_030000Z.aif_10795,2018_UnivMD_Maryland_86896_Dep01_20180711,86896MD01_016K_M04_multi_20180725_030000Z.aif,,1176560.656260,1176565.119740,interval,animal,,,,,,,,,,,,,,,,,machine,,,0.566767,1-1-f,parm file = FW2O_p25.mat
86896MD01_016K_M04_multi_20180725_043000Z.aif_10859,2018_UnivMD_Maryland_86896_Dep01_20180711,86896MD01_016K_M04_multi_20180725_043000Z.aif,,1182151.699975,1182157.516025,interval,animal,,,,,,,,,,,,,,,,,machine,,,0.532204,1-4-f,parm file = FW2O_p25.mat
86896MD01_016K_M04_multi_20180725_051500Z.aif_10915,2018_UnivMD_Maryland_86896_Dep01_20180711,86896MD01_016K_M04_multi_20180725_051500Z.aif,,1184615.443975,1184621.260025,interval,animal,,,,,,,,,,,,,,,,,machine,,,0.553794,1-4-f,parm file = FW2O_p25.mat
86896MD01_016K_M04_multi_20180725_051500Z.aif_10920,2018_UnivMD_Maryland_86896_Dep01_20180711,86896MD01_016K_M04_multi_20180725_051500Z.aif,,1184918.259975,1184924.076025,interval,animal,,,,,,,,,,,,,,,,,machine,,,0.590768,1-4-f,parm file = FW2O_p25.mat
86896MD01_016K_M04_multi_20180725_051500Z.aif_10924,2018_UnivMD_Maryland_86896_Dep01_20180711,86896MD01_016K_M04_multi_20180725_051500Z.aif,,1185019.619975,1185025.436025,interval,animal,,,,,,,,,,,,,,,,,machine,,,0.505631,1-4-f,parm file = FW2O_p25.mat
86896MD01_016K_M04_multi_20180725_091500Z.aif_11064,2018_UnivMD_Maryland_86896_Dep01_20180711,86896MD01_016K_M04_multi_20180725_091500Z.aif,,1199126.387149,1199130.444859,interval,animal,,,,,,,,,,,,,,,,,machine,,,0.538640,1-2-f,parm file = FW2O_p25.mat
86896MD01_016K_M04_multi_20180725_094500Z.aif_11078,2018_UnivMD_Maryland_86896_Dep01_20180711,86896MD01_016K_M04_multi_20180725_094500Z.aif,,1201291.803975,1201297.620025,interval,animal,,,,,,,,,,,,,,,,,machine,,,0.556667,1-4-f,parm file = FW2O_p25.mat
86896MD01_016K_M04_multi_20180725_131500Z.aif_11106,2018_UnivMD_Maryland_86896_Dep01_20180711,86896MD01_016K_M04_multi_20180725_131500Z.aif,,1213595.387971,1213601.204021,interval,animal,,,,,,,,,,,,,,,,,machine,,,0.601656,1-4-f,parm file = FW2O_p25.mat
86896MD01_016K_M04_multi_20180725_134500Z.aif_11127,2018_UnivMD_Maryland_86896_Dep01_20180711,86896MD01_016K_M04_multi_20180725_134500Z.aif,,1215082.587978,1215088.404028,interval,animal,,,,,,,,,,,,,,,,,machine,,,0.577408,1-4-f,parm file = FW2O_p25.mat
86896MD01_016K_M04_multi_20180725_134500Z.aif_11132,2018_UnivMD_Maryland_86896_Dep01_20180711,86896MD01_016K_M04_multi_20180725_134500Z.aif,,1215201.875978,1215207.692028,interval,animal,,,,,,,,,,,,,,,,,machine,,,0.549274,1-4-f,parm file = FW2O_p25.mat
86896MD01_016K_M04_multi_20180725_163000Z.aif_11340,2018_UnivMD_Maryland_86896_Dep01_20180711,86896MD01_016K_M04_multi_20180725_163000Z.aif,,1225001.531975,1225007.348025,interval,animal,,,,,,,,,,,,,,,,,machine,,,0.507519,1-4-f,parm file = FW2O_p25.mat
86896MD01_016K_M04_multi_20180725_190000Z.aif_11398,2018_UnivMD_Maryland_86896_Dep01_20180711,86896MD01_016K_M04_multi_20180725_190000Z.aif,,1234014.699149,1234018.756859,interval,animal,,,,,,,,,,,,,,,,,machine,,,0.766352,1-2-f,parm file = FW2O_p25.mat
86896MD01_016K_M04_multi_20180726_083000Z.aif_11751,2018_UnivMD_Maryland_86896_Dep01_20180711,86896MD01_016K_M04_multi_20180726_083000Z.aif,,1282891.035978,1282896.852028,interval,animal,,,,,,,,,,,,,,,,,machine,,,0.500424,1-4-f,parm file = FW2O_p25.mat
86896MD01_016K_M04_multi_20180727_030000Z.aif_11998,2018_UnivMD_Maryland_86896_Dep01_20180711,86896MD01_016K_M04_multi_20180727_030000Z.aif,,1349235.067975,1349240.884025,interval,animal,,,,,,,,,,,,,,,,,machine,,,0.722417,1-4-f,parm file = FW2O_p25.mat
86896MD01_016K_M04_multi_20180727_054500Z.aif_12148,2018_UnivMD_Maryland_86896_Dep01_20180711,86896MD01_016K_M04_multi_20180727_054500Z.aif,,1359241.291971,1359247.108021,interval,animal,,,,,,,,,,,,,,,,,machine,,,0.568245,1-4-f,parm file = FW2O_p25.mat
86896MD01_016K_M04_multi_20180727_200000Z.aif_12428,2018_UnivMD_Maryland_86896_Dep01_20180711,86896MD01_016K_M04_multi_20180727_200000Z.aif,,1410761.592256,1410766.055736,interval,animal,,,,,,,,,,,,,,,,,machine,,,0.596075,1-1-f,parm file = FW2O_p25.mat
86896MD01_016K_M04_multi_20180727_204500Z.aif_12438,2018_UnivMD_Maryland_86896_Dep01_20180711,86896MD01_016K_M04_multi_20180727_204500Z.aif,,1413489.752256,1413494.215736,interval,animal,,,,,,,,,,,,,,,,,machine,,,0.513330,1-1-f,parm file = FW2O_p25.mat
86896MD01_016K_M04_multi_20180727_224500Z.aif_12631,2018_UnivMD_Maryland_86896_Dep01_20180711,86896MD01_016K_M04_multi_20180727_224500Z.aif,,1420892.315978,1420898.132028,interval,animal,,,,,,,,,,,,,,,,,machine,,,0.505852,1-4-f,parm file = FW2O_p25.mat
86896MD01_016K_M04_multi_20180728_141500Z.aif_12733,2018_UnivMD_Maryland_86896_Dep01_20180711,86896MD01_016K_M04_multi_20180728_141500Z.aif,,1476657.507975,1476663.324025,interval,animal,,,,,,,,,,,,,,,,,machine,,,0.531378,1-4-f,parm file = FW2O_p25.mat
86896MD01_016K_M04_multi_20180728_143000Z.aif_12756,2018_UnivMD_Maryland_86896_Dep01_20180711,86896MD01_016K_M04_multi_20180728_143000Z.aif,,1477455.371978,1477461.188028,interval,animal,,,,,,,,,,,,,,,,,machine,,,0.512703,1-4-f,parm file = FW2O_p25.mat
86896MD01_016K_M04_multi_20180728_180000Z.aif_12792,2018_UnivMD_Maryland_86896_Dep01_20180711,86896MD01_016K_M04_multi_20180728_180000Z.aif,,1490075.963145,1490080.020855,interval,animal,,,,,,,,,,,,,,,,,machine,,,0.555348,1-2-f,parm file = FW2O_p25.mat
86896MD01_016K_M04_multi_20180729_013000Z.aif_12880,2018_UnivMD_Maryland_86896_Dep01_20180711,86896MD01_016K_M04_multi_20180729_013000Z.aif,,1516657.075975,1516662.892025,interval,animal,,,,,,,,,,,,,,,,,machine,,,0.502395,1-4-f,parm file = FW2O_p25.mat
86896MD01_016K_M04_multi_20180730_023000Z.aif_12998,2018_UnivMD_Maryland_86896_Dep01_20180711,86896MD01_016K_M04_multi_20180730_023000Z.aif,,1606975.875149,1606979.932859,interval,animal,,,,,,,,,,,,,,,,,machine,,,0.511595,1-2-f,parm file = FW2O_p25.mat
86896MD01_016K_M04_multi_20180730_184500Z.aif_13077,2018_UnivMD_Maryland_86896_Dep01_20180711,86896MD01_016K_M04_multi_20180730_184500Z.aif,,1665413.819975,1665419.636025,interval,animal,,,,,,,,,,,,,,,,,machine,,,0.534562,1-4-f,parm file = FW2O_p25.mat
86896MD01_016K_M04_multi_20180730_213000Z.aif_13113,2018_UnivMD_Maryland_86896_Dep01_20180711,86896MD01_016K_M04_multi_20180730_213000Z.aif,,1674950.195142,1674954.252852,interval,animal,,,,,,,,,,,,,,,,,machine,,,0.585175,1-2-f,parm file = FW2O_p25.mat
86896MD01_016K_M04_multi_20180730_223000Z.aif_13122,2018_UnivMD_Maryland_86896_Dep01_20180711,86896MD01_016K_M04_multi_20180730_223000Z.aif,,1679050.763975,1679056.580025,interval,animal,,,,,,,,,,,,,,,,,machine,,,0.603089,1-4-f,parm file = FW2O_p25.mat
86896MD01_016K_M04_multi_20180731_123000Z.aif_13215,2018_UnivMD_Maryland_86896_Dep01_20180711,86896MD01_016K_M04_multi_20180731_123000Z.aif,,1729521.923971,1729527.740021,interval,animal,,,,,,,,,,,,,,,,,machine,,,0.579689,1-4-f,parm file = FW2O_p25.mat
86896MD01_016K_M04_multi_20180731_124500Z.aif_13301,2018_UnivMD_Maryland_86896_Dep01_20180711,86896MD01_016K_M04_multi_20180731_124500Z.aif,,1730437.795975,1730443.612025,interval,animal,,,,,,,,,,,,,,,,,machine,,,0.572431,1-4-f,parm file = FW2O_p25.mat
86896MD01_016K_M04_multi_20180731_163000Z.aif_13362,2018_UnivMD_Maryland_86896_Dep01_20180711,86896MD01_016K_M04_multi_20180731_163000Z.aif,,1743937.795975,1743943.612025,interval,animal,,,,,,,,,,,,,,,,,machine,,,0.519394,1-4-f,parm file = FW2O_p25.mat
86896MD01_016K_M04_multi_20180731_173000Z.aif_13393,2018_UnivMD_Maryland_86896_Dep01_20180711,86896MD01_016K_M04_multi_20180731_173000Z.aif,,1747675.251978,1747681.068028,interval,animal,,,,,,,,,,,,,,,,,machine,,,0.516096,1-4-f,parm file = FW2O_p25.mat
86896MD01_016K_M04_multi_20180731_203000Z.aif_13497,2018_UnivMD_Maryland_86896_Dep01_20180711,86896MD01_016K_M04_multi_20180731_203000Z.aif,,1757948.459978,1757954.276028,interval,animal,,,,,,,,,,,,,,,,,machine,,,0.515390,1-4-f,parm file = FW2O_p25.mat
86896MD01_016K_M04_multi_20180731_203000Z.aif_13500,2018_UnivMD_Maryland_86896_Dep01_20180711,86896MD01_016K_M04_multi_20180731_203000Z.aif,,1757974.571978,1757980.388028,interval,animal,,,,,,,,,,,,,,,,,machine,,,0.514150,1-4-f,parm file = FW2O_p25.mat
86896MD01_016K_M04_multi_20180731_203000Z.aif_13524,2018_UnivMD_Maryland_86896_Dep01_20180711,86896MD01_016K_M04_multi_20180731_203000Z.aif,,1758537.195978,1758543.012028,interval,animal,,,,,,,,,,,,,,,,,machine,,,0.532681,1-4-f,parm file = FW2O_p25.mat
86896MD01_016K_M04_multi_20180731_203000Z.aif_13527,2018_UnivMD_Maryland_86896_Dep01_20180711,86896MD01_016K_M04_multi_20180731_203000Z.aif,,1758555.115978,1758560.932028,interval,animal,,,,,,,,,,,,,,,,,machine,,,0.517291,1-4-f,parm file = FW2O_p25.mat
86896MD01_016K_M04_multi_20180731_204500Z.aif_13546,2018_UnivMD_Maryland_86896_Dep01_20180711,86896MD01_016K_M04_multi_20180731_204500Z.aif,,1758736.603971,1758742.420021,interval,animal,,,,,,,,,,,,,,,,,machine,,,0.611282,1-4-f,parm file = FW2O_p25.mat
86896MD01_016K_M04_multi_20180731_210000Z.aif_13669,2018_UnivMD_Maryland_86896_Dep01_20180711,86896MD01_016K_M04_multi_20180731_210000Z.aif,,1759522.691975,1759528.508025,interval,animal,,,,,,,,,,,,,,,,,machine,,,0.502435,1-4-f,parm file = FW2O_p25.mat
86896MD01_016K_M04_multi_20180731_211500Z.aif_13750,2018_UnivMD_Maryland_86896_Dep01_20180711,86896MD01_016K_M04_multi_20180731_211500Z.aif,,1760500.251978,1760506.068028,interval,animal,,,,,,,,,,,,,,,,,machine,,,0.625729,1-4-f,parm file = FW2O_p25.mat
86896MD01_016K_M04_multi_20180731_214500Z.aif_13895,2018_UnivMD_Maryland_86896_Dep01_20180711,86896MD01_016K_M04_multi_20180731_214500Z.aif,,1762349.907975,1762355.724025,interval,animal,,,,,,,,,,,,,,,,,machine,,,0.609820,1-4-f,parm file = FW2O_p25.mat
86896MD01_016K_M04_multi_20180731_231500Z.aif_13925,2018_UnivMD_Maryland_86896_Dep01_20180711,86896MD01_016K_M04_multi_20180731_231500Z.aif,,1767687.195975,1767693.012025,interval,animal,,,,,,,,,,,,,,,,,machine,,,0.521458,1-4-f,parm file = FW2O_p25.mat
86896MD01_016K_M04_multi_20180801_014500Z.aif_13991,2018_UnivMD_Maryland_86896_Dep01_20180711,86896MD01_016K_M04_multi_20180801_014500Z.aif,,1777143.851978,1777149.668028,interval,animal,,,,,,,,,,,,,,,,,machine,,,0.524929,1-4-f,parm file = FW2O_p25.mat
86896MD01_016K_M04_multi_20180801_114500Z.aif_14185,2018_UnivMD_Maryland_86896_Dep01_20180711,86896MD01_016K_M04_multi_20180801_114500Z.aif,,1813139.499971,1813145.316021,interval,animal,,,,,,,,,,,,,,,,,machine,,,0.574791,1-4-f,parm file = FW2O_p25.mat
86896MD01_016K_M04_multi_20180801_153000Z.aif_14336,2018_UnivMD_Maryland_86896_Dep01_20180711,86896MD01_016K_M04_multi_20180801_153000Z.aif,,1826604.547142,1826608.604852,interval,animal,,,,,,,,,,,,,,,,,machine,,,0.554576,1-2-f,parm file = FW2O_p25.mat
86896MD01_016K_M04_multi_20180801_200000Z.aif_14395,2018_UnivMD_Maryland_86896_Dep01_20180711,86896MD01_016K_M04_multi_20180801_200000Z.aif,,1842389.355142,1842393.412852,interval,animal,,,,,,,,,,,,,,,,,machine,,,0.534858,1-2-f,parm file = FW2O_p25.mat
86896MD01_016K_M04_multi_20180802_234500Z.aif_14685,2018_UnivMD_Maryland_86896_Dep01_20180711,86896MD01_016K_M04_multi_20180802_234500Z.aif,,1942207.752256,1942212.215736,interval,animal,,,,,,,,,,,,,,,,,machine,,,0.619093,1-1-f,parm file = FW2O_p25.mat
86896MD01_016K_M04_multi_20180803_061500Z.aif_14734,2018_UnivMD_Maryland_86896_Dep01_20180711,86896MD01_016K_M04_multi_20180803_061500Z.aif,,1965621.011149,1965625.068859,interval,animal,,,,,,,,,,,,,,,,,machine,,,0.519298,1-2-f,parm file = FW2O_p25.mat
86896MD01_016K_M04_multi_20180803_081500Z.aif_14815,2018_UnivMD_Maryland_86896_Dep01_20180711,86896MD01_016K_M04_multi_20180803_081500Z.aif,,1972815.891145,1972819.948855,interval,animal,,,,,,,,,,,,,,,,,machine,,,0.550377,1-2-f,parm file = FW2O_p25.mat
86896MD01_016K_M04_multi_20180803_140000Z.aif_14927,2018_UnivMD_Maryland_86896_Dep01_20180711,86896MD01_016K_M04_multi_20180803_140000Z.aif,,1993816.291971,1993822.108021,interval,animal,,,,,,,,,,,,,,,,,machine,,,0.506550,1-4-f,parm file = FW2O_p25.mat
86896MD01_016K_M04_multi_20180803_141500Z.aif_14928,2018_UnivMD_Maryland_86896_Dep01_20180711,86896MD01_016K_M04_multi_20180803_141500Z.aif,,1994734.723975,1994740.540025,interval,animal,,,,,,,,,,,,,,,,,machine,,,0.508689,1-4-f,parm file = FW2O_p25.mat
86896MD01_016K_M04_multi_20180803_174500Z.aif_14951,2018_UnivMD_Maryland_86896_Dep01_20180711,86896MD01_016K_M04_multi_20180803_174500Z.aif,,2007140.955971,2007146.772021,interval,animal,,,,,,,,,,,,,,,,,machine,,,0.535834,1-4-f,parm file = FW2O_p25.mat
86896MD01_016K_M04_multi_20180804_003000Z.aif_15081,2018_UnivMD_Maryland_86896_Dep01_20180711,86896MD01_016K_M04_multi_20180804_003000Z.aif,,2031959.720256,2031964.183736,interval,animal,,,,,,,,,,,,,,,,,machine,,,0.523238,1-1-f,parm file = FW2O_p25.mat
86896MD01_016K_M04_multi_20180804_081500Z.aif_15150,2018_UnivMD_Maryland_86896_Dep01_20180711,86896MD01_016K_M04_multi_20180804_081500Z.aif,,2059337.483145,2059341.540855,interval,animal,,,,,,,,,,,,,,,,,machine,,,0.531800,1-2-f,parm file = FW2O_p25.mat
86896MD01_016K_M04_multi_20180804_084500Z.aif_15163,2018_UnivMD_Maryland_86896_Dep01_20180711,86896MD01_016K_M04_multi_20180804_084500Z.aif,,2061458.611971,2061464.428021,interval,animal,,,,,,,,,,,,,,,,,machine,,,0.576244,1-4-f,parm file = FW2O_p25.mat
86896MD01_016K_M04_multi_20180804_131500Z.aif_15195,2018_UnivMD_Maryland_86896_Dep01_20180711,86896MD01_016K_M04_multi_20180804_131500Z.aif,,2077537.539971,2077543.356021,interval,animal,,,,,,,,,,,,,,,,,machine,,,0.524914,1-4-f,parm file = FW2O_p25.mat
86896MD01_016K_M04_multi_20180804_184500Z.aif_15230,2018_UnivMD_Maryland_86896_Dep01_20180711,86896MD01_016K_M04_multi_20180804_184500Z.aif,,2097845.899975,2097851.716025,interval,animal,,,,,,,,,,,,,,,,,machine,,,0.512648,1-4-f,parm file = FW2O_p25.mat
86896MD01_016K_M04_multi_20180804_200000Z.aif_15238,2018_UnivMD_Maryland_86896_Dep01_20180711,86896MD01_016K_M04_multi_20180804_200000Z.aif,,2101687.027971,2101692.844021,interval,animal,,,,,,,,,,,,,,,,,machine,,,0.507507,1-4-f,parm file = FW2O_p25.mat
86896MD01_016K_M04_multi_20180804_201500Z.aif_15262,2018_UnivMD_Maryland_86896_Dep01_20180711,86896MD01_016K_M04_multi_20180804_201500Z.aif,,2103272.379145,2103276.436855,interval,animal,,,,,,,,,,,,,,,,,machine,,,0.514786,1-2-f,parm file = FW2O_p25.mat
86896MD01_016K_M04_multi_20180804_210000Z.aif_15270,2018_UnivMD_Maryland_86896_Dep01_20180711,86896MD01_016K_M04_multi_20180804_210000Z.aif,,2105469.539975,2105475.356025,interval,animal,,,,,,,,,,,,,,,,,machine,,,0.508620,1-4-f,parm file = FW2O_p25.mat
86896MD01_016K_M04_multi_20180804_211500Z.aif_15275,2018_UnivMD_Maryland_86896_Dep01_20180711,86896MD01_016K_M04_multi_20180804_211500Z.aif,,2106548.827149,2106552.884859,interval,animal,,,,,,,,,,,,,,,,,machine,,,0.619820,1-2-f,parm file = FW2O_p25.mat
86896MD01_016K_M04_multi_20180804_230000Z.aif_15319,2018_UnivMD_Maryland_86896_Dep01_20180711,86896MD01_016K_M04_multi_20180804_230000Z.aif,,2112797.779971,2112803.596021,interval,animal,,,,,,,,,,,,,,,,,machine,,,0.514704,1-4-f,parm file = FW2O_p25.mat
86896MD01_016K_M04_multi_20180805_061500Z.aif_15434,2018_UnivMD_Maryland_86896_Dep01_20180711,86896MD01_016K_M04_multi_20180805_061500Z.aif,,2138619.651149,2138623.708859,interval,animal,,,,,,,,,,,,,,,,,machine,,,0.553243,1-2-f,parm file = FW2O_p25.mat
86896MD01_016K_M04_multi_20180805_120000Z.aif_15537,2018_UnivMD_Maryland_86896_Dep01_20180711,86896MD01_016K_M04_multi_20180805_120000Z.aif,,2159730.627975,2159736.444025,interval,animal,,,,,,,,,,,,,,,,,machine,,,0.552923,1-4-f,parm file = FW2O_p25.mat
86896MD01_016K_M04_multi_20180806_060000Z.aif_15625,2018_UnivMD_Maryland_86896_Dep01_20180711,86896MD01_016K_M04_multi_20180806_060000Z.aif,,2224009.723975,2224015.540025,interval,animal,,,,,,,,,,,,,,,,,machine,,,0.508957,1-4-f,parm file = FW2O_p25.mat
86896MD01_016K_M04_multi_20180806_090000Z.aif_15700,2018_UnivMD_Maryland_86896_Dep01_20180711,86896MD01_016K_M04_multi_20180806_090000Z.aif,,2234851.443975,2234857.260025,interval,animal,,,,,,,,,,,,,,,,,machine,,,0.603125,1-4-f,parm file = FW2O_p25.mat
86896MD01_016K_M04_multi_20180807_144500Z.aif_15815,2018_UnivMD_Maryland_86896_Dep01_20180711,86896MD01_016K_M04_multi_20180807_144500Z.aif,,2342349.995971,2342355.812021,interval,animal,,,,,,,,,,,,,,,,,machine,,,0.508269,1-4-f,parm file = FW2O_p25.mat
86896MD01_016K_M04_multi_20180807_144500Z.aif_15816,2018_UnivMD_Maryland_86896_Dep01_20180711,86896MD01_016K_M04_multi_20180807_144500Z.aif,,2342578.067971,2342583.884021,interval,animal,,,,,,,,,,,,,,,,,machine,,,0.500992,1-4-f,parm file = FW2O_p25.mat
86896MD01_016K_M04_multi_20180807_233000Z.aif_15868,2018_UnivMD_Maryland_86896_Dep01_20180711,86896MD01_016K_M04_multi_20180807_233000Z.aif,,2373775.763978,2373781.580028,interval,animal,,,,,,,,,,,,,,,,,machine,,,0.515487,1-4-f,parm file = FW2O_p25.mat
86896MD01_016K_M04_multi_20180808_043000Z.aif_15912,2018_UnivMD_Maryland_86896_Dep01_20180711,86896MD01_016K_M04_multi_20180808_043000Z.aif,,2392135.147975,2392140.964025,interval,animal,,,,,,,,,,,,,,,,,machine,,,0.511433,1-4-f,parm file = FW2O_p25.mat
86896MD01_016K_M04_multi_20180808_044500Z.aif_15914,2018_UnivMD_Maryland_86896_Dep01_20180711,86896MD01_016K_M04_multi_20180808_044500Z.aif,,2392398.403149,2392402.460859,interval,animal,,,,,,,,,,,,,,,,,machine,,,0.503033,1-2-f,parm file = FW2O_p25.mat
86896MD01_016K_M04_multi_20180808_050000Z.aif_15936,2018_UnivMD_Maryland_86896_Dep01_20180711,86896MD01_016K_M04_multi_20180808_050000Z.aif,,2393413.219971,2393419.036021,interval,animal,,,,,,,,,,,,,,,,,machine,,,0.522017,1-4-f,parm file = FW2O_p25.mat
86896MD01_016K_M04_multi_20180808_091500Z.aif_15969,2018_UnivMD_Maryland_86896_Dep01_20180711,86896MD01_016K_M04_multi_20180808_091500Z.aif,,2408707.843978,2408713.660028,interval,animal,,,,,,,,,,,,,,,,,machine,,,0.503893,1-4-f,parm file = FW2O_p25.mat
86896MD01_016K_M04_multi_20180808_101500Z.aif_16022,2018_UnivMD_Maryland_86896_Dep01_20180711,86896MD01_016K_M04_multi_20180808_101500Z.aif,,2412724.827971,2412730.644021,interval,animal,,,,,,,,,,,,,,,,,machine,,,0.536222,1-4-f,parm file = FW2O_p25.mat
86896MD01_016K_M04_multi_20180808_104500Z.aif_16052,2018_UnivMD_Maryland_86896_Dep01_20180711,86896MD01_016K_M04_multi_20180808_104500Z.aif,,2414457.507978,2414463.324028,interval,animal,,,,,,,,,,,,,,,,,machine,,,0.549719,1-4-f,parm file = FW2O_p25.mat
86896MD01_016K_M04_multi_20180808_140000Z.aif_16099,2018_UnivMD_Maryland_86896_Dep01_20180711,86896MD01_016K_M04_multi_20180808_140000Z.aif,,2426080.715971,2426086.532021,interval,animal,,,,,,,,,,,,,,,,,machine,,,0.512561,1-4-f,parm file = FW2O_p25.mat
86896MD01_016K_M04_multi_20180808_141500Z.aif_16208,2018_UnivMD_Maryland_86896_Dep01_20180711,86896MD01_016K_M04_multi_20180808_141500Z.aif,,2426868.083975,2426873.900025,interval,animal,,,,,,,,,,,,,,,,,machine,,,0.515274,1-4-f,parm file = FW2O_p25.mat
86896MD01_016K_M04_multi_20180808_184500Z.aif_16327,2018_UnivMD_Maryland_86896_Dep01_20180711,86896MD01_016K_M04_multi_20180808_184500Z.aif,,2442786.003975,2442791.820025,interval,animal,,,,,,,,,,,,,,,,,machine,,,0.513445,1-4-f,parm file = FW2O_p25.mat
86896MD01_016K_M04_multi_20180808_224500Z.aif_16438,2018_UnivMD_Maryland_86896_Dep01_20180711,86896MD01_016K_M04_multi_20180808_224500Z.aif,,2457879.179978,2457884.996028,interval,animal,,,,,,,,,,,,,,,,,machine,,,0.502998,1-4-f,parm file = FW2O_p25.mat
86896MD01_016K_M04_multi_20180808_230000Z.aif_16541,2018_UnivMD_Maryland_86896_Dep01_20180711,86896MD01_016K_M04_multi_20180808_230000Z.aif,,2458426.443971,2458432.260021,interval,animal,,,,,,,,,,,,,,,,,machine,,,0.508237,1-4-f,parm file = FW2O_p25.mat
86896MD01_016K_M04_multi_20180808_230000Z.aif_16542,2018_UnivMD_Maryland_86896_Dep01_20180711,86896MD01_016K_M04_multi_20180808_230000Z.aif,,2458432.587971,2458438.404021,interval,animal,,,,,,,,,,,,,,,,,machine,,,0.612241,1-4-f,parm file = FW2O_p25.mat
86896MD01_016K_M04_multi_20180808_230000Z.aif_16593,2018_UnivMD_Maryland_86896_Dep01_20180711,86896MD01_016K_M04_multi_20180808_230000Z.aif,,2458620.475971,2458626.292021,interval,animal,,,,,,,,,,,,,,,,,machine,,,0.539825,1-4-f,parm file = FW2O_p25.mat
86896MD01_016K_M04_multi_20180808_231500Z.aif_16776,2018_UnivMD_Maryland_86896_Dep01_20180711,86896MD01_016K_M04_multi_20180808_231500Z.aif,,2459390.187975,2459396.004025,interval,animal,,,,,,,,,,,,,,,,,machine,,,0.540959,1-4-f,parm file = FW2O_p25.mat
86896MD01_016K_M04_multi_20180808_233000Z.aif_17084,2018_UnivMD_Maryland_86896_Dep01_20180711,86896MD01_016K_M04_multi_20180808_233000Z.aif,,2460562.283978,2460568.100028,interval,animal,,,,,,,,,,,,,,,,,machine,,,0.523471,1-4-f,parm file = FW2O_p25.mat
86896MD01_016K_M04_multi_20180809_000000Z.aif_17224,2018_UnivMD_Maryland_86896_Dep01_20180711,86896MD01_016K_M04_multi_20180809_000000Z.aif,,2461523.971975,2461529.788025,interval,animal,,,,,,,,,,,,,,,,,machine,,,0.560386,1-4-f,parm file = FW2O_p25.mat
86896MD01_016K_M04_multi_20180809_163000Z.aif_17386,2018_UnivMD_Maryland_86896_Dep01_20180711,86896MD01_016K_M04_multi_20180809_163000Z.aif,,2521447.947975,2521453.764025,interval,animal,,,,,,,,,,,,,,,,,machine,,,0.501467,1-4-f,parm file = FW2O_p25.mat
86896MD01_016K_M04_multi_20180809_211500Z.aif_17425,2018_UnivMD_Maryland_86896_Dep01_20180711,86896MD01_016K_M04_multi_20180809_211500Z.aif,,2538058.531978,2538064.348028,interval,animal,,,,,,,,,,,,,,,,,machine,,,0.546848,1-4-f,parm file = FW2O_p25.mat
86896MD01_016K_M04_multi_20180809_231500Z.aif_17456,2018_UnivMD_Maryland_86896_Dep01_20180711,86896MD01_016K_M04_multi_20180809_231500Z.aif,,2545826.019975,2545831.836025,interval,animal,,,,,,,,,,,,,,,,,machine,,,0.572022,1-4-f,parm file = FW2O_p25.mat
86896MD01_016K_M04_multi_20180809_233000Z.aif_17476,2018_UnivMD_Maryland_86896_Dep01_20180711,86896MD01_016K_M04_multi_20180809_233000Z.aif,,2546361.003978,2546366.820028,interval,animal,,,,,,,,,,,,,,,,,machine,,,0.526790,1-4-f,parm file = FW2O_p25.mat
86896MD01_016K_M04_multi_20180810_124500Z.aif_17548,2018_UnivMD_Maryland_86896_Dep01_20180711,86896MD01_016K_M04_multi_20180810_124500Z.aif,,2593876.699975,2593882.516025,interval,animal,,,,,,,,,,,,,,,,,machine,,,0.510239,1-4-f,parm file = FW2O_p25.mat
86896MD01_016K_M04_multi_20180811_234500Z.aif_17700,2018_UnivMD_Maryland_86896_Dep01_20180711,86896MD01_016K_M04_multi_20180811_234500Z.aif,,2720153.411971,2720159.228021,interval,animal,,,,,,,,,,,,,,,,,machine,,,0.515585,1-4-f,parm file = FW2O_p25.mat
86896MD01_016K_M04_multi_20180812_124500Z.aif_17847,2018_UnivMD_Maryland_86896_Dep01_20180711,86896MD01_016K_M04_multi_20180812_124500Z.aif,,2767031.995975,2767037.812025,interval,animal,,,,,,,,,,,,,,,,,machine,,,0.647771,1-4-f,parm file = FW2O_p25.mat
86896MD01_016K_M04_multi_20180812_130000Z.aif_17855,2018_UnivMD_Maryland_86896_Dep01_20180711,86896MD01_016K_M04_multi_20180812_130000Z.aif,,2768288.819978,2768294.636028,interval,animal,,,,,,,,,,,,,,,,,machine,,,0.507244,1-4-f,parm file = FW2O_p25.mat
86896MD01_016K_M04_multi_20180813_090000Z.aif_17982,2018_UnivMD_Maryland_86896_Dep01_20180711,86896MD01_016K_M04_multi_20180813_090000Z.aif,,2840310.835975,2840316.652025,interval,animal,,,,,,,,,,,,,,,,,machine,,,0.527824,1-4-f,parm file = FW2O_p25.mat
86896MD01_016K_M04_multi_20180813_211500Z.aif_18074,2018_UnivMD_Maryland_86896_Dep01_20180711,86896MD01_016K_M04_multi_20180813_211500Z.aif,,2883604.259978,2883610.076028,interval,animal,,,,,,,,,,,,,,,,,machine,,,0.524532,1-4-f,parm file = FW2O_p25.mat
86896MD01_016K_M04_multi_20180813_224500Z.aif_18098,2018_UnivMD_Maryland_86896_Dep01_20180711,86896MD01_016K_M04_multi_20180813_224500Z.aif,,2889101.531978,2889107.348028,interval,animal,,,,,,,,,,,,,,,,,machine,,,0.536489,1-4-f,parm file = FW2O_p25.mat
86896MD01_016K_M04_multi_20180813_234500Z.aif_18107,2018_UnivMD_Maryland_86896_Dep01_20180711,86896MD01_016K_M04_multi_20180813_234500Z.aif,,2892662.371971,2892668.188021,interval,animal,,,,,,,,,,,,,,,,,machine,,,0.544139,1-4-f,parm file = FW2O_p25.mat
86896MD01_016K_M04_multi_20180814_041500Z.aif_18136,2018_UnivMD_Maryland_86896_Dep01_20180711,86896MD01_016K_M04_multi_20180814_041500Z.aif,,2909269.875971,2909275.692021,interval,animal,,,,,,,,,,,,,,,,,machine,,,0.503960,1-4-f,parm file = FW2O_p25.mat
86896MD01_016K_M04_multi_20180814_093000Z.aif_18154,2018_UnivMD_Maryland_86896_Dep01_20180711,86896MD01_016K_M04_multi_20180814_093000Z.aif,,2927796.667971,2927802.484021,interval,animal,,,,,,,,,,,,,,,,,machine,,,0.518856,1-4-f,parm file = FW2O_p25.mat
86896MD01_016K_M04_multi_20180814_094500Z.aif_18178,2018_UnivMD_Maryland_86896_Dep01_20180711,86896MD01_016K_M04_multi_20180814_094500Z.aif,,2928765.779975,2928771.596025,interval,animal,,,,,,,,,,,,,,,,,machine,,,0.544142,1-4-f,parm file = FW2O_p25.mat
86896MD01_016K_M04_multi_20180814_141500Z.aif_18220,2018_UnivMD_Maryland_86896_Dep01_20180711,86896MD01_016K_M04_multi_20180814_141500Z.aif,,2945144.563145,2945148.620855,interval,animal,,,,,,,,,,,,,,,,,machine,,,0.526306,1-2-f,parm file = FW2O_p25.mat
86896MD01_016K_M04_multi_20180814_141500Z.aif_18228,2018_UnivMD_Maryland_86896_Dep01_20180711,86896MD01_016K_M04_multi_20180814_141500Z.aif,,2945278.691145,2945282.748855,interval,animal,,,,,,,,,,,,,,,,,machine,,,0.569653,1-2-f,parm file = FW2O_p25.mat
86896MD01_016K_M04_multi_20180814_143000Z.aif_18274,2018_UnivMD_Maryland_86896_Dep01_20180711,86896MD01_016K_M04_multi_20180814_143000Z.aif,,2946040.467149,2946044.524859,interval,animal,,,,,,,,,,,,,,,,,machine,,,0.538549,1-2-f,parm file = FW2O_p25.mat
86896MD01_016K_M04_multi_20180814_143000Z.aif_18287,2018_UnivMD_Maryland_86896_Dep01_20180711,86896MD01_016K_M04_multi_20180814_143000Z.aif,,2946292.091149,2946296.148859,interval,animal,,,,,,,,,,,,,,,,,machine,,,0.506585,1-2-f,parm file = FW2O_p25.mat
86896MD01_016K_M04_multi_20180814_150000Z.aif_18386,2018_UnivMD_Maryland_86896_Dep01_20180711,86896MD01_016K_M04_multi_20180814_150000Z.aif,,2947560.435145,2947564.492855,interval,animal,,,,,,,,,,,,,,,,,machine,,,0.560766,1-2-f,parm file = FW2O_p25.mat
86896MD01_016K_M04_multi_20180814_181500Z.aif_18443,2018_UnivMD_Maryland_86896_Dep01_20180711,86896MD01_016K_M04_multi_20180814_181500Z.aif,,2959742.571978,2959748.388028,interval,animal,,,,,,,,,,,,,,,,,machine,,,0.503707,1-4-f,parm file = FW2O_p25.mat
86896MD01_016K_M04_multi_20180815_010000Z.aif_18607,2018_UnivMD_Maryland_86896_Dep01_20180711,86896MD01_016K_M04_multi_20180815_010000Z.aif,,2983941.467978,2983947.284028,interval,animal,,,,,,,,,,,,,,,,,machine,,,0.559610,1-4-f,parm file = FW2O_p25.mat
86896MD01_016K_M04_multi_20180815_011500Z.aif_18648,2018_UnivMD_Maryland_86896_Dep01_20180711,86896MD01_016K_M04_multi_20180815_011500Z.aif,,2985140.187971,2985146.004021,interval,animal,,,,,,,,,,,,,,,,,machine,,,0.533413,1-4-f,parm file = FW2O_p25.mat
86896MD01_016K_M04_multi_20180815_021500Z.aif_18823,2018_UnivMD_Maryland_86896_Dep01_20180711,86896MD01_016K_M04_multi_20180815_021500Z.aif,,2988276.619975,2988282.436025,interval,animal,,,,,,,,,,,,,,,,,machine,,,0.567315,1-4-f,parm file = FW2O_p25.mat
86896MD01_016K_M04_multi_20180815_021500Z.aif_18826,2018_UnivMD_Maryland_86896_Dep01_20180711,86896MD01_016K_M04_multi_20180815_021500Z.aif,,2988305.539975,2988311.356025,interval,animal,,,,,,,,,,,,,,,,,machine,,,0.641086,1-4-f,parm file = FW2O_p25.mat
86896MD01_016K_M04_multi_20180815_021500Z.aif_18886,2018_UnivMD_Maryland_86896_Dep01_20180711,86896MD01_016K_M04_multi_20180815_021500Z.aif,,2988876.875975,2988882.692025,interval,animal,,,,,,,,,,,,,,,,,machine,,,0.632547,1-4-f,parm file = FW2O_p25.mat
86896MD01_016K_M04_multi_20180815_023000Z.aif_18899,2018_UnivMD_Maryland_86896_Dep01_20180711,86896MD01_016K_M04_multi_20180815_023000Z.aif,,2989173.547978,2989179.364028,interval,animal,,,,,,,,,,,,,,,,,machine,,,0.583446,1-4-f,parm file = FW2O_p25.mat
86896MD01_016K_M04_multi_20180815_030000Z.aif_18993,2018_UnivMD_Maryland_86896_Dep01_20180711,86896MD01_016K_M04_multi_20180815_030000Z.aif,,2990853.491975,2990859.308025,interval,animal,,,,,,,,,,,,,,,,,machine,,,0.536318,1-4-f,parm file = FW2O_p25.mat
86896MD01_016K_M04_multi_20180815_154500Z.aif_19128,2018_UnivMD_Maryland_86896_Dep01_20180711,86896MD01_016K_M04_multi_20180815_154500Z.aif,,3036851.787975,3036857.604025,interval,animal,,,,,,,,,,,,,,,,,machine,,,0.550697,1-4-f,parm file = FW2O_p25.mat
86896MD01_016K_M04_multi_20180815_211500Z.aif_19233,2018_UnivMD_Maryland_86896_Dep01_20180711,86896MD01_016K_M04_multi_20180815_211500Z.aif,,3056686.203149,3056690.260859,interval,animal,,,,,,,,,,,,,,,,,machine,,,0.527258,1-2-f,parm file = FW2O_p25.mat
86896MD01_016K_M04_multi_20180815_214500Z.aif_19242,2018_UnivMD_Maryland_86896_Dep01_20180711,86896MD01_016K_M04_multi_20180815_214500Z.aif,,3059074.683145,3059078.740855,interval,animal,,,,,,,,,,,,,,,,,machine,,,0.525896,1-2-f,parm file = FW2O_p25.mat
86896MD01_016K_M04_multi_20180816_011500Z.aif_19301,2018_UnivMD_Maryland_86896_Dep01_20180711,86896MD01_016K_M04_multi_20180816_011500Z.aif,,3071465.443971,3071471.260021,interval,animal,,,,,,,,,,,,,,,,,machine,,,0.588623,1-4-f,parm file = FW2O_p25.mat
86896MD01_016K_M04_multi_20180816_021500Z.aif_19324,2018_UnivMD_Maryland_86896_Dep01_20180711,86896MD01_016K_M04_multi_20180816_021500Z.aif,,3074882.531145,3074886.588855,interval,animal,,,,,,,,,,,,,,,,,machine,,,0.521461,1-2-f,parm file = FW2O_p25.mat
86896MD01_016K_M04_multi_20180816_043000Z.aif_19417,2018_UnivMD_Maryland_86896_Dep01_20180711,86896MD01_016K_M04_multi_20180816_043000Z.aif,,3082636.859975,3082642.676025,interval,animal,,,,,,,,,,,,,,,,,machine,,,0.507200,1-4-f,parm file = FW2O_p25.mat
86896MD01_016K_M04_multi_20180816_090000Z.aif_19486,2018_UnivMD_Maryland_86896_Dep01_20180711,86896MD01_016K_M04_multi_20180816_090000Z.aif,,3099141.979975,3099147.796025,interval,animal,,,,,,,,,,,,,,,,,machine,,,0.644785,1-4-f,parm file = FW2O_p25.mat
86896MD01_016K_M04_multi_20180816_114500Z.aif_19552,2018_UnivMD_Maryland_86896_Dep01_20180711,86896MD01_016K_M04_multi_20180816_114500Z.aif,,3109466.491142,3109470.548852,interval,animal,,,,,,,,,,,,,,,,,machine,,,0.557622,1-2-f,parm file = FW2O_p25.mat
86896MD01_016K_M04_multi_20180816_143000Z.aif_19594,2018_UnivMD_Maryland_86896_Dep01_20180711,86896MD01_016K_M04_multi_20180816_143000Z.aif,,3118502.376263,3118506.839743,interval,animal,,,,,,,,,,,,,,,,,machine,,,0.549939,1-1-f,parm file = FW2O_p25.mat
86896MD01_016K_M04_multi_20180816_174500Z.aif_19685,2018_UnivMD_Maryland_86896_Dep01_20180711,86896MD01_016K_M04_multi_20180816_174500Z.aif,,3130949.139971,3130954.956021,interval,animal,,,,,,,,,,,,,,,,,machine,,,0.512078,1-4-f,parm file = FW2O_p25.mat
86896MD01_016K_M04_multi_20180816_191500Z.aif_19711,2018_UnivMD_Maryland_86896_Dep01_20180711,86896MD01_016K_M04_multi_20180816_191500Z.aif,,3135675.163971,3135680.980021,interval,animal,,,,,,,,,,,,,,,,,machine,,,0.540887,1-4-f,parm file = FW2O_p25.mat
86896MD01_016K_M04_multi_20180816_193000Z.aif_19750,2018_UnivMD_Maryland_86896_Dep01_20180711,86896MD01_016K_M04_multi_20180816_193000Z.aif,,3137030.795975,3137036.612025,interval,animal,,,,,,,,,,,,,,,,,machine,,,0.608595,1-4-f,parm file = FW2O_p25.mat
86896MD01_016K_M04_multi_20180816_193000Z.aif_19758,2018_UnivMD_Maryland_86896_Dep01_20180711,86896MD01_016K_M04_multi_20180816_193000Z.aif,,3137136.259975,3137142.076025,interval,animal,,,,,,,,,,,,,,,,,machine,,,0.514270,1-4-f,parm file = FW2O_p25.mat
86896MD01_016K_M04_multi_20180816_194500Z.aif_19786,2018_UnivMD_Maryland_86896_Dep01_20180711,86896MD01_016K_M04_multi_20180816_194500Z.aif,,3137531.995978,3137537.812028,interval,animal,,,,,,,,,,,,,,,,,machine,,,0.527358,1-4-f,parm file = FW2O_p25.mat
86896MD01_016K_M04_multi_20180817_011500Z.aif_19940,2018_UnivMD_Maryland_86896_Dep01_20180711,86896MD01_016K_M04_multi_20180817_011500Z.aif,,3157324.059971,3157329.876021,interval,animal,,,,,,,,,,,,,,,,,machine,,,0.516944,1-4-f,parm file = FW2O_p25.mat
86896MD01_016K_M04_multi_20180817_021500Z.aif_19958,2018_UnivMD_Maryland_86896_Dep01_20180711,86896MD01_016K_M04_multi_20180817_021500Z.aif,,3161294.707975,3161300.524025,interval,animal,,,,,,,,,,,,,,,,,machine,,,0.557261,1-4-f,parm file = FW2O_p25.mat
86896MD01_016K_M04_multi_20180817_061500Z.aif_20014,2018_UnivMD_Maryland_86896_Dep01_20180711,86896MD01_016K_M04_multi_20180817_061500Z.aif,,3175367.571978,3175373.388028,interval,animal,,,,,,,,,,,,,,,,,machine,,,0.541438,1-4-f,parm file = FW2O_p25.mat
86896MD01_016K_M04_multi_20180817_084500Z.aif_20082,2018_UnivMD_Maryland_86896_Dep01_20180711,86896MD01_016K_M04_multi_20180817_084500Z.aif,,3184973.203971,3184979.020021,interval,animal,,,,,,,,,,,,,,,,,machine,,,0.520038,1-4-f,parm file = FW2O_p25.mat
86896MD01_016K_M04_multi_20180817_121500Z.aif_20189,2018_UnivMD_Maryland_86896_Dep01_20180711,86896MD01_016K_M04_multi_20180817_121500Z.aif,,3197052.811978,3197058.628028,interval,animal,,,,,,,,,,,,,,,,,machine,,,0.527913,1-4-f,parm file = FW2O_p25.mat
86896MD01_016K_M04_multi_20180817_213000Z.aif_20470,2018_UnivMD_Maryland_86896_Dep01_20180711,86896MD01_016K_M04_multi_20180817_213000Z.aif,,3230144.707971,3230150.524021,interval,animal,,,,,,,,,,,,,,,,,machine,,,0.530106,1-4-f,parm file = FW2O_p25.mat
86896MD01_016K_M04_multi_20180817_214500Z.aif_20511,2018_UnivMD_Maryland_86896_Dep01_20180711,86896MD01_016K_M04_multi_20180817_214500Z.aif,,3231484.467975,3231490.284025,interval,animal,,,,,,,,,,,,,,,,,machine,,,0.586153,1-4-f,parm file = FW2O_p25.mat
86896MD01_016K_M04_multi_20180817_224500Z.aif_20556,2018_UnivMD_Maryland_86896_Dep01_20180711,86896MD01_016K_M04_multi_20180817_224500Z.aif,,3234886.347978,3234892.164028,interval,animal,,,,,,,,,,,,,,,,,machine,,,0.511855,1-4-f,parm file = FW2O_p25.mat
86896MD01_016K_M04_multi_20180817_224500Z.aif_20557,2018_UnivMD_Maryland_86896_Dep01_20180711,86896MD01_016K_M04_multi_20180817_224500Z.aif,,3234893.515978,3234899.332028,interval,animal,,,,,,,,,,,,,,,,,machine,,,0.505273,1-4-f,parm file = FW2O_p25.mat
86896MD01_016K_M04_multi_20180817_230000Z.aif_20586,2018_UnivMD_Maryland_86896_Dep01_20180711,86896MD01_016K_M04_multi_20180817_230000Z.aif,,3235629.691971,3235635.508021,interval,animal,,,,,,,,,,,,,,,,,machine,,,0.608077,1-4-f,parm file = FW2O_p25.mat
86896MD01_016K_M04_multi_20180817_230000Z.aif_20631,2018_UnivMD_Maryland_86896_Dep01_20180711,86896MD01_016K_M04_multi_20180817_230000Z.aif,,3235984.211971,3235990.028021,interval,animal,,,,,,,,,,,,,,,,,machine,,,0.561906,1-4-f,parm file = FW2O_p25.mat
86896MD01_016K_M04_multi_20180817_231500Z.aif_20761,2018_UnivMD_Maryland_86896_Dep01_20180711,86896MD01_016K_M04_multi_20180817_231500Z.aif,,3236735.747975,3236741.564025,interval,animal,,,,,,,,,,,,,,,,,machine,,,0.564725,1-4-f,parm file = FW2O_p25.mat
86896MD01_016K_M04_multi_20180817_231500Z.aif_20772,2018_UnivMD_Maryland_86896_Dep01_20180711,86896MD01_016K_M04_multi_20180817_231500Z.aif,,3236792.571975,3236798.388025,interval,animal,,,,,,,,,,,,,,,,,machine,,,0.504428,1-4-f,parm file = FW2O_p25.mat
86896MD01_016K_M04_multi_20180817_233000Z.aif_20843,2018_UnivMD_Maryland_86896_Dep01_20180711,86896MD01_016K_M04_multi_20180817_233000Z.aif,,3237564.075978,3237569.892028,interval,animal,,,,,,,,,,,,,,,,,machine,,,0.585550,1-4-f,parm file = FW2O_p25.mat
86896MD01_016K_M04_multi_20180817_234500Z.aif_20893,2018_UnivMD_Maryland_86896_Dep01_20180711,86896MD01_016K_M04_multi_20180817_234500Z.aif,,3238280.027971,3238285.844021,interval,animal,,,,,,,,,,,,,,,,,machine,,,0.591105,1-4-f,parm file = FW2O_p25.mat
86896MD01_016K_M04_multi_20180818_000000Z.aif_20963,2018_UnivMD_Maryland_86896_Dep01_20180711,86896MD01_016K_M04_multi_20180818_000000Z.aif,,3239722.691975,3239728.508025,interval,animal,,,,,,,,,,,,,,,,,machine,,,0.580559,1-4-f,parm file = FW2O_p25.mat
86896MD01_016K_M04_multi_20180818_014500Z.aif_21181,2018_UnivMD_Maryland_86896_Dep01_20180711,86896MD01_016K_M04_multi_20180818_014500Z.aif,,3245509.723978,3245515.540028,interval,animal,,,,,,,,,,,,,,,,,machine,,,0.703497,1-4-f,parm file = FW2O_p25.mat
86896MD01_016K_M04_multi_20180818_014500Z.aif_21208,2018_UnivMD_Maryland_86896_Dep01_20180711,86896MD01_016K_M04_multi_20180818_014500Z.aif,,3245592.147978,3245597.964028,interval,animal,,,,,,,,,,,,,,,,,machine,,,0.695515,1-4-f,parm file = FW2O_p25.mat
86896MD01_016K_M04_multi_20180818_014500Z.aif_21216,2018_UnivMD_Maryland_86896_Dep01_20180711,86896MD01_016K_M04_multi_20180818_014500Z.aif,,3245618.003978,3245623.820028,interval,animal,,,,,,,,,,,,,,,,,machine,,,0.781616,1-4-f,parm file = FW2O_p25.mat
86896MD01_016K_M04_multi_20180818_014500Z.aif_21270,2018_UnivMD_Maryland_86896_Dep01_20180711,86896MD01_016K_M04_multi_20180818_014500Z.aif,,3245988.395978,3245994.212028,interval,animal,,,,,,,,,,,,,,,,,machine,,,0.537380,1-4-f,parm file = FW2O_p25.mat
86896MD01_016K_M04_multi_20180818_020000Z.aif_21362,2018_UnivMD_Maryland_86896_Dep01_20180711,86896MD01_016K_M04_multi_20180818_020000Z.aif,,3246347.011971,3246352.828021,interval,animal,,,,,,,,,,,,,,,,,machine,,,0.558841,1-4-f,parm file = FW2O_p25.mat
86896MD01_016K_M04_multi_20180818_020000Z.aif_21455,2018_UnivMD_Maryland_86896_Dep01_20180711,86896MD01_016K_M04_multi_20180818_020000Z.aif,,3246889.931971,3246895.748021,interval,animal,,,,,,,,,,,,,,,,,machine,,,0.758218,1-4-f,parm file = FW2O_p25.mat
86896MD01_016K_M04_multi_20180818_021500Z.aif_21527,2018_UnivMD_Maryland_86896_Dep01_20180711,86896MD01_016K_M04_multi_20180818_021500Z.aif,,3247436.539145,3247440.596855,interval,animal,,,,,,,,,,,,,,,,,machine,,,0.563838,1-2-f,parm file = FW2O_p25.mat
86896MD01_016K_M04_multi_20180818_033000Z.aif_21658,2018_UnivMD_Maryland_86896_Dep01_20180711,86896MD01_016K_M04_multi_20180818_033000Z.aif,,3252016.803971,3252022.620021,interval,animal,,,,,,,,,,,,,,,,,machine,,,0.500429,1-4-f,parm file = FW2O_p25.mat
86896MD01_016K_M04_multi_20180818_033000Z.aif_21668,2018_UnivMD_Maryland_86896_Dep01_20180711,86896MD01_016K_M04_multi_20180818_033000Z.aif,,3252420.731971,3252426.548021,interval,animal,,,,,,,,,,,,,,,,,machine,,,0.725247,1-4-f,parm file = FW2O_p25.mat
86896MD01_016K_M04_multi_20180818_034500Z.aif_21805,2018_UnivMD_Maryland_86896_Dep01_20180711,86896MD01_016K_M04_multi_20180818_034500Z.aif,,3252918.851975,3252924.668025,interval,animal,,,,,,,,,,,,,,,,,machine,,,0.778610,1-4-f,parm file = FW2O_p25.mat
86896MD01_016K_M04_multi_20180818_034500Z.aif_21821,2018_UnivMD_Maryland_86896_Dep01_20180711,86896MD01_016K_M04_multi_20180818_034500Z.aif,,3253030.203975,3253036.020025,interval,animal,,,,,,,,,,,,,,,,,machine,,,0.745984,1-4-f,parm file = FW2O_p25.mat
86896MD01_016K_M04_multi_20180818_040000Z.aif_21925,2018_UnivMD_Maryland_86896_Dep01_20180711,86896MD01_016K_M04_multi_20180818_040000Z.aif,,3253634.043978,3253639.860028,interval,animal,,,,,,,,,,,,,,,,,machine,,,0.600107,1-4-f,parm file = FW2O_p25.mat
86896MD01_016K_M04_multi_20180818_041500Z.aif_22038,2018_UnivMD_Maryland_86896_Dep01_20180711,86896MD01_016K_M04_multi_20180818_041500Z.aif,,3254990.955971,3254996.772021,interval,animal,,,,,,,,,,,,,,,,,machine,,,0.589345,1-4-f,parm file = FW2O_p25.mat
86896MD01_016K_M04_multi_20180818_051500Z.aif_22057,2018_UnivMD_Maryland_86896_Dep01_20180711,86896MD01_016K_M04_multi_20180818_051500Z.aif,,3258804.435975,3258810.252025,interval,animal,,,,,,,,,,,,,,,,,machine,,,0.746110,1-4-f,parm file = FW2O_p25.mat
86896MD01_016K_M04_multi_20180818_054500Z.aif_22129,2018_UnivMD_Maryland_86896_Dep01_20180711,86896MD01_016K_M04_multi_20180818_054500Z.aif,,3260606.648256,3260611.111736,interval,animal,,,,,,,,,,,,,,,,,machine,,,0.693571,1-1-f,parm file = FW2O_p25.mat
86896MD01_016K_M04_multi_20180818_060000Z.aif_22174,2018_UnivMD_Maryland_86896_Dep01_20180711,86896MD01_016K_M04_multi_20180818_060000Z.aif,,3260763.651975,3260769.468025,interval,animal,,,,,,,,,,,,,,,,,machine,,,0.515428,1-4-f,parm file = FW2O_p25.mat
86896MD01_016K_M04_multi_20180818_060000Z.aif_22188,2018_UnivMD_Maryland_86896_Dep01_20180711,86896MD01_016K_M04_multi_20180818_060000Z.aif,,3260867.059975,3260872.876025,interval,animal,,,,,,,,,,,,,,,,,machine,,,0.655494,1-4-f,parm file = FW2O_p25.mat
86896MD01_016K_M04_multi_20180818_060000Z.aif_22209,2018_UnivMD_Maryland_86896_Dep01_20180711,86896MD01_016K_M04_multi_20180818_060000Z.aif,,3261028.579975,3261034.396025,interval,animal,,,,,,,,,,,,,,,,,machine,,,0.702341,1-4-f,parm file = FW2O_p25.mat
86896MD01_016K_M04_multi_20180818_060000Z.aif_22228,2018_UnivMD_Maryland_86896_Dep01_20180711,86896MD01_016K_M04_multi_20180818_060000Z.aif,,3261093.083975,3261098.900025,interval,animal,,,,,,,,,,,,,,,,,machine,,,0.828630,1-4-f,parm file = FW2O_p25.mat
86896MD01_016K_M04_multi_20180818_060000Z.aif_22255,2018_UnivMD_Maryland_86896_Dep01_20180711,86896MD01_016K_M04_multi_20180818_060000Z.aif,,3261187.704260,3261192.167740,interval,animal,,,,,,,,,,,,,,,,,machine,,,0.576817,1-1-f,parm file = FW2O_p25.mat
86896MD01_016K_M04_multi_20180818_060000Z.aif_22278,2018_UnivMD_Maryland_86896_Dep01_20180711,86896MD01_016K_M04_multi_20180818_060000Z.aif,,3261268.427975,3261274.244025,interval,animal,,,,,,,,,,,,,,,,,machine,,,0.805510,1-4-f,parm file = FW2O_p25.mat
86896MD01_016K_M04_multi_20180818_073000Z.aif_22387,2018_UnivMD_Maryland_86896_Dep01_20180711,86896MD01_016K_M04_multi_20180818_073000Z.aif,,3266266.547975,3266272.364025,interval,animal,,,,,,,,,,,,,,,,,machine,,,0.608620,1-4-f,parm file = FW2O_p25.mat
86896MD01_016K_M04_multi_20180818_073000Z.aif_22389,2018_UnivMD_Maryland_86896_Dep01_20180711,86896MD01_016K_M04_multi_20180818_073000Z.aif,,3266284.467975,3266290.284025,interval,animal,,,,,,,,,,,,,,,,,machine,,,0.542103,1-4-f,parm file = FW2O_p25.mat
86896MD01_016K_M04_multi_20180818_083000Z.aif_22617,2018_UnivMD_Maryland_86896_Dep01_20180711,86896MD01_016K_M04_multi_20180818_083000Z.aif,,3270075.419978,3270081.236028,interval,animal,,,,,,,,,,,,,,,,,machine,,,0.755725,1-4-f,parm file = FW2O_p25.mat
86896MD01_016K_M04_multi_20180818_083000Z.aif_22651,2018_UnivMD_Maryland_86896_Dep01_20180711,86896MD01_016K_M04_multi_20180818_083000Z.aif,,3270199.827978,3270205.644028,interval,animal,,,,,,,,,,,,,,,,,machine,,,0.554305,1-4-f,parm file = FW2O_p25.mat
86896MD01_016K_M04_multi_20180818_084500Z.aif_22697,2018_UnivMD_Maryland_86896_Dep01_20180711,86896MD01_016K_M04_multi_20180818_084500Z.aif,,3270777.043971,3270782.860021,interval,animal,,,,,,,,,,,,,,,,,machine,,,0.548087,1-4-f,parm file = FW2O_p25.mat
86896MD01_016K_M04_multi_20180818_084500Z.aif_22701,2018_UnivMD_Maryland_86896_Dep01_20180711,86896MD01_016K_M04_multi_20180818_084500Z.aif,,3271494.027971,3271499.844021,interval,animal,,,,,,,,,,,,,,,,,machine,,,0.518300,1-4-f,parm file = FW2O_p25.mat
86896MD01_016K_M04_multi_20180818_090000Z.aif_22708,2018_UnivMD_Maryland_86896_Dep01_20180711,86896MD01_016K_M04_multi_20180818_090000Z.aif,,3271523.368260,3271527.831740,interval,animal,,,,,,,,,,,,,,,,,machine,,,0.792178,1-1-f,parm file = FW2O_p25.mat
86896MD01_016K_M04_multi_20180818_091500Z.aif_22841,2018_UnivMD_Maryland_86896_Dep01_20180711,86896MD01_016K_M04_multi_20180818_091500Z.aif,,3273170.040263,3273174.503743,interval,animal,,,,,,,,,,,,,,,,,machine,,,0.694323,1-1-f,parm file = FW2O_p25.mat
86896MD01_016K_M04_multi_20180818_093000Z.aif_22906,2018_UnivMD_Maryland_86896_Dep01_20180711,86896MD01_016K_M04_multi_20180818_093000Z.aif,,3273382.752256,3273387.215736,interval,animal,,,,,,,,,,,,,,,,,machine,,,0.853477,1-1-f,parm file = FW2O_p25.mat
86896MD01_016K_M04_multi_20180818_093000Z.aif_22956,2018_UnivMD_Maryland_86896_Dep01_20180711,86896MD01_016K_M04_multi_20180818_093000Z.aif,,3273537.451971,3273543.268021,interval,animal,,,,,,,,,,,,,,,,,machine,,,0.807717,1-4-f,parm file = FW2O_p25.mat
86896MD01_016K_M04_multi_20180818_093000Z.aif_22981,2018_UnivMD_Maryland_86896_Dep01_20180711,86896MD01_016K_M04_multi_20180818_093000Z.aif,,3273630.627971,3273636.444021,interval,animal,,,,,,,,,,,,,,,,,machine,,,0.803084,1-4-f,parm file = FW2O_p25.mat
86896MD01_016K_M04_multi_20180818_093000Z.aif_22986,2018_UnivMD_Maryland_86896_Dep01_20180711,86896MD01_016K_M04_multi_20180818_093000Z.aif,,3273647.523971,3273653.340021,interval,animal,,,,,,,,,,,,,,,,,machine,,,0.887237,1-4-f,parm file = FW2O_p25.mat
86896MD01_016K_M04_multi_20180818_113000Z.aif_23434,2018_UnivMD_Maryland_86896_Dep01_20180711,86896MD01_016K_M04_multi_20180818_113000Z.aif,,3280905.371978,3280911.188028,interval,animal,,,,,,,,,,,,,,,,,machine,,,0.825987,1-4-f,parm file = FW2O_p25.mat
86896MD01_016K_M04_multi_20180818_113000Z.aif_23448,2018_UnivMD_Maryland_86896_Dep01_20180711,86896MD01_016K_M04_multi_20180818_113000Z.aif,,3281250.931978,3281256.748028,interval,animal,,,,,,,,,,,,,,,,,machine,,,0.590706,1-4-f,parm file = FW2O_p25.mat
86896MD01_016K_M04_multi_20180818_114500Z.aif_23490,2018_UnivMD_Maryland_86896_Dep01_20180711,86896MD01_016K_M04_multi_20180818_114500Z.aif,,3281444.451971,3281450.268021,interval,animal,,,,,,,,,,,,,,,,,machine,,,0.778642,1-4-f,parm file = FW2O_p25.mat
86896MD01_016K_M04_multi_20180818_114500Z.aif_23501,2018_UnivMD_Maryland_86896_Dep01_20180711,86896MD01_016K_M04_multi_20180818_114500Z.aif,,3281497.179971,3281502.996021,interval,animal,,,,,,,,,,,,,,,,,machine,,,0.527730,1-4-f,parm file = FW2O_p25.mat
86896MD01_016K_M04_multi_20180818_120000Z.aif_23643,2018_UnivMD_Maryland_86896_Dep01_20180711,86896MD01_016K_M04_multi_20180818_120000Z.aif,,3283059.288260,3283063.751740,interval,animal,,,,,,,,,,,,,,,,,machine,,,0.793210,1-1-f,parm file = FW2O_p25.mat
86896MD01_016K_M04_multi_20180818_120000Z.aif_23673,2018_UnivMD_Maryland_86896_Dep01_20180711,86896MD01_016K_M04_multi_20180818_120000Z.aif,,3283166.235145,3283170.292855,interval,animal,,,,,,,,,,,,,,,,,machine,,,0.665045,1-2-f,parm file = FW2O_p25.mat
86896MD01_016K_M04_multi_20180818_121500Z.aif_23701,2018_UnivMD_Maryland_86896_Dep01_20180711,86896MD01_016K_M04_multi_20180818_121500Z.aif,,3283268.680263,3283273.143743,interval,animal,,,,,,,,,,,,,,,,,machine,,,0.873211,1-1-f,parm file = FW2O_p25.mat
86896MD01_016K_M04_multi_20180818_123000Z.aif_23809,2018_UnivMD_Maryland_86896_Dep01_20180711,86896MD01_016K_M04_multi_20180818_123000Z.aif,,3284894.963971,3284900.780021,interval,animal,,,,,,,,,,,,,,,,,machine,,,0.504862,1-4-f,parm file = FW2O_p25.mat
86896MD01_016K_M04_multi_20180818_124500Z.aif_23811,2018_UnivMD_Maryland_86896_Dep01_20180711,86896MD01_016K_M04_multi_20180818_124500Z.aif,,3285001.955975,3285007.772025,interval,animal,,,,,,,,,,,,,,,,,machine,,,0.529718,1-4-f,parm file = FW2O_p25.mat
86896MD01_016K_M04_multi_20180818_124500Z.aif_23841,2018_UnivMD_Maryland_86896_Dep01_20180711,86896MD01_016K_M04_multi_20180818_124500Z.aif,,3285105.883975,3285111.700025,interval,animal,,,,,,,,,,,,,,,,,machine,,,0.800177,1-4-f,parm file = FW2O_p25.mat
86896MD01_016K_M04_multi_20180818_124500Z.aif_23883,2018_UnivMD_Maryland_86896_Dep01_20180711,86896MD01_016K_M04_multi_20180818_124500Z.aif,,3285243.083975,3285248.900025,interval,animal,,,,,,,,,,,,,,,,,machine,,,0.787091,1-4-f,parm file = FW2O_p25.mat
86896MD01_016K_M04_multi_20180818_130000Z.aif_24085,2018_UnivMD_Maryland_86896_Dep01_20180711,86896MD01_016K_M04_multi_20180818_130000Z.aif,,3286340.608263,3286345.071743,interval,animal,,,,,,,,,,,,,,,,,machine,,,0.842207,1-1-f,parm file = FW2O_p25.mat
86896MD01_016K_M04_multi_20180818_131500Z.aif_24237,2018_UnivMD_Maryland_86896_Dep01_20180711,86896MD01_016K_M04_multi_20180818_131500Z.aif,,3287144.195971,3287150.012021,interval,animal,,,,,,,,,,,,,,,,,machine,,,0.618240,1-4-f,parm file = FW2O_p25.mat
86896MD01_016K_M04_multi_20180818_134500Z.aif_24464,2018_UnivMD_Maryland_86896_Dep01_20180711,86896MD01_016K_M04_multi_20180818_134500Z.aif,,3288903.912263,3288908.375743,interval,animal,,,,,,,,,,,,,,,,,machine,,,0.817793,1-1-f,parm file = FW2O_p25.mat
86896MD01_016K_M04_multi_20180818_134500Z.aif_24569,2018_UnivMD_Maryland_86896_Dep01_20180711,86896MD01_016K_M04_multi_20180818_134500Z.aif,,3289391.544263,3289396.007743,interval,animal,,,,,,,,,,,,,,,,,machine,,,0.596231,1-1-f,parm file = FW2O_p25.mat
86896MD01_016K_M04_multi_20180818_141500Z.aif_24616,2018_UnivMD_Maryland_86896_Dep01_20180711,86896MD01_016K_M04_multi_20180818_141500Z.aif,,3290534.976260,3290539.439740,interval,animal,,,,,,,,,,,,,,,,,machine,,,0.583295,1-1-f,parm file = FW2O_p25.mat
86896MD01_016K_M04_multi_20180818_143000Z.aif_24674,2018_UnivMD_Maryland_86896_Dep01_20180711,86896MD01_016K_M04_multi_20180818_143000Z.aif,,3291322.179978,3291327.996028,interval,animal,,,,,,,,,,,,,,,,,machine,,,0.873767,1-4-f,parm file = FW2O_p25.mat
86896MD01_016K_M04_multi_20180818_143000Z.aif_24689,2018_UnivMD_Maryland_86896_Dep01_20180711,86896MD01_016K_M04_multi_20180818_143000Z.aif,,3291369.283978,3291375.100028,interval,animal,,,,,,,,,,,,,,,,,machine,,,0.858701,1-4-f,parm file = FW2O_p25.mat
86896MD01_016K_M04_multi_20180818_143000Z.aif_24862,2018_UnivMD_Maryland_86896_Dep01_20180711,86896MD01_016K_M04_multi_20180818_143000Z.aif,,3292153.323978,3292159.140028,interval,animal,,,,,,,,,,,,,,,,,machine,,,0.696477,1-4-f,parm file = FW2O_p25.mat
86896MD01_016K_M04_multi_20180818_144500Z.aif_24878,2018_UnivMD_Maryland_86896_Dep01_20180711,86896MD01_016K_M04_multi_20180818_144500Z.aif,,3292206.307971,3292212.124021,interval,animal,,,,,,,,,,,,,,,,,machine,,,0.591263,1-4-f,parm file = FW2O_p25.mat
86896MD01_016K_M04_multi_20180818_144500Z.aif_25024,2018_UnivMD_Maryland_86896_Dep01_20180711,86896MD01_016K_M04_multi_20180818_144500Z.aif,,3292809.379971,3292815.196021,interval,animal,,,,,,,,,,,,,,,,,machine,,,0.850209,1-4-f,parm file = FW2O_p25.mat
86896MD01_016K_M04_multi_20180818_150000Z.aif_25141,2018_UnivMD_Maryland_86896_Dep01_20180711,86896MD01_016K_M04_multi_20180818_150000Z.aif,,3293512.539975,3293518.356025,interval,animal,,,,,,,,,,,,,,,,,machine,,,0.816390,1-4-f,parm file = FW2O_p25.mat
86896MD01_016K_M04_multi_20180818_150000Z.aif_25203,2018_UnivMD_Maryland_86896_Dep01_20180711,86896MD01_016K_M04_multi_20180818_150000Z.aif,,3293712.963975,3293718.780025,interval,animal,,,,,,,,,,,,,,,,,machine,,,0.831425,1-4-f,parm file = FW2O_p25.mat
86896MD01_016K_M04_multi_20180818_153000Z.aif_25472,2018_UnivMD_Maryland_86896_Dep01_20180711,86896MD01_016K_M04_multi_20180818_153000Z.aif,,3295539.075971,3295544.892021,interval,animal,,,,,,,,,,,,,,,,,machine,,,0.557595,1-4-f,parm file = FW2O_p25.mat
86896MD01_016K_M04_multi_20180818_154500Z.aif_25492,2018_UnivMD_Maryland_86896_Dep01_20180711,86896MD01_016K_M04_multi_20180818_154500Z.aif,,3295815.779975,3295821.596025,interval,animal,,,,,,,,,,,,,,,,,machine,,,0.785832,1-4-f,parm file = FW2O_p25.mat
86896MD01_016K_M04_multi_20180818_154500Z.aif_25516,2018_UnivMD_Maryland_86896_Dep01_20180711,86896MD01_016K_M04_multi_20180818_154500Z.aif,,3295912.027975,3295917.844025,interval,animal,,,,,,,,,,,,,,,,,machine,,,0.712160,1-4-f,parm file = FW2O_p25.mat
86896MD01_016K_M04_multi_20180818_170000Z.aif_25733,2018_UnivMD_Maryland_86896_Dep01_20180711,86896MD01_016K_M04_multi_20180818_170000Z.aif,,3300720.475971,3300726.292021,interval,animal,,,,,,,,,,,,,,,,,machine,,,0.811535,1-4-f,parm file = FW2O_p25.mat
86896MD01_016K_M04_multi_20180818_171500Z.aif_25784,2018_UnivMD_Maryland_86896_Dep01_20180711,86896MD01_016K_M04_multi_20180818_171500Z.aif,,3301324.059975,3301329.876025,interval,animal,,,,,,,,,,,,,,,,,machine,,,0.830946,1-4-f,parm file = FW2O_p25.mat
86896MD01_016K_M04_multi_20180818_171500Z.aif_25873,2018_UnivMD_Maryland_86896_Dep01_20180711,86896MD01_016K_M04_multi_20180818_171500Z.aif,,3302041.803975,3302047.620025,interval,animal,,,,,,,,,,,,,,,,,machine,,,0.735307,1-4-f,parm file = FW2O_p25.mat
86896MD01_016K_M04_multi_20180818_171500Z.aif_25874,2018_UnivMD_Maryland_86896_Dep01_20180711,86896MD01_016K_M04_multi_20180818_171500Z.aif,,3302042.059975,3302047.876025,interval,animal,,,,,,,,,,,,,,,,,machine,,,0.754187,1-4-f,parm file = FW2O_p25.mat
86896MD01_016K_M04_multi_20180818_173000Z.aif_25895,2018_UnivMD_Maryland_86896_Dep01_20180711,86896MD01_016K_M04_multi_20180818_173000Z.aif,,3302147.523978,3302153.340028,interval,animal,,,,,,,,,,,,,,,,,machine,,,0.748951,1-4-f,parm file = FW2O_p25.mat
86896MD01_016K_M04_multi_20180818_180000Z.aif_25925,2018_UnivMD_Maryland_86896_Dep01_20180711,86896MD01_016K_M04_multi_20180818_180000Z.aif,,3304779.803145,3304783.860855,interval,animal,,,,,,,,,,,,,,,,,machine,,,0.612193,1-2-f,parm file = FW2O_p25.mat
86896MD01_016K_M04_multi_20180818_194500Z.aif_26017,2018_UnivMD_Maryland_86896_Dep01_20180711,86896MD01_016K_M04_multi_20180818_194500Z.aif,,3310592.571978,3310598.388028,interval,animal,,,,,,,,,,,,,,,,,machine,,,0.631354,1-4-f,parm file = FW2O_p25.mat
86896MD01_016K_M04_multi_20180818_194500Z.aif_26033,2018_UnivMD_Maryland_86896_Dep01_20180711,86896MD01_016K_M04_multi_20180818_194500Z.aif,,3310649.048263,3310653.511743,interval,animal,,,,,,,,,,,,,,,,,machine,,,0.509809,1-1-f,parm file = FW2O_p25.mat
86896MD01_016K_M04_multi_20180818_194500Z.aif_26060,2018_UnivMD_Maryland_86896_Dep01_20180711,86896MD01_016K_M04_multi_20180818_194500Z.aif,,3310858.387149,3310862.444859,interval,animal,,,,,,,,,,,,,,,,,machine,,,0.741363,1-2-f,parm file = FW2O_p25.mat
86896MD01_016K_M04_multi_20180818_194500Z.aif_26110,2018_UnivMD_Maryland_86896_Dep01_20180711,86896MD01_016K_M04_multi_20180818_194500Z.aif,,3311024.651978,3311030.468028,interval,animal,,,,,,,,,,,,,,,,,machine,,,0.771155,1-4-f,parm file = FW2O_p25.mat
86896MD01_016K_M04_multi_20180818_200000Z.aif_26195,2018_UnivMD_Maryland_86896_Dep01_20180711,86896MD01_016K_M04_multi_20180818_200000Z.aif,,3311490.779971,3311496.596021,interval,animal,,,,,,,,,,,,,,,,,machine,,,0.586783,1-4-f,parm file = FW2O_p25.mat
86896MD01_016K_M04_multi_20180818_201500Z.aif_26237,2018_UnivMD_Maryland_86896_Dep01_20180711,86896MD01_016K_M04_multi_20180818_201500Z.aif,,3312681.216260,3312685.679740,interval,animal,,,,,,,,,,,,,,,,,machine,,,0.771676,1-1-f,parm file = FW2O_p25.mat
86896MD01_016K_M04_multi_20180818_204500Z.aif_26320,2018_UnivMD_Maryland_86896_Dep01_20180711,86896MD01_016K_M04_multi_20180818_204500Z.aif,,3313992.915971,3313998.732021,interval,animal,,,,,,,,,,,,,,,,,machine,,,0.664028,1-4-f,parm file = FW2O_p25.mat
86896MD01_016K_M04_multi_20180818_204500Z.aif_26337,2018_UnivMD_Maryland_86896_Dep01_20180711,86896MD01_016K_M04_multi_20180818_204500Z.aif,,3314051.387142,3314055.444852,interval,animal,,,,,,,,,,,,,,,,,machine,,,0.679721,1-2-f,parm file = FW2O_p25.mat
86896MD01_016K_M04_multi_20180818_210000Z.aif_26491,2018_UnivMD_Maryland_86896_Dep01_20180711,86896MD01_016K_M04_multi_20180818_210000Z.aif,,3315281.739975,3315287.556025,interval,animal,,,,,,,,,,,,,,,,,machine,,,0.525883,1-4-f,parm file = FW2O_p25.mat
86896MD01_016K_M04_multi_20180818_210000Z.aif_26509,2018_UnivMD_Maryland_86896_Dep01_20180711,86896MD01_016K_M04_multi_20180818_210000Z.aif,,3315483.864260,3315488.327740,interval,animal,,,,,,,,,,,,,,,,,machine,,,0.733065,1-1-f,parm file = FW2O_p25.mat
86896MD01_016K_M04_multi_20180818_211500Z.aif_26600,2018_UnivMD_Maryland_86896_Dep01_20180711,86896MD01_016K_M04_multi_20180818_211500Z.aif,,3316180.059149,3316184.116859,interval,animal,,,,,,,,,,,,,,,,,machine,,,0.791142,1-2-f,parm file = FW2O_p25.mat
86896MD01_016K_M04_multi_20180818_213000Z.aif_26799,2018_UnivMD_Maryland_86896_Dep01_20180711,86896MD01_016K_M04_multi_20180818_213000Z.aif,,3317280.883971,3317286.700021,interval,animal,,,,,,,,,,,,,,,,,machine,,,0.774072,1-4-f,parm file = FW2O_p25.mat
86896MD01_016K_M04_multi_20180818_214500Z.aif_26862,2018_UnivMD_Maryland_86896_Dep01_20180711,86896MD01_016K_M04_multi_20180818_214500Z.aif,,3317739.587975,3317745.404025,interval,animal,,,,,,,,,,,,,,,,,machine,,,0.747766,1-4-f,parm file = FW2O_p25.mat
86896MD01_016K_M04_multi_20180818_220000Z.aif_26952,2018_UnivMD_Maryland_86896_Dep01_20180711,86896MD01_016K_M04_multi_20180818_220000Z.aif,,3318497.267978,3318503.084028,interval,animal,,,,,,,,,,,,,,,,,machine,,,0.632027,1-4-f,parm file = FW2O_p25.mat
86896MD01_016K_M04_multi_20180818_220000Z.aif_26992,2018_UnivMD_Maryland_86896_Dep01_20180711,86896MD01_016K_M04_multi_20180818_220000Z.aif,,3319111.603978,3319117.420028,interval,animal,,,,,,,,,,,,,,,,,machine,,,0.526936,1-4-f,parm file = FW2O_p25.mat
86896MD01_016K_M04_multi_20180818_221500Z.aif_27050,2018_UnivMD_Maryland_86896_Dep01_20180711,86896MD01_016K_M04_multi_20180818_221500Z.aif,,3319812.616256,3319817.079736,interval,animal,,,,,,,,,,,,,,,,,machine,,,0.555687,1-1-f,parm file = FW2O_p25.mat
86896MD01_016K_M04_multi_20180818_221500Z.aif_27055,2018_UnivMD_Maryland_86896_Dep01_20180711,86896MD01_016K_M04_multi_20180818_221500Z.aif,,3320084.043971,3320089.860021,interval,animal,,,,,,,,,,,,,,,,,machine,,,0.516358,1-4-f,parm file = FW2O_p25.mat
86896MD01_016K_M04_multi_20180819_080000Z.aif_27217,2018_UnivMD_Maryland_86896_Dep01_20180711,86896MD01_016K_M04_multi_20180819_080000Z.aif,,3354312.451971,3354318.268021,interval,animal,,,,,,,,,,,,,,,,,machine,,,0.572425,1-4-f,parm file = FW2O_p25.mat
86896MD01_016K_M04_multi_20180819_121500Z.aif_27347,2018_UnivMD_Maryland_86896_Dep01_20180711,86896MD01_016K_M04_multi_20180819_121500Z.aif,,3369923.059149,3369927.116859,interval,animal,,,,,,,,,,,,,,,,,machine,,,0.519148,1-2-f,parm file = FW2O_p25.mat
86896MD01_016K_M04_multi_20180819_121500Z.aif_27356,2018_UnivMD_Maryland_86896_Dep01_20180711,86896MD01_016K_M04_multi_20180819_121500Z.aif,,3370038.251149,3370042.308859,interval,animal,,,,,,,,,,,,,,,,,machine,,,0.589525,1-2-f,parm file = FW2O_p25.mat
86896MD01_016K_M04_multi_20180819_130000Z.aif_27475,2018_UnivMD_Maryland_86896_Dep01_20180711,86896MD01_016K_M04_multi_20180819_130000Z.aif,,3372457.187149,3372461.244859,interval,animal,,,,,,,,,,,,,,,,,machine,,,0.594669,1-2-f,parm file = FW2O_p25.mat
86896MD01_016K_M04_multi_20180819_150000Z.aif_27539,2018_UnivMD_Maryland_86896_Dep01_20180711,86896MD01_016K_M04_multi_20180819_150000Z.aif,,3379836.003975,3379841.820025,interval,animal,,,,,,,,,,,,,,,,,machine,,,0.542131,1-4-f,parm file = FW2O_p25.mat
86896MD01_016K_M04_multi_20180819_154500Z.aif_27557,2018_UnivMD_Maryland_86896_Dep01_20180711,86896MD01_016K_M04_multi_20180819_154500Z.aif,,3382980.995145,3382985.052855,interval,animal,,,,,,,,,,,,,,,,,machine,,,0.516684,1-2-f,parm file = FW2O_p25.mat
86896MD01_016K_M04_multi_20180819_170000Z.aif_27579,2018_UnivMD_Maryland_86896_Dep01_20180711,86896MD01_016K_M04_multi_20180819_170000Z.aif,,3387024.995971,3387030.812021,interval,animal,,,,,,,,,,,,,,,,,machine,,,0.557871,1-4-f,parm file = FW2O_p25.mat
86896MD01_016K_M04_multi_20180819_220000Z.aif_27661,2018_UnivMD_Maryland_86896_Dep01_20180711,86896MD01_016K_M04_multi_20180819_220000Z.aif,,3405154.115149,3405158.172859,interval,animal,,,,,,,,,,,,,,,,,machine,,,0.502047,1-2-f,parm file = FW2O_p25.mat
86896MD01_016K_M04_multi_20180820_020000Z.aif_27738,2018_UnivMD_Maryland_86896_Dep01_20180711,86896MD01_016K_M04_multi_20180820_020000Z.aif,,3419924.907971,3419930.724021,interval,animal,,,,,,,,,,,,,,,,,machine,,,0.508647,1-4-f,parm file = FW2O_p25.mat
86896MD01_016K_M04_multi_20180820_040000Z.aif_27792,2018_UnivMD_Maryland_86896_Dep01_20180711,86896MD01_016K_M04_multi_20180820_040000Z.aif,,3426381.931149,3426385.988859,interval,animal,,,,,,,,,,,,,,,,,machine,,,0.566348,1-2-f,parm file = FW2O_p25.mat
86896MD01_016K_M04_multi_20180820_091500Z.aif_27895,2018_UnivMD_Maryland_86896_Dep01_20180711,86896MD01_016K_M04_multi_20180820_091500Z.aif,,3445330.459978,3445336.276028,interval,animal,,,,,,,,,,,,,,,,,machine,,,0.567392,1-4-f,parm file = FW2O_p25.mat
86896MD01_016K_M04_multi_20180821_040000Z.aif_28178,2018_UnivMD_Maryland_86896_Dep01_20180711,86896MD01_016K_M04_multi_20180821_040000Z.aif,,3513236.683978,3513242.500028,interval,animal,,,,,,,,,,,,,,,,,machine,,,0.591985,1-4-f,parm file = FW2O_p25.mat
86896MD01_016K_M04_multi_20180821_113000Z.aif_28287,2018_UnivMD_Maryland_86896_Dep01_20180711,86896MD01_016K_M04_multi_20180821_113000Z.aif,,3540264.331978,3540270.148028,interval,animal,,,,,,,,,,,,,,,,,machine,,,0.520213,1-4-f,parm file = FW2O_p25.mat
86896MD01_016K_M04_multi_20180821_114500Z.aif_28322,2018_UnivMD_Maryland_86896_Dep01_20180711,86896MD01_016K_M04_multi_20180821_114500Z.aif,,3540841.035971,3540846.852021,interval,animal,,,,,,,,,,,,,,,,,machine,,,0.598978,1-4-f,parm file = FW2O_p25.mat
86896MD01_016K_M04_multi_20180821_121500Z.aif_28384,2018_UnivMD_Maryland_86896_Dep01_20180711,86896MD01_016K_M04_multi_20180821_121500Z.aif,,3542433.187978,3542439.004028,interval,animal,,,,,,,,,,,,,,,,,machine,,,0.529367,1-4-f,parm file = FW2O_p25.mat
86896MD01_016K_M04_multi_20180821_124500Z.aif_28418,2018_UnivMD_Maryland_86896_Dep01_20180711,86896MD01_016K_M04_multi_20180821_124500Z.aif,,3544298.368260,3544302.831740,interval,animal,,,,,,,,,,,,,,,,,machine,,,0.544647,1-1-f,parm file = FW2O_p25.mat
86896MD01_016K_M04_multi_20180821_134500Z.aif_28509,2018_UnivMD_Maryland_86896_Dep01_20180711,86896MD01_016K_M04_multi_20180821_134500Z.aif,,3547805.283978,3547811.100028,interval,animal,,,,,,,,,,,,,,,,,machine,,,0.628223,1-4-f,parm file = FW2O_p25.mat
86896MD01_016K_M04_multi_20180821_163000Z.aif_29024,2018_UnivMD_Maryland_86896_Dep01_20180711,86896MD01_016K_M04_multi_20180821_163000Z.aif,,3558402.667145,3558406.724855,interval,animal,,,,,,,,,,,,,,,,,machine,,,0.543641,1-2-f,parm file = FW2O_p25.mat
86896MD01_016K_M04_multi_20180821_164500Z.aif_29072,2018_UnivMD_Maryland_86896_Dep01_20180711,86896MD01_016K_M04_multi_20180821_164500Z.aif,,3559129.883149,3559133.940859,interval,animal,,,,,,,,,,,,,,,,,machine,,,0.519184,1-2-f,parm file = FW2O_p25.mat
86896MD01_016K_M04_multi_20180821_174500Z.aif_29221,2018_UnivMD_Maryland_86896_Dep01_20180711,86896MD01_016K_M04_multi_20180821_174500Z.aif,,3562499.507142,3562503.564852,interval,animal,,,,,,,,,,,,,,,,,machine,,,0.566874,1-2-f,parm file = FW2O_p25.mat
86896MD01_016K_M04_multi_20180821_180000Z.aif_29264,2018_UnivMD_Maryland_86896_Dep01_20180711,86896MD01_016K_M04_multi_20180821_180000Z.aif,,3563292.312260,3563296.775740,interval,animal,,,,,,,,,,,,,,,,,machine,,,0.509366,1-1-f,parm file = FW2O_p25.mat
86896MD01_016K_M04_multi_20180821_180000Z.aif_29284,2018_UnivMD_Maryland_86896_Dep01_20180711,86896MD01_016K_M04_multi_20180821_180000Z.aif,,3563709.544260,3563714.007740,interval,animal,,,,,,,,,,,,,,,,,machine,,,0.527587,1-1-f,parm file = FW2O_p25.mat
86896MD01_016K_M04_multi_20180821_183000Z.aif_29368,2018_UnivMD_Maryland_86896_Dep01_20180711,86896MD01_016K_M04_multi_20180821_183000Z.aif,,3564981.675142,3564985.732852,interval,animal,,,,,,,,,,,,,,,,,machine,,,0.507022,1-2-f,parm file = FW2O_p25.mat
86896MD01_016K_M04_multi_20180821_184500Z.aif_29449,2018_UnivMD_Maryland_86896_Dep01_20180711,86896MD01_016K_M04_multi_20180821_184500Z.aif,,3566372.688260,3566377.151740,interval,animal,,,,,,,,,,,,,,,,,machine,,,0.500145,1-1-f,parm file = FW2O_p25.mat
86896MD01_016K_M04_multi_20180821_190000Z.aif_29545,2018_UnivMD_Maryland_86896_Dep01_20180711,86896MD01_016K_M04_multi_20180821_190000Z.aif,,3567370.675149,3567374.732859,interval,animal,,,,,,,,,,,,,,,,,machine,,,0.572428,1-2-f,parm file = FW2O_p25.mat
86896MD01_016K_M04_multi_20180821_191500Z.aif_29662,2018_UnivMD_Maryland_86896_Dep01_20180711,86896MD01_016K_M04_multi_20180821_191500Z.aif,,3568308.555142,3568312.612852,interval,animal,,,,,,,,,,,,,,,,,machine,,,0.531164,1-2-f,parm file = FW2O_p25.mat
86896MD01_016K_M04_multi_20180821_193000Z.aif_29743,2018_UnivMD_Maryland_86896_Dep01_20180711,86896MD01_016K_M04_multi_20180821_193000Z.aif,,3568980.024260,3568984.487740,interval,animal,,,,,,,,,,,,,,,,,machine,,,0.538587,1-1-f,parm file = FW2O_p25.mat
86896MD01_016K_M04_multi_20180821_194500Z.aif_29867,2018_UnivMD_Maryland_86896_Dep01_20180711,86896MD01_016K_M04_multi_20180821_194500Z.aif,,3569949.595149,3569953.652859,interval,animal,,,,,,,,,,,,,,,,,machine,,,0.587846,1-2-f,parm file = FW2O_p25.mat
86896MD01_016K_M04_multi_20180821_201500Z.aif_30012,2018_UnivMD_Maryland_86896_Dep01_20180711,86896MD01_016K_M04_multi_20180821_201500Z.aif,,3571441.659145,3571445.716855,interval,animal,,,,,,,,,,,,,,,,,machine,,,0.530236,1-2-f,parm file = FW2O_p25.mat
86896MD01_016K_M04_multi_20180821_201500Z.aif_30038,2018_UnivMD_Maryland_86896_Dep01_20180711,86896MD01_016K_M04_multi_20180821_201500Z.aif,,3571881.419145,3571885.476855,interval,animal,,,,,,,,,,,,,,,,,machine,,,0.510691,1-2-f,parm file = FW2O_p25.mat
86896MD01_016K_M04_multi_20180821_203000Z.aif_30072,2018_UnivMD_Maryland_86896_Dep01_20180711,86896MD01_016K_M04_multi_20180821_203000Z.aif,,3572325.019149,3572329.076859,interval,animal,,,,,,,,,,,,,,,,,machine,,,0.546496,1-2-f,parm file = FW2O_p25.mat
86896MD01_016K_M04_multi_20180821_203000Z.aif_30134,2018_UnivMD_Maryland_86896_Dep01_20180711,86896MD01_016K_M04_multi_20180821_203000Z.aif,,3572983.643149,3572987.700859,interval,animal,,,,,,,,,,,,,,,,,machine,,,0.548579,1-2-f,parm file = FW2O_p25.mat
86896MD01_016K_M04_multi_20180821_210000Z.aif_30314,2018_UnivMD_Maryland_86896_Dep01_20180711,86896MD01_016K_M04_multi_20180821_210000Z.aif,,3574703.667975,3574709.484025,interval,animal,,,,,,,,,,,,,,,,,machine,,,0.694730,1-4-f,parm file = FW2O_p25.mat
86896MD01_016K_M04_multi_20180821_210000Z.aif_30332,2018_UnivMD_Maryland_86896_Dep01_20180711,86896MD01_016K_M04_multi_20180821_210000Z.aif,,3574777.387975,3574783.204025,interval,animal,,,,,,,,,,,,,,,,,machine,,,0.535615,1-4-f,parm file = FW2O_p25.mat
86896MD01_016K_M04_multi_20180821_211500Z.aif_30338,2018_UnivMD_Maryland_86896_Dep01_20180711,86896MD01_016K_M04_multi_20180821_211500Z.aif,,3574851.219149,3574855.276859,interval,animal,,,,,,,,,,,,,,,,,machine,,,0.533650,1-2-f,parm file = FW2O_p25.mat
86896MD01_016K_M04_multi_20180821_224500Z.aif_30496,2018_UnivMD_Maryland_86896_Dep01_20180711,86896MD01_016K_M04_multi_20180821_224500Z.aif,,3580416.888263,3580421.351743,interval,animal,,,,,,,,,,,,,,,,,machine,,,0.636718,1-1-f,parm file = FW2O_p25.mat
86896MD01_016K_M04_multi_20180822_001500Z.aif_30642,2018_UnivMD_Maryland_86896_Dep01_20180711,86896MD01_016K_M04_multi_20180822_001500Z.aif,,3586327.643978,3586333.460028,interval,animal,,,,,,,,,,,,,,,,,machine,,,0.569848,1-4-f,parm file = FW2O_p25.mat
86896MD01_016K_M04_multi_20180822_010000Z.aif_30694,2018_UnivMD_Maryland_86896_Dep01_20180711,86896MD01_016K_M04_multi_20180822_010000Z.aif,,3588924.739978,3588930.556028,interval,animal,,,,,,,,,,,,,,,,,machine,,,0.534120,1-4-f,parm file = FW2O_p25.mat
86896MD01_016K_M04_multi_20180822_020000Z.aif_30750,2018_UnivMD_Maryland_86896_Dep01_20180711,86896MD01_016K_M04_multi_20180822_020000Z.aif,,3592742.683142,3592746.740852,interval,animal,,,,,,,,,,,,,,,,,machine,,,0.579652,1-2-f,parm file = FW2O_p25.mat
86896MD01_016K_M04_multi_20180822_021500Z.aif_30754,2018_UnivMD_Maryland_86896_Dep01_20180711,86896MD01_016K_M04_multi_20180822_021500Z.aif,,3593288.819975,3593294.636025,interval,animal,,,,,,,,,,,,,,,,,machine,,,0.527454,1-4-f,parm file = FW2O_p25.mat
86896MD01_016K_M04_multi_20180822_091500Z.aif_30834,2018_UnivMD_Maryland_86896_Dep01_20180711,86896MD01_016K_M04_multi_20180822_091500Z.aif,,3618718.336263,3618722.799743,interval,animal,,,,,,,,,,,,,,,,,machine,,,0.718499,1-1-f,parm file = FW2O_p25.mat
86896MD01_016K_M04_multi_20180822_100000Z.aif_30876,2018_UnivMD_Maryland_86896_Dep01_20180711,86896MD01_016K_M04_multi_20180822_100000Z.aif,,3621324.227978,3621330.044028,interval,animal,,,,,,,,,,,,,,,,,machine,,,0.515466,1-4-f,parm file = FW2O_p25.mat
86896MD01_016K_M04_multi_20180822_100000Z.aif_30881,2018_UnivMD_Maryland_86896_Dep01_20180711,86896MD01_016K_M04_multi_20180822_100000Z.aif,,3621352.131978,3621357.948028,interval,animal,,,,,,,,,,,,,,,,,machine,,,0.587916,1-4-f,parm file = FW2O_p25.mat
86896MD01_016K_M04_multi_20180822_101500Z.aif_31009,2018_UnivMD_Maryland_86896_Dep01_20180711,86896MD01_016K_M04_multi_20180822_101500Z.aif,,3622231.907971,3622237.724021,interval,animal,,,,,,,,,,,,,,,,,machine,,,0.509407,1-4-f,parm file = FW2O_p25.mat
86896MD01_016K_M04_multi_20180822_103000Z.aif_31140,2018_UnivMD_Maryland_86896_Dep01_20180711,86896MD01_016K_M04_multi_20180822_103000Z.aif,,3623335.403975,3623341.220025,interval,animal,,,,,,,,,,,,,,,,,machine,,,0.513951,1-4-f,parm file = FW2O_p25.mat
86896MD01_016K_M04_multi_20180822_134500Z.aif_31343,2018_UnivMD_Maryland_86896_Dep01_20180711,86896MD01_016K_M04_multi_20180822_134500Z.aif,,3634905.115978,3634910.932028,interval,animal,,,,,,,,,,,,,,,,,machine,,,0.530133,1-4-f,parm file = FW2O_p25.mat
86896MD01_016K_M04_multi_20180822_143000Z.aif_31382,2018_UnivMD_Maryland_86896_Dep01_20180711,86896MD01_016K_M04_multi_20180822_143000Z.aif,,3637100.339978,3637106.156028,interval,animal,,,,,,,,,,,,,,,,,machine,,,0.519482,1-4-f,parm file = FW2O_p25.mat
86896MD01_016K_M04_multi_20180822_180000Z.aif_31518,2018_UnivMD_Maryland_86896_Dep01_20180711,86896MD01_016K_M04_multi_20180822_180000Z.aif,,3649790.864260,3649795.327740,interval,animal,,,,,,,,,,,,,,,,,machine,,,0.616179,1-1-f,parm file = FW2O_p25.mat
86896MD01_016K_M04_multi_20180822_204500Z.aif_31631,2018_UnivMD_Maryland_86896_Dep01_20180711,86896MD01_016K_M04_multi_20180822_204500Z.aif,,3659517.515142,3659521.572852,interval,animal,,,,,,,,,,,,,,,,,machine,,,0.510556,1-2-f,parm file = FW2O_p25.mat
86896MD01_016K_M04_multi_20180822_204500Z.aif_31634,2018_UnivMD_Maryland_86896_Dep01_20180711,86896MD01_016K_M04_multi_20180822_204500Z.aif,,3659524.315971,3659530.132021,interval,animal,,,,,,,,,,,,,,,,,machine,,,0.529369,1-4-f,parm file = FW2O_p25.mat
86896MD01_016K_M04_multi_20180822_204500Z.aif_31639,2018_UnivMD_Maryland_86896_Dep01_20180711,86896MD01_016K_M04_multi_20180822_204500Z.aif,,3659566.803971,3659572.620021,interval,animal,,,,,,,,,,,,,,,,,machine,,,0.513938,1-4-f,parm file = FW2O_p25.mat
86896MD01_016K_M04_multi_20180822_204500Z.aif_31685,2018_UnivMD_Maryland_86896_Dep01_20180711,86896MD01_016K_M04_multi_20180822_204500Z.aif,,3659994.283971,3660000.100021,interval,animal,,,,,,,,,,,,,,,,,machine,,,0.514583,1-4-f,parm file = FW2O_p25.mat
86896MD01_016K_M04_multi_20180822_204500Z.aif_31704,2018_UnivMD_Maryland_86896_Dep01_20180711,86896MD01_016K_M04_multi_20180822_204500Z.aif,,3660197.267971,3660203.084021,interval,animal,,,,,,,,,,,,,,,,,machine,,,0.548825,1-4-f,parm file = FW2O_p25.mat
86896MD01_016K_M04_multi_20180822_211500Z.aif_31777,2018_UnivMD_Maryland_86896_Dep01_20180711,86896MD01_016K_M04_multi_20180822_211500Z.aif,,3661569.027978,3661574.844028,interval,animal,,,,,,,,,,,,,,,,,machine,,,0.590332,1-4-f,parm file = FW2O_p25.mat
86896MD01_016K_M04_multi_20180822_211500Z.aif_31797,2018_UnivMD_Maryland_86896_Dep01_20180711,86896MD01_016K_M04_multi_20180822_211500Z.aif,,3661684.211978,3661690.028028,interval,animal,,,,,,,,,,,,,,,,,machine,,,0.555910,1-4-f,parm file = FW2O_p25.mat
86896MD01_016K_M04_multi_20180822_211500Z.aif_31803,2018_UnivMD_Maryland_86896_Dep01_20180711,86896MD01_016K_M04_multi_20180822_211500Z.aif,,3661897.435978,3661903.252028,interval,animal,,,,,,,,,,,,,,,,,machine,,,0.523852,1-4-f,parm file = FW2O_p25.mat
86896MD01_016K_M04_multi_20180822_213000Z.aif_31845,2018_UnivMD_Maryland_86896_Dep01_20180711,86896MD01_016K_M04_multi_20180822_213000Z.aif,,3662651.019971,3662656.836021,interval,animal,,,,,,,,,,,,,,,,,machine,,,0.515241,1-4-f,parm file = FW2O_p25.mat
86896MD01_016K_M04_multi_20180822_214500Z.aif_31846,2018_UnivMD_Maryland_86896_Dep01_20180711,86896MD01_016K_M04_multi_20180822_214500Z.aif,,3663002.723975,3663008.540025,interval,animal,,,,,,,,,,,,,,,,,machine,,,0.517969,1-4-f,parm file = FW2O_p25.mat
86896MD01_016K_M04_multi_20180822_214500Z.aif_31865,2018_UnivMD_Maryland_86896_Dep01_20180711,86896MD01_016K_M04_multi_20180822_214500Z.aif,,3663199.315975,3663205.132025,interval,animal,,,,,,,,,,,,,,,,,machine,,,0.544427,1-4-f,parm file = FW2O_p25.mat
86896MD01_016K_M04_multi_20180822_214500Z.aif_31892,2018_UnivMD_Maryland_86896_Dep01_20180711,86896MD01_016K_M04_multi_20180822_214500Z.aif,,3663782.931975,3663788.748025,interval,animal,,,,,,,,,,,,,,,,,machine,,,0.508796,1-4-f,parm file = FW2O_p25.mat
86896MD01_016K_M04_multi_20180822_221500Z.aif_31984,2018_UnivMD_Maryland_86896_Dep01_20180711,86896MD01_016K_M04_multi_20180822_221500Z.aif,,3665538.139971,3665543.956021,interval,animal,,,,,,,,,,,,,,,,,machine,,,0.512087,1-4-f,parm file = FW2O_p25.mat
86896MD01_016K_M04_multi_20180822_223000Z.aif_32005,2018_UnivMD_Maryland_86896_Dep01_20180711,86896MD01_016K_M04_multi_20180822_223000Z.aif,,3665914.675975,3665920.492025,interval,animal,,,,,,,,,,,,,,,,,machine,,,0.502957,1-4-f,parm file = FW2O_p25.mat
86896MD01_016K_M04_multi_20180822_224500Z.aif_32062,2018_UnivMD_Maryland_86896_Dep01_20180711,86896MD01_016K_M04_multi_20180822_224500Z.aif,,3667367.059978,3667372.876028,interval,animal,,,,,,,,,,,,,,,,,machine,,,0.521345,1-4-f,parm file = FW2O_p25.mat
86896MD01_016K_M04_multi_20180822_230000Z.aif_32106,2018_UnivMD_Maryland_86896_Dep01_20180711,86896MD01_016K_M04_multi_20180822_230000Z.aif,,3668111.683971,3668117.500021,interval,animal,,,,,,,,,,,,,,,,,machine,,,0.525407,1-4-f,parm file = FW2O_p25.mat
86896MD01_016K_M04_multi_20180822_230000Z.aif_32108,2018_UnivMD_Maryland_86896_Dep01_20180711,86896MD01_016K_M04_multi_20180822_230000Z.aif,,3668120.899971,3668126.716021,interval,animal,,,,,,,,,,,,,,,,,machine,,,0.514302,1-4-f,parm file = FW2O_p25.mat
86896MD01_016K_M04_multi_20180823_003000Z.aif_32270,2018_UnivMD_Maryland_86896_Dep01_20180711,86896MD01_016K_M04_multi_20180823_003000Z.aif,,3673119.027971,3673124.844021,interval,animal,,,,,,,,,,,,,,,,,machine,,,0.507192,1-4-f,parm file = FW2O_p25.mat
86896MD01_016K_M04_multi_20180823_020000Z.aif_32399,2018_UnivMD_Maryland_86896_Dep01_20180711,86896MD01_016K_M04_multi_20180823_020000Z.aif,,3678830.795971,3678836.612021,interval,animal,,,,,,,,,,,,,,,,,machine,,,0.511381,1-4-f,parm file = FW2O_p25.mat
86896MD01_016K_M04_multi_20180823_023000Z.aif_32460,2018_UnivMD_Maryland_86896_Dep01_20180711,86896MD01_016K_M04_multi_20180823_023000Z.aif,,3680268.339978,3680274.156028,interval,animal,,,,,,,,,,,,,,,,,machine,,,0.509534,1-4-f,parm file = FW2O_p25.mat
86896MD01_016K_M04_multi_20180823_054500Z.aif_32814,2018_UnivMD_Maryland_86896_Dep01_20180711,86896MD01_016K_M04_multi_20180823_054500Z.aif,,3692401.699971,3692407.516021,interval,animal,,,,,,,,,,,,,,,,,machine,,,0.550671,1-4-f,parm file = FW2O_p25.mat
86896MD01_016K_M04_multi_20180823_060000Z.aif_32844,2018_UnivMD_Maryland_86896_Dep01_20180711,86896MD01_016K_M04_multi_20180823_060000Z.aif,,3693118.427975,3693124.244025,interval,animal,,,,,,,,,,,,,,,,,machine,,,0.547009,1-4-f,parm file = FW2O_p25.mat
86896MD01_016K_M04_multi_20180823_061500Z.aif_32871,2018_UnivMD_Maryland_86896_Dep01_20180711,86896MD01_016K_M04_multi_20180823_061500Z.aif,,3693885.067978,3693890.884028,interval,animal,,,,,,,,,,,,,,,,,machine,,,0.512122,1-4-f,parm file = FW2O_p25.mat
86896MD01_016K_M04_multi_20180823_063000Z.aif_32894,2018_UnivMD_Maryland_86896_Dep01_20180711,86896MD01_016K_M04_multi_20180823_063000Z.aif,,3694897.691971,3694903.508021,interval,animal,,,,,,,,,,,,,,,,,machine,,,0.558981,1-4-f,parm file = FW2O_p25.mat
86896MD01_016K_M04_multi_20180823_070000Z.aif_32955,2018_UnivMD_Maryland_86896_Dep01_20180711,86896MD01_016K_M04_multi_20180823_070000Z.aif,,3696808.787978,3696814.604028,interval,animal,,,,,,,,,,,,,,,,,machine,,,0.505985,1-4-f,parm file = FW2O_p25.mat
86896MD01_016K_M04_multi_20180823_073000Z.aif_32989,2018_UnivMD_Maryland_86896_Dep01_20180711,86896MD01_016K_M04_multi_20180823_073000Z.aif,,3698139.587975,3698145.404025,interval,animal,,,,,,,,,,,,,,,,,machine,,,0.558584,1-4-f,parm file = FW2O_p25.mat
86896MD01_016K_M04_multi_20180823_073000Z.aif_33041,2018_UnivMD_Maryland_86896_Dep01_20180711,86896MD01_016K_M04_multi_20180823_073000Z.aif,,3698893.427975,3698899.244025,interval,animal,,,,,,,,,,,,,,,,,machine,,,0.537585,1-4-f,parm file = FW2O_p25.mat
86896MD01_016K_M04_multi_20180823_074500Z.aif_33095,2018_UnivMD_Maryland_86896_Dep01_20180711,86896MD01_016K_M04_multi_20180823_074500Z.aif,,3699687.451978,3699693.268028,interval,animal,,,,,,,,,,,,,,,,,machine,,,0.554208,1-4-f,parm file = FW2O_p25.mat
86896MD01_016K_M04_multi_20180823_081500Z.aif_33123,2018_UnivMD_Maryland_86896_Dep01_20180711,86896MD01_016K_M04_multi_20180823_081500Z.aif,,3701576.019975,3701581.836025,interval,animal,,,,,,,,,,,,,,,,,machine,,,0.514945,1-4-f,parm file = FW2O_p25.mat
86896MD01_016K_M04_multi_20180823_083000Z.aif_33132,2018_UnivMD_Maryland_86896_Dep01_20180711,86896MD01_016K_M04_multi_20180823_083000Z.aif,,3701751.875978,3701757.692028,interval,animal,,,,,,,,,,,,,,,,,machine,,,0.513793,1-4-f,parm file = FW2O_p25.mat
86896MD01_016K_M04_multi_20180823_100000Z.aif_33305,2018_UnivMD_Maryland_86896_Dep01_20180711,86896MD01_016K_M04_multi_20180823_100000Z.aif,,3707831.739978,3707837.556028,interval,animal,,,,,,,,,,,,,,,,,machine,,,0.582240,1-4-f,parm file = FW2O_p25.mat
86896MD01_016K_M04_multi_20180823_110000Z.aif_33415,2018_UnivMD_Maryland_86896_Dep01_20180711,86896MD01_016K_M04_multi_20180823_110000Z.aif,,3711073.883971,3711079.700021,interval,animal,,,,,,,,,,,,,,,,,machine,,,0.517558,1-4-f,parm file = FW2O_p25.mat
86896MD01_016K_M04_multi_20180823_113000Z.aif_33451,2018_UnivMD_Maryland_86896_Dep01_20180711,86896MD01_016K_M04_multi_20180823_113000Z.aif,,3713196.155978,3713201.972028,interval,animal,,,,,,,,,,,,,,,,,machine,,,0.501041,1-4-f,parm file = FW2O_p25.mat
86896MD01_016K_M04_multi_20180823_113000Z.aif_33455,2018_UnivMD_Maryland_86896_Dep01_20180711,86896MD01_016K_M04_multi_20180823_113000Z.aif,,3713248.883978,3713254.700028,interval,animal,,,,,,,,,,,,,,,,,machine,,,0.517364,1-4-f,parm file = FW2O_p25.mat
86896MD01_016K_M04_multi_20180823_121500Z.aif_33476,2018_UnivMD_Maryland_86896_Dep01_20180711,86896MD01_016K_M04_multi_20180823_121500Z.aif,,3715372.179978,3715377.996028,interval,animal,,,,,,,,,,,,,,,,,machine,,,0.515770,1-4-f,parm file = FW2O_p25.mat
86896MD01_016K_M04_multi_20180823_121500Z.aif_33489,2018_UnivMD_Maryland_86896_Dep01_20180711,86896MD01_016K_M04_multi_20180823_121500Z.aif,,3716072.523978,3716078.340028,interval,animal,,,,,,,,,,,,,,,,,machine,,,0.578846,1-4-f,parm file = FW2O_p25.mat
86896MD01_016K_M04_multi_20180823_130000Z.aif_33512,2018_UnivMD_Maryland_86896_Dep01_20180711,86896MD01_016K_M04_multi_20180823_130000Z.aif,,3718269.027978,3718274.844028,interval,animal,,,,,,,,,,,,,,,,,machine,,,0.501858,1-4-f,parm file = FW2O_p25.mat
86896MD01_016K_M04_multi_20180823_140000Z.aif_33583,2018_UnivMD_Maryland_86896_Dep01_20180711,86896MD01_016K_M04_multi_20180823_140000Z.aif,,3721916.635971,3721922.452021,interval,animal,,,,,,,,,,,,,,,,,machine,,,0.516347,1-4-f,parm file = FW2O_p25.mat
86896MD01_016K_M04_multi_20180823_150000Z.aif_33645,2018_UnivMD_Maryland_86896_Dep01_20180711,86896MD01_016K_M04_multi_20180823_150000Z.aif,,3725400.419975,3725406.236025,interval,animal,,,,,,,,,,,,,,,,,machine,,,0.502854,1-4-f,parm file = FW2O_p25.mat
86896MD01_016K_M04_multi_20180823_163000Z.aif_33792,2018_UnivMD_Maryland_86896_Dep01_20180711,86896MD01_016K_M04_multi_20180823_163000Z.aif,,3731143.427975,3731149.244025,interval,animal,,,,,,,,,,,,,,,,,machine,,,0.528818,1-4-f,parm file = FW2O_p25.mat
86896MD01_016K_M04_multi_20180823_173000Z.aif_33898,2018_UnivMD_Maryland_86896_Dep01_20180711,86896MD01_016K_M04_multi_20180823_173000Z.aif,,3734759.043978,3734764.860028,interval,animal,,,,,,,,,,,,,,,,,machine,,,0.506925,1-4-f,parm file = FW2O_p25.mat
86896MD01_016K_M04_multi_20180823_203000Z.aif_34078,2018_UnivMD_Maryland_86896_Dep01_20180711,86896MD01_016K_M04_multi_20180823_203000Z.aif,,3745357.331978,3745363.148028,interval,animal,,,,,,,,,,,,,,,,,machine,,,0.512435,1-4-f,parm file = FW2O_p25.mat
86896MD01_016K_M04_multi_20180823_221500Z.aif_34250,2018_UnivMD_Maryland_86896_Dep01_20180711,86896MD01_016K_M04_multi_20180823_221500Z.aif,,3751467.915971,3751473.732021,interval,animal,,,,,,,,,,,,,,,,,machine,,,0.524231,1-4-f,parm file = FW2O_p25.mat
86896MD01_016K_M04_multi_20180823_223000Z.aif_34313,2018_UnivMD_Maryland_86896_Dep01_20180711,86896MD01_016K_M04_multi_20180823_223000Z.aif,,3752766.467975,3752772.284025,interval,animal,,,,,,,,,,,,,,,,,machine,,,0.544605,1-4-f,parm file = FW2O_p25.mat
86896MD01_016K_M04_multi_20180823_224500Z.aif_34390,2018_UnivMD_Maryland_86896_Dep01_20180711,86896MD01_016K_M04_multi_20180823_224500Z.aif,,3753698.715978,3753704.532028,interval,animal,,,,,,,,,,,,,,,,,machine,,,0.508672,1-4-f,parm file = FW2O_p25.mat
86896MD01_016K_M04_multi_20180823_233000Z.aif_34512,2018_UnivMD_Maryland_86896_Dep01_20180711,86896MD01_016K_M04_multi_20180823_233000Z.aif,,3755808.187978,3755814.004028,interval,animal,,,,,,,,,,,,,,,,,machine,,,0.544159,1-4-f,parm file = FW2O_p25.mat
86896MD01_016K_M04_multi_20180823_233000Z.aif_34561,2018_UnivMD_Maryland_86896_Dep01_20180711,86896MD01_016K_M04_multi_20180823_233000Z.aif,,3756523.627978,3756529.444028,interval,animal,,,,,,,,,,,,,,,,,machine,,,0.514867,1-4-f,parm file = FW2O_p25.mat
86896MD01_016K_M04_multi_20180824_003000Z.aif_34719,2018_UnivMD_Maryland_86896_Dep01_20180711,86896MD01_016K_M04_multi_20180824_003000Z.aif,,3759392.315971,3759398.132021,interval,animal,,,,,,,,,,,,,,,,,machine,,,0.562312,1-4-f,parm file = FW2O_p25.mat
86896MD01_016K_M04_multi_20180824_003000Z.aif_34727,2018_UnivMD_Maryland_86896_Dep01_20180711,86896MD01_016K_M04_multi_20180824_003000Z.aif,,3759407.931971,3759413.748021,interval,animal,,,,,,,,,,,,,,,,,machine,,,0.514047,1-4-f,parm file = FW2O_p25.mat
86896MD01_016K_M04_multi_20180824_003000Z.aif_34759,2018_UnivMD_Maryland_86896_Dep01_20180711,86896MD01_016K_M04_multi_20180824_003000Z.aif,,3760109.043971,3760114.860021,interval,animal,,,,,,,,,,,,,,,,,machine,,,0.518899,1-4-f,parm file = FW2O_p25.mat
86896MD01_016K_M04_multi_20180824_010000Z.aif_34815,2018_UnivMD_Maryland_86896_Dep01_20180711,86896MD01_016K_M04_multi_20180824_010000Z.aif,,3761256.307978,3761262.124028,interval,animal,,,,,,,,,,,,,,,,,machine,,,0.514299,1-4-f,parm file = FW2O_p25.mat
86896MD01_016K_M04_multi_20180824_010000Z.aif_34830,2018_UnivMD_Maryland_86896_Dep01_20180711,86896MD01_016K_M04_multi_20180824_010000Z.aif,,3761520.475978,3761526.292028,interval,animal,,,,,,,,,,,,,,,,,machine,,,0.503271,1-4-f,parm file = FW2O_p25.mat
86896MD01_016K_M04_multi_20180824_010000Z.aif_34833,2018_UnivMD_Maryland_86896_Dep01_20180711,86896MD01_016K_M04_multi_20180824_010000Z.aif,,3761529.435978,3761535.252028,interval,animal,,,,,,,,,,,,,,,,,machine,,,0.524377,1-4-f,parm file = FW2O_p25.mat
86896MD01_016K_M04_multi_20180824_011500Z.aif_34909,2018_UnivMD_Maryland_86896_Dep01_20180711,86896MD01_016K_M04_multi_20180824_011500Z.aif,,3762328.323971,3762334.140021,interval,animal,,,,,,,,,,,,,,,,,machine,,,0.522724,1-4-f,parm file = FW2O_p25.mat
86896MD01_016K_M04_multi_20180824_013000Z.aif_34916,2018_UnivMD_Maryland_86896_Dep01_20180711,86896MD01_016K_M04_multi_20180824_013000Z.aif,,3762930.627975,3762936.444025,interval,animal,,,,,,,,,,,,,,,,,machine,,,0.611525,1-4-f,parm file = FW2O_p25.mat
86896MD01_016K_M04_multi_20180824_014500Z.aif_35021,2018_UnivMD_Maryland_86896_Dep01_20180711,86896MD01_016K_M04_multi_20180824_014500Z.aif,,3764438.563978,3764444.380028,interval,animal,,,,,,,,,,,,,,,,,machine,,,0.532739,1-4-f,parm file = FW2O_p25.mat
86896MD01_016K_M04_multi_20180824_014500Z.aif_35022,2018_UnivMD_Maryland_86896_Dep01_20180711,86896MD01_016K_M04_multi_20180824_014500Z.aif,,3764444.963978,3764450.780028,interval,animal,,,,,,,,,,,,,,,,,machine,,,0.547656,1-4-f,parm file = FW2O_p25.mat
86896MD01_016K_M04_multi_20180824_021500Z.aif_35072,2018_UnivMD_Maryland_86896_Dep01_20180711,86896MD01_016K_M04_multi_20180824_021500Z.aif,,3765799.571975,3765805.388025,interval,animal,,,,,,,,,,,,,,,,,machine,,,0.549257,1-4-f,parm file = FW2O_p25.mat
86896MD01_016K_M04_multi_20180824_023000Z.aif_35112,2018_UnivMD_Maryland_86896_Dep01_20180711,86896MD01_016K_M04_multi_20180824_023000Z.aif,,3766516.547978,3766522.364028,interval,animal,,,,,,,,,,,,,,,,,machine,,,0.543357,1-4-f,parm file = FW2O_p25.mat
86896MD01_016K_M04_multi_20180824_024500Z.aif_35205,2018_UnivMD_Maryland_86896_Dep01_20180711,86896MD01_016K_M04_multi_20180824_024500Z.aif,,3767987.115971,3767992.932021,interval,animal,,,,,,,,,,,,,,,,,machine,,,0.503097,1-4-f,parm file = FW2O_p25.mat
86896MD01_016K_M04_multi_20180824_024500Z.aif_35210,2018_UnivMD_Maryland_86896_Dep01_20180711,86896MD01_016K_M04_multi_20180824_024500Z.aif,,3768005.283971,3768011.100021,interval,animal,,,,,,,,,,,,,,,,,machine,,,0.514353,1-4-f,parm file = FW2O_p25.mat
86896MD01_016K_M04_multi_20180824_024500Z.aif_35225,2018_UnivMD_Maryland_86896_Dep01_20180711,86896MD01_016K_M04_multi_20180824_024500Z.aif,,3768125.339971,3768131.156021,interval,animal,,,,,,,,,,,,,,,,,machine,,,0.521793,1-4-f,parm file = FW2O_p25.mat
86896MD01_016K_M04_multi_20180824_054500Z.aif_35657,2018_UnivMD_Maryland_86896_Dep01_20180711,86896MD01_016K_M04_multi_20180824_054500Z.aif,,3778881.563971,3778887.380021,interval,animal,,,,,,,,,,,,,,,,,machine,,,0.538409,1-4-f,parm file = FW2O_p25.mat
86896MD01_016K_M04_multi_20180824_063000Z.aif_35765,2018_UnivMD_Maryland_86896_Dep01_20180711,86896MD01_016K_M04_multi_20180824_063000Z.aif,,3781686.515971,3781692.332021,interval,animal,,,,,,,,,,,,,,,,,machine,,,0.525229,1-4-f,parm file = FW2O_p25.mat
86896MD01_016K_M04_multi_20180824_080000Z.aif_35953,2018_UnivMD_Maryland_86896_Dep01_20180711,86896MD01_016K_M04_multi_20180824_080000Z.aif,,3786707.163971,3786712.980021,interval,animal,,,,,,,,,,,,,,,,,machine,,,0.536445,1-4-f,parm file = FW2O_p25.mat
86896MD01_016K_M04_multi_20180824_081500Z.aif_35975,2018_UnivMD_Maryland_86896_Dep01_20180711,86896MD01_016K_M04_multi_20180824_081500Z.aif,,3787371.411975,3787377.228025,interval,animal,,,,,,,,,,,,,,,,,machine,,,0.518000,1-4-f,parm file = FW2O_p25.mat
86896MD01_016K_M04_multi_20180824_103000Z.aif_36198,2018_UnivMD_Maryland_86896_Dep01_20180711,86896MD01_016K_M04_multi_20180824_103000Z.aif,,3795752.211975,3795758.028025,interval,animal,,,,,,,,,,,,,,,,,machine,,,0.512768,1-4-f,parm file = FW2O_p25.mat
86896MD01_016K_M04_multi_20180824_121500Z.aif_36414,2018_UnivMD_Maryland_86896_Dep01_20180711,86896MD01_016K_M04_multi_20180824_121500Z.aif,,3801691.547978,3801697.364028,interval,animal,,,,,,,,,,,,,,,,,machine,,,0.544645,1-4-f,parm file = FW2O_p25.mat
86896MD01_016K_M04_multi_20180824_123000Z.aif_36478,2018_UnivMD_Maryland_86896_Dep01_20180711,86896MD01_016K_M04_multi_20180824_123000Z.aif,,3803358.955971,3803364.772021,interval,animal,,,,,,,,,,,,,,,,,machine,,,0.504232,1-4-f,parm file = FW2O_p25.mat
86896MD01_016K_M04_multi_20180824_133000Z.aif_36537,2018_UnivMD_Maryland_86896_Dep01_20180711,86896MD01_016K_M04_multi_20180824_133000Z.aif,,3806542.747975,3806548.564025,interval,animal,,,,,,,,,,,,,,,,,machine,,,0.526987,1-4-f,parm file = FW2O_p25.mat
86896MD01_016K_M04_multi_20180824_140000Z.aif_36566,2018_UnivMD_Maryland_86896_Dep01_20180711,86896MD01_016K_M04_multi_20180824_140000Z.aif,,3808104.435971,3808110.252021,interval,animal,,,,,,,,,,,,,,,,,machine,,,0.510539,1-4-f,parm file = FW2O_p25.mat
86896MD01_016K_M04_multi_20180824_144500Z.aif_36625,2018_UnivMD_Maryland_86896_Dep01_20180711,86896MD01_016K_M04_multi_20180824_144500Z.aif,,3810683.611971,3810689.428021,interval,animal,,,,,,,,,,,,,,,,,machine,,,0.559166,1-4-f,parm file = FW2O_p25.mat
86896MD01_016K_M04_multi_20180824_160000Z.aif_36718,2018_UnivMD_Maryland_86896_Dep01_20180711,86896MD01_016K_M04_multi_20180824_160000Z.aif,,3815388.395978,3815394.212028,interval,animal,,,,,,,,,,,,,,,,,machine,,,0.500960,1-4-f,parm file = FW2O_p25.mat
86896MD01_016K_M04_multi_20180824_180000Z.aif_36848,2018_UnivMD_Maryland_86896_Dep01_20180711,86896MD01_016K_M04_multi_20180824_180000Z.aif,,3822955.971975,3822961.788025,interval,animal,,,,,,,,,,,,,,,,,machine,,,0.555816,1-4-f,parm file = FW2O_p25.mat
86896MD01_016K_M04_multi_20180824_221500Z.aif_37013,2018_UnivMD_Maryland_86896_Dep01_20180711,86896MD01_016K_M04_multi_20180824_221500Z.aif,,3838048.883971,3838054.700021,interval,animal,,,,,,,,,,,,,,,,,machine,,,0.525955,1-4-f,parm file = FW2O_p25.mat
86896MD01_016K_M04_multi_20180824_221500Z.aif_37014,2018_UnivMD_Maryland_86896_Dep01_20180711,86896MD01_016K_M04_multi_20180824_221500Z.aif,,3838123.883971,3838129.700021,interval,animal,,,,,,,,,,,,,,,,,machine,,,0.505272,1-4-f,parm file = FW2O_p25.mat
86896MD01_016K_M04_multi_20180824_231500Z.aif_37115,2018_UnivMD_Maryland_86896_Dep01_20180711,86896MD01_016K_M04_multi_20180824_231500Z.aif,,3841633.787975,3841639.604025,interval,animal,,,,,,,,,,,,,,,,,machine,,,0.515221,1-4-f,parm file = FW2O_p25.mat
86896MD01_016K_M04_multi_20180824_234500Z.aif_37174,2018_UnivMD_Maryland_86896_Dep01_20180711,86896MD01_016K_M04_multi_20180824_234500Z.aif,,3843109.211971,3843115.028021,interval,animal,,,,,,,,,,,,,,,,,machine,,,0.534313,1-4-f,parm file = FW2O_p25.mat
86896MD01_016K_M04_multi_20180824_234500Z.aif_37197,2018_UnivMD_Maryland_86896_Dep01_20180711,86896MD01_016K_M04_multi_20180824_234500Z.aif,,3843876.619971,3843882.436021,interval,animal,,,,,,,,,,,,,,,,,machine,,,0.511122,1-4-f,parm file = FW2O_p25.mat
86896MD01_016K_M04_multi_20180825_001500Z.aif_37232,2018_UnivMD_Maryland_86896_Dep01_20180711,86896MD01_016K_M04_multi_20180825_001500Z.aif,,3845319.283978,3845325.100028,interval,animal,,,,,,,,,,,,,,,,,machine,,,0.511865,1-4-f,parm file = FW2O_p25.mat
86896MD01_016K_M04_multi_20180825_014500Z.aif_37493,2018_UnivMD_Maryland_86896_Dep01_20180711,86896MD01_016K_M04_multi_20180825_014500Z.aif,,3850243.171978,3850248.988028,interval,animal,,,,,,,,,,,,,,,,,machine,,,0.519133,1-4-f,parm file = FW2O_p25.mat
86896MD01_016K_M04_multi_20180825_014500Z.aif_37518,2018_UnivMD_Maryland_86896_Dep01_20180711,86896MD01_016K_M04_multi_20180825_014500Z.aif,,3850323.803978,3850329.620028,interval,animal,,,,,,,,,,,,,,,,,machine,,,0.523291,1-4-f,parm file = FW2O_p25.mat
86896MD01_016K_M04_multi_20180825_020000Z.aif_37603,2018_UnivMD_Maryland_86896_Dep01_20180711,86896MD01_016K_M04_multi_20180825_020000Z.aif,,3851717.315971,3851723.132021,interval,animal,,,,,,,,,,,,,,,,,machine,,,0.510156,1-4-f,parm file = FW2O_p25.mat
86896MD01_016K_M04_multi_20180825_023000Z.aif_37696,2018_UnivMD_Maryland_86896_Dep01_20180711,86896MD01_016K_M04_multi_20180825_023000Z.aif,,3853194.027978,3853199.844028,interval,animal,,,,,,,,,,,,,,,,,machine,,,0.557093,1-4-f,parm file = FW2O_p25.mat
86896MD01_016K_M04_multi_20180825_033000Z.aif_37775,2018_UnivMD_Maryland_86896_Dep01_20180711,86896MD01_016K_M04_multi_20180825_033000Z.aif,,3856685.235971,3856691.052021,interval,animal,,,,,,,,,,,,,,,,,machine,,,0.565226,1-4-f,parm file = FW2O_p25.mat
86896MD01_016K_M04_multi_20180825_044500Z.aif_37899,2018_UnivMD_Maryland_86896_Dep01_20180711,86896MD01_016K_M04_multi_20180825_044500Z.aif,,3861729.179978,3861734.996028,interval,animal,,,,,,,,,,,,,,,,,machine,,,0.572206,1-4-f,parm file = FW2O_p25.mat
86896MD01_016K_M04_multi_20180825_061500Z.aif_38064,2018_UnivMD_Maryland_86896_Dep01_20180711,86896MD01_016K_M04_multi_20180825_061500Z.aif,,3866820.987978,3866826.804028,interval,animal,,,,,,,,,,,,,,,,,machine,,,0.532713,1-4-f,parm file = FW2O_p25.mat
86896MD01_016K_M04_multi_20180825_070000Z.aif_38143,2018_UnivMD_Maryland_86896_Dep01_20180711,86896MD01_016K_M04_multi_20180825_070000Z.aif,,3869281.651978,3869287.468028,interval,animal,,,,,,,,,,,,,,,,,machine,,,0.502195,1-4-f,parm file = FW2O_p25.mat
86896MD01_016K_M04_multi_20180825_081500Z.aif_38269,2018_UnivMD_Maryland_86896_Dep01_20180711,86896MD01_016K_M04_multi_20180825_081500Z.aif,,3873918.339975,3873924.156025,interval,animal,,,,,,,,,,,,,,,,,machine,,,0.532198,1-4-f,parm file = FW2O_p25.mat
86896MD01_016K_M04_multi_20180825_081500Z.aif_38277,2018_UnivMD_Maryland_86896_Dep01_20180711,86896MD01_016K_M04_multi_20180825_081500Z.aif,,3873948.803975,3873954.620025,interval,animal,,,,,,,,,,,,,,,,,machine,,,0.518098,1-4-f,parm file = FW2O_p25.mat
86896MD01_016K_M04_multi_20180825_110000Z.aif_38565,2018_UnivMD_Maryland_86896_Dep01_20180711,86896MD01_016K_M04_multi_20180825_110000Z.aif,,3884050.763971,3884056.580021,interval,animal,,,,,,,,,,,,,,,,,machine,,,0.541488,1-4-f,parm file = FW2O_p25.mat
86896MD01_016K_M04_multi_20180825_123000Z.aif_38674,2018_UnivMD_Maryland_86896_Dep01_20180711,86896MD01_016K_M04_multi_20180825_123000Z.aif,,3889125.675971,3889131.492021,interval,animal,,,,,,,,,,,,,,,,,machine,,,0.506591,1-4-f,parm file = FW2O_p25.mat
86896MD01_016K_M04_multi_20180825_123000Z.aif_38675,2018_UnivMD_Maryland_86896_Dep01_20180711,86896MD01_016K_M04_multi_20180825_123000Z.aif,,3889144.875971,3889150.692021,interval,animal,,,,,,,,,,,,,,,,,machine,,,0.508773,1-4-f,parm file = FW2O_p25.mat
86896MD01_016K_M04_multi_20180825_131500Z.aif_38741,2018_UnivMD_Maryland_86896_Dep01_20180711,86896MD01_016K_M04_multi_20180825_131500Z.aif,,3891637.283971,3891643.100021,interval,animal,,,,,,,,,,,,,,,,,machine,,,0.508648,1-4-f,parm file = FW2O_p25.mat
86896MD01_016K_M04_multi_20180825_131500Z.aif_38755,2018_UnivMD_Maryland_86896_Dep01_20180711,86896MD01_016K_M04_multi_20180825_131500Z.aif,,3892104.947971,3892110.764021,interval,animal,,,,,,,,,,,,,,,,,machine,,,0.569477,1-4-f,parm file = FW2O_p25.mat
86896MD01_016K_M04_multi_20180825_153000Z.aif_38946,2018_UnivMD_Maryland_86896_Dep01_20180711,86896MD01_016K_M04_multi_20180825_153000Z.aif,,3900223.883971,3900229.700021,interval,animal,,,,,,,,,,,,,,,,,machine,,,0.669632,1-4-f,parm file = FW2O_p25.mat
86896MD01_016K_M04_multi_20180825_154500Z.aif_38974,2018_UnivMD_Maryland_86896_Dep01_20180711,86896MD01_016K_M04_multi_20180825_154500Z.aif,,3901260.323975,3901266.140025,interval,animal,,,,,,,,,,,,,,,,,machine,,,0.511884,1-4-f,parm file = FW2O_p25.mat
86896MD01_016K_M04_multi_20180825_173000Z.aif_39101,2018_UnivMD_Maryland_86896_Dep01_20180711,86896MD01_016K_M04_multi_20180825_173000Z.aif,,3907569.027978,3907574.844028,interval,animal,,,,,,,,,,,,,,,,,machine,,,0.507549,1-4-f,parm file = FW2O_p25.mat
86896MD01_016K_M04_multi_20180825_211500Z.aif_39234,2018_UnivMD_Maryland_86896_Dep01_20180711,86896MD01_016K_M04_multi_20180825_211500Z.aif,,3921112.539978,3921118.356028,interval,animal,,,,,,,,,,,,,,,,,machine,,,0.514401,1-4-f,parm file = FW2O_p25.mat
86896MD01_016K_M04_multi_20180825_230000Z.aif_39353,2018_UnivMD_Maryland_86896_Dep01_20180711,86896MD01_016K_M04_multi_20180825_230000Z.aif,,3927048.547971,3927054.364021,interval,animal,,,,,,,,,,,,,,,,,machine,,,0.577811,1-4-f,parm file = FW2O_p25.mat
86896MD01_016K_M04_multi_20180826_003000Z.aif_39470,2018_UnivMD_Maryland_86896_Dep01_20180711,86896MD01_016K_M04_multi_20180826_003000Z.aif,,3932834.811971,3932840.628021,interval,animal,,,,,,,,,,,,,,,,,machine,,,0.543695,1-4-f,parm file = FW2O_p25.mat
86896MD01_016K_M04_multi_20180826_004500Z.aif_39487,2018_UnivMD_Maryland_86896_Dep01_20180711,86896MD01_016K_M04_multi_20180826_004500Z.aif,,3933572.779975,3933578.596025,interval,animal,,,,,,,,,,,,,,,,,machine,,,0.531324,1-4-f,parm file = FW2O_p25.mat
86896MD01_016K_M04_multi_20180826_011500Z.aif_39517,2018_UnivMD_Maryland_86896_Dep01_20180711,86896MD01_016K_M04_multi_20180826_011500Z.aif,,3934959.635971,3934965.452021,interval,animal,,,,,,,,,,,,,,,,,machine,,,0.532522,1-4-f,parm file = FW2O_p25.mat
86896MD01_016K_M04_multi_20180826_014500Z.aif_39603,2018_UnivMD_Maryland_86896_Dep01_20180711,86896MD01_016K_M04_multi_20180826_014500Z.aif,,3937161.515978,3937167.332028,interval,animal,,,,,,,,,,,,,,,,,machine,,,0.521110,1-4-f,parm file = FW2O_p25.mat
86896MD01_016K_M04_multi_20180826_014500Z.aif_39620,2018_UnivMD_Maryland_86896_Dep01_20180711,86896MD01_016K_M04_multi_20180826_014500Z.aif,,3937427.979978,3937433.796028,interval,animal,,,,,,,,,,,,,,,,,machine,,,0.640461,1-4-f,parm file = FW2O_p25.mat
86896MD01_016K_M04_multi_20180826_024500Z.aif_39704,2018_UnivMD_Maryland_86896_Dep01_20180711,86896MD01_016K_M04_multi_20180826_024500Z.aif,,3940678.323971,3940684.140021,interval,animal,,,,,,,,,,,,,,,,,machine,,,0.530488,1-4-f,parm file = FW2O_p25.mat
86896MD01_016K_M04_multi_20180826_040000Z.aif_39794,2018_UnivMD_Maryland_86896_Dep01_20180711,86896MD01_016K_M04_multi_20180826_040000Z.aif,,3945074.139978,3945079.956028,interval,animal,,,,,,,,,,,,,,,,,machine,,,0.536019,1-4-f,parm file = FW2O_p25.mat
86896MD01_016K_M04_multi_20180826_051500Z.aif_39880,2018_UnivMD_Maryland_86896_Dep01_20180711,86896MD01_016K_M04_multi_20180826_051500Z.aif,,3949465.611975,3949471.428025,interval,animal,,,,,,,,,,,,,,,,,machine,,,0.513280,1-4-f,parm file = FW2O_p25.mat
86896MD01_016K_M04_multi_20180826_051500Z.aif_39884,2018_UnivMD_Maryland_86896_Dep01_20180711,86896MD01_016K_M04_multi_20180826_051500Z.aif,,3949653.235975,3949659.052025,interval,animal,,,,,,,,,,,,,,,,,machine,,,0.501662,1-4-f,parm file = FW2O_p25.mat
86896MD01_016K_M04_multi_20180826_064500Z.aif_40045,2018_UnivMD_Maryland_86896_Dep01_20180711,86896MD01_016K_M04_multi_20180826_064500Z.aif,,3955050.419975,3955056.236025,interval,animal,,,,,,,,,,,,,,,,,machine,,,0.518333,1-4-f,parm file = FW2O_p25.mat
86896MD01_016K_M04_multi_20180826_070000Z.aif_40098,2018_UnivMD_Maryland_86896_Dep01_20180711,86896MD01_016K_M04_multi_20180826_070000Z.aif,,3955816.803978,3955822.620028,interval,animal,,,,,,,,,,,,,,,,,machine,,,0.506773,1-4-f,parm file = FW2O_p25.mat
86896MD01_016K_M04_multi_20180826_071500Z.aif_40156,2018_UnivMD_Maryland_86896_Dep01_20180711,86896MD01_016K_M04_multi_20180826_071500Z.aif,,3957224.139971,3957229.956021,interval,animal,,,,,,,,,,,,,,,,,machine,,,0.521415,1-4-f,parm file = FW2O_p25.mat
86896MD01_016K_M04_multi_20180826_080000Z.aif_40223,2018_UnivMD_Maryland_86896_Dep01_20180711,86896MD01_016K_M04_multi_20180826_080000Z.aif,,3959295.987971,3959301.804021,interval,animal,,,,,,,,,,,,,,,,,machine,,,0.519622,1-4-f,parm file = FW2O_p25.mat
86896MD01_016K_M04_multi_20180826_103000Z.aif_40582,2018_UnivMD_Maryland_86896_Dep01_20180711,86896MD01_016K_M04_multi_20180826_103000Z.aif,,3968739.075975,3968744.892025,interval,animal,,,,,,,,,,,,,,,,,machine,,,0.502313,1-4-f,parm file = FW2O_p25.mat
86896MD01_016K_M04_multi_20180826_104500Z.aif_40589,2018_UnivMD_Maryland_86896_Dep01_20180711,86896MD01_016K_M04_multi_20180826_104500Z.aif,,3969175.251978,3969181.068028,interval,animal,,,,,,,,,,,,,,,,,machine,,,0.500677,1-4-f,parm file = FW2O_p25.mat
86896MD01_016K_M04_multi_20180826_104500Z.aif_40591,2018_UnivMD_Maryland_86896_Dep01_20180711,86896MD01_016K_M04_multi_20180826_104500Z.aif,,3969307.331978,3969313.148028,interval,animal,,,,,,,,,,,,,,,,,machine,,,0.536004,1-4-f,parm file = FW2O_p25.mat
86896MD01_016K_M04_multi_20180826_111500Z.aif_40661,2018_UnivMD_Maryland_86896_Dep01_20180711,86896MD01_016K_M04_multi_20180826_111500Z.aif,,3970902.299975,3970908.116025,interval,animal,,,,,,,,,,,,,,,,,machine,,,0.500777,1-4-f,parm file = FW2O_p25.mat
86896MD01_016K_M04_multi_20180826_114500Z.aif_40692,2018_UnivMD_Maryland_86896_Dep01_20180711,86896MD01_016K_M04_multi_20180826_114500Z.aif,,3972647.688256,3972652.151736,interval,animal,,,,,,,,,,,,,,,,,machine,,,0.540300,1-1-f,parm file = FW2O_p25.mat
86896MD01_016K_M04_multi_20180826_140000Z.aif_40922,2018_UnivMD_Maryland_86896_Dep01_20180711,86896MD01_016K_M04_multi_20180826_140000Z.aif,,3980918.771971,3980924.588021,interval,animal,,,,,,,,,,,,,,,,,machine,,,0.506566,1-4-f,parm file = FW2O_p25.mat
86896MD01_016K_M04_multi_20180826_144500Z.aif_41061,2018_UnivMD_Maryland_86896_Dep01_20180711,86896MD01_016K_M04_multi_20180826_144500Z.aif,,3983927.723971,3983933.540021,interval,animal,,,,,,,,,,,,,,,,,machine,,,0.707487,1-4-f,parm file = FW2O_p25.mat
86896MD01_016K_M04_multi_20180826_160000Z.aif_41152,2018_UnivMD_Maryland_86896_Dep01_20180711,86896MD01_016K_M04_multi_20180826_160000Z.aif,,3988070.899978,3988076.716028,interval,animal,,,,,,,,,,,,,,,,,machine,,,0.555510,1-4-f,parm file = FW2O_p25.mat
