mediaID,deploymentID,captureMethod,timestamp,duration,filePath,filePublic,fileName,fileMediatype,exifData,bitDepth,samplingFrequency,gain,channels,favorite,mediaComments
86896MD01_016K_M04_multi_20180711_123000Z.aif,2018_UnivMD_Maryland_86896_Dep01_20180711,schedule,2018-07-11T12:30:00+00:00,,\\Repnas\w\projects\2018_UnivMD_Maryland_86896\86896_MD01_20180711\86896_MD01_AIFF\86896MD01_016K_M04_multi_20180711\86896MD01_016K_M04_multi_20180711_123000Z.aif,FALSE,,audio/aiff,,16,16000,23.5,,,
86896MD01_016K_M04_multi_20180711_150000Z.aif,2018_UnivMD_Maryland_86896_Dep01_20180711,schedule,2018-07-11T15:00:00+00:00,,\\Repnas\w\projects\2018_UnivMD_Maryland_86896\86896_MD01_20180711\86896_MD01_AIFF\86896MD01_016K_M04_multi_20180711\86896MD01_016K_M04_multi_20180711_150000Z.aif,FALSE,,audio/aiff,,16,16000,23.5,,,
86896MD01_016K_M04_multi_20180711_160000Z.aif,2018_UnivMD_Maryland_86896_Dep01_20180711,schedule,2018-07-11T16:00:00+00:00,,\\Repnas\w\projects\2018_UnivMD_Maryland_86896\86896_MD01_20180711\86896_MD01_AIFF\86896MD01_016K_M04_multi_20180711\86896MD01_016K_M04_multi_20180711_160000Z.aif,FALSE,,audio/aiff,,16,16000,23.5,,,
86896MD01_016K_M04_multi_20180711_163000Z.aif,2018_UnivMD_Maryland_86896_Dep01_20180711,schedule,2018-07-11T16:30:00+00:00,,\\Repnas\w\projects\2018_UnivMD_Maryland_86896\86896_MD01_20180711\86896_MD01_AIFF\86896MD01_016K_M04_multi_20180711\86896MD01_016K_M04_multi_20180711_163000Z.aif,FALSE,,audio/aiff,,16,16000,23.5,,,
86896MD01_016K_M04_multi_20180711_164500Z.aif,2018_UnivMD_Maryland_86896_Dep01_20180711,schedule,2018-07-11T16:45:00+00:00,,\\Repnas\w\projects\2018_UnivMD_Maryland_86896\86896_MD01_20180711\86896_MD01_AIFF\86896MD01_016K_M04_multi_20180711\86896MD01_016K_M04_multi_20180711_164500Z.aif,FALSE,,audio/aiff,,16,16000,23.5,,,
86896MD01_016K_M04_multi_20180711_234500Z.aif,2018_UnivMD_Maryland_86896_Dep01_20180711,schedule,2018-07-11T23:45:00+00:00,,\\Repnas\w\projects\2018_UnivMD_Maryland_86896\86896_MD01_20180711\86896_MD01_AIFF\86896MD01_016K_M04_multi_20180711\86896MD01_016K_M04_multi_20180711_234500Z.aif,FALSE,,audio/aiff,,16,16000,23.5,,,
86896MD01_016K_M04_multi_20180712_074500Z.aif,2018_UnivMD_Maryland_86896_Dep01_20180711,schedule,2018-07-12T07:45:00+00:00,,\\Repnas\w\projects\2018_UnivMD_Maryland_86896\86896_MD01_20180711\86896_MD01_AIFF\86896MD01_016K_M04_multi_20180712\86896MD01_016K_M04_multi_20180712_074500Z.aif,FALSE,,audio/aiff,,16,16000,23.5,,,
86896MD01_016K_M04_multi_20180712_091500Z.aif,2018_UnivMD_Maryland_86896_Dep01_20180711,schedule,2018-07-12T09:15:00+00:00,,\\Repnas\w\projects\2018_UnivMD_Maryland_86896\86896_MD01_20180711\86896_MD01_AIFF\86896MD01_016K_M04_multi_20180712\86896MD01_016K_M04_multi_20180712_091500Z.aif,FALSE,,audio/aiff,,16,16000,23.5,,,
86896MD01_016K_M04_multi_20180712_093000Z.aif,2018_UnivMD_Maryland_86896_Dep01_20180711,schedule,2018-07-12T09:30:00+00:00,,\\Repnas\w\projects\2018_UnivMD_Maryland_86896\86896_MD01_20180711\86896_MD01_AIFF\86896MD01_016K_M04_multi_20180712\86896MD01_016K_M04_multi_20180712_093000Z.aif,FALSE,,audio/aiff,,16,16000,23.5,,,
86896MD01_016K_M04_multi_20180712_094500Z.aif,2018_UnivMD_Maryland_86896_Dep01_20180711,schedule,2018-07-12T09:45:00+00:00,,\\Repnas\w\projects\2018_UnivMD_Maryland_86896\86896_MD01_20180711\86896_MD01_AIFF\86896MD01_016K_M04_multi_20180712\86896MD01_016K_M04_multi_20180712_094500Z.aif,FALSE,,audio/aiff,,16,16000,23.5,,,
86896MD01_016K_M04_multi_20180712_100000Z.aif,2018_UnivMD_Maryland_86896_Dep01_20180711,schedule,2018-07-12T10:00:00+00:00,,\\Repnas\w\projects\2018_UnivMD_Maryland_86896\86896_MD01_20180711\86896_MD01_AIFF\86896MD01_016K_M04_multi_20180712\86896MD01_016K_M04_multi_20180712_100000Z.aif,FALSE,,audio/aiff,,16,16000,23.5,,,
86896MD01_016K_M04_multi_20180712_101500Z.aif,2018_UnivMD_Maryland_86896_Dep01_20180711,schedule,2018-07-12T10:15:00+00:00,,\\Repnas\w\projects\2018_UnivMD_Maryland_86896\86896_MD01_20180711\86896_MD01_AIFF\86896MD01_016K_M04_multi_20180712\86896MD01_016K_M04_multi_20180712_101500Z.aif,FALSE,,audio/aiff,,16,16000,23.5,,,
86896MD01_016K_M04_multi_20180712_103000Z.aif,2018_UnivMD_Maryland_86896_Dep01_20180711,schedule,2018-07-12T10:30:00+00:00,,\\Repnas\w\projects\2018_UnivMD_Maryland_86896\86896_MD01_20180711\86896_MD01_AIFF\86896MD01_016K_M04_multi_20180712\86896MD01_016K_M04_multi_20180712_103000Z.aif,FALSE,,audio/aiff,,16,16000,23.5,,,
86896MD01_016K_M04_multi_20180712_104500Z.aif,2018_UnivMD_Maryland_86896_Dep01_20180711,schedule,2018-07-12T10:45:00+00:00,,\\Repnas\w\projects\2018_UnivMD_Maryland_86896\86896_MD01_20180711\86896_MD01_AIFF\86896MD01_016K_M04_multi_20180712\86896MD01_016K_M04_multi_20180712_104500Z.aif,FALSE,,audio/aiff,,16,16000,23.5,,,
86896MD01_016K_M04_multi_20180712_111500Z.aif,2018_UnivMD_Maryland_86896_Dep01_20180711,schedule,2018-07-12T11:15:00+00:00,,\\Repnas\w\projects\2018_UnivMD_Maryland_86896\86896_MD01_20180711\86896_MD01_AIFF\86896MD01_016K_M04_multi_20180712\86896MD01_016K_M04_multi_20180712_111500Z.aif,FALSE,,audio/aiff,,16,16000,23.5,,,
86896MD01_016K_M04_multi_20180712_113000Z.aif,2018_UnivMD_Maryland_86896_Dep01_20180711,schedule,2018-07-12T11:30:00+00:00,,\\Repnas\w\projects\2018_UnivMD_Maryland_86896\86896_MD01_20180711\86896_MD01_AIFF\86896MD01_016K_M04_multi_20180712\86896MD01_016K_M04_multi_20180712_113000Z.aif,FALSE,,audio/aiff,,16,16000,23.5,,,
86896MD01_016K_M04_multi_20180712_114500Z.aif,2018_UnivMD_Maryland_86896_Dep01_20180711,schedule,2018-07-12T11:45:00+00:00,,\\Repnas\w\projects\2018_UnivMD_Maryland_86896\86896_MD01_20180711\86896_MD01_AIFF\86896MD01_016K_M04_multi_20180712\86896MD01_016K_M04_multi_20180712_114500Z.aif,FALSE,,audio/aiff,,16,16000,23.5,,,
86896MD01_016K_M04_multi_20180712_120000Z.aif,2018_UnivMD_Maryland_86896_Dep01_20180711,schedule,2018-07-12T12:00:00+00:00,,\\Repnas\w\projects\2018_UnivMD_Maryland_86896\86896_MD01_20180711\86896_MD01_AIFF\86896MD01_016K_M04_multi_20180712\86896MD01_016K_M04_multi_20180712_120000Z.aif,FALSE,,audio/aiff,,16,16000,23.5,,,
86896MD01_016K_M04_multi_20180712_121500Z.aif,2018_UnivMD_Maryland_86896_Dep01_20180711,schedule,2018-07-12T12:15:00+00:00,,\\Repnas\w\projects\2018_UnivMD_Maryland_86896\86896_MD01_20180711\86896_MD01_AIFF\86896MD01_016K_M04_multi_20180712\86896MD01_016K_M04_multi_20180712_121500Z.aif,FALSE,,audio/aiff,,16,16000,23.5,,,
86896MD01_016K_M04_multi_20180712_123000Z.aif,2018_UnivMD_Maryland_86896_Dep01_20180711,schedule,2018-07-12T12:30:00+00:00,,\\Repnas\w\projects\2018_UnivMD_Maryland_86896\86896_MD01_20180711\86896_MD01_AIFF\86896MD01_016K_M04_multi_20180712\86896MD01_016K_M04_multi_20180712_123000Z.aif,FALSE,,audio/aiff,,16,16000,23.5,,,
86896MD01_016K_M04_multi_20180712_124500Z.aif,2018_UnivMD_Maryland_86896_Dep01_20180711,schedule,2018-07-12T12:45:00+00:00,,\\Repnas\w\projects\2018_UnivMD_Maryland_86896\86896_MD01_20180711\86896_MD01_AIFF\86896MD01_016K_M04_multi_20180712\86896MD01_016K_M04_multi_20180712_124500Z.aif,FALSE,,audio/aiff,,16,16000,23.5,,,
86896MD01_016K_M04_multi_20180712_131500Z.aif,2018_UnivMD_Maryland_86896_Dep01_20180711,schedule,2018-07-12T13:15:00+00:00,,\\Repnas\w\projects\2018_UnivMD_Maryland_86896\86896_MD01_20180711\86896_MD01_AIFF\86896MD01_016K_M04_multi_20180712\86896MD01_016K_M04_multi_20180712_131500Z.aif,FALSE,,audio/aiff,,16,16000,23.5,,,
86896MD01_016K_M04_multi_20180712_140000Z.aif,2018_UnivMD_Maryland_86896_Dep01_20180711,schedule,2018-07-12T14:00:00+00:00,,\\Repnas\w\projects\2018_UnivMD_Maryland_86896\86896_MD01_20180711\86896_MD01_AIFF\86896MD01_016K_M04_multi_20180712\86896MD01_016K_M04_multi_20180712_140000Z.aif,FALSE,,audio/aiff,,16,16000,23.5,,,
86896MD01_016K_M04_multi_20180712_144500Z.aif,2018_UnivMD_Maryland_86896_Dep01_20180711,schedule,2018-07-12T14:45:00+00:00,,\\Repnas\w\projects\2018_UnivMD_Maryland_86896\86896_MD01_20180711\86896_MD01_AIFF\86896MD01_016K_M04_multi_20180712\86896MD01_016K_M04_multi_20180712_144500Z.aif,FALSE,,audio/aiff,,16,16000,23.5,,,
86896MD01_016K_M04_multi_20180712_153000Z.aif,2018_UnivMD_Maryland_86896_Dep01_20180711,schedule,2018-07-12T15:30:00+00:00,,\\Repnas\w\projects\2018_UnivMD_Maryland_86896\86896_MD01_20180711\86896_MD01_AIFF\86896MD01_016K_M04_multi_20180712\86896MD01_016K_M04_multi_20180712_153000Z.aif,FALSE,,audio/aiff,,16,16000,23.5,,,
86896MD01_016K_M04_multi_20180712_154500Z.aif,2018_UnivMD_Maryland_86896_Dep01_20180711,schedule,2018-07-12T15:45:00+00:00,,\\Repnas\w\projects\2018_UnivMD_Maryland_86896\86896_MD01_20180711\86896_MD01_AIFF\86896MD01_016K_M04_multi_20180712\86896MD01_016K_M04_multi_20180712_154500Z.aif,FALSE,,audio/aiff,,16,16000,23.5,,,
86896MD01_016K_M04_multi_20180712_160000Z.aif,2018_UnivMD_Maryland_86896_Dep01_20180711,schedule,2018-07-12T16:00:00+00:00,,\\Repnas\w\projects\2018_UnivMD_Maryland_86896\86896_MD01_20180711\86896_MD01_AIFF\86896MD01_016K_M04_multi_20180712\86896MD01_016K_M04_multi_20180712_160000Z.aif,FALSE,,audio/aiff,,16,16000,23.5,,,
86896MD01_016K_M04_multi_20180712_161500Z.aif,2018_UnivMD_Maryland_86896_Dep01_20180711,schedule,2018-07-12T16:15:00+00:00,,\\Repnas\w\projects\2018_UnivMD_Maryland_86896\86896_MD01_20180711\86896_MD01_AIFF\86896MD01_016K_M04_multi_20180712\86896MD01_016K_M04_multi_20180712_161500Z.aif,FALSE,,audio/aiff,,16,16000,23.5,,,
86896MD01_016K_M04_multi_20180712_163000Z.aif,2018_UnivMD_Maryland_86896_Dep01_20180711,schedule,2018-07-12T16:30:00+00:00,,\\Repnas\w\projects\2018_UnivMD_Maryland_86896\86896_MD01_20180711\86896_MD01_AIFF\86896MD01_016K_M04_multi_20180712\86896MD01_016K_M04_multi_20180712_163000Z.aif,FALSE,,audio/aiff,,16,16000,23.5,,,
86896MD01_016K_M04_multi_20180712_193000Z.aif,2018_UnivMD_Maryland_86896_Dep01_20180711,schedule,2018-07-12T19:30:00+00:00,,\\Repnas\w\projects\2018_UnivMD_Maryland_86896\86896_MD01_20180711\86896_MD01_AIFF\86896MD01_016K_M04_multi_20180712\86896MD01_016K_M04_multi_20180712_193000Z.aif,FALSE,,audio/aiff,,16,16000,23.5,,,
86896MD01_016K_M04_multi_20180712_203000Z.aif,2018_UnivMD_Maryland_86896_Dep01_20180711,schedule,2018-07-12T20:30:00+00:00,,\\Repnas\w\projects\2018_UnivMD_Maryland_86896\86896_MD01_20180711\86896_MD01_AIFF\86896MD01_016K_M04_multi_20180712\86896MD01_016K_M04_multi_20180712_203000Z.aif,FALSE,,audio/aiff,,16,16000,23.5,,,
86896MD01_016K_M04_multi_20180712_231500Z.aif,2018_UnivMD_Maryland_86896_Dep01_20180711,schedule,2018-07-12T23:15:00+00:00,,\\Repnas\w\projects\2018_UnivMD_Maryland_86896\86896_MD01_20180711\86896_MD01_AIFF\86896MD01_016K_M04_multi_20180712\86896MD01_016K_M04_multi_20180712_231500Z.aif,FALSE,,audio/aiff,,16,16000,23.5,,,
86896MD01_016K_M04_multi_20180713_210000Z.aif,2018_UnivMD_Maryland_86896_Dep01_20180711,schedule,2018-07-13T21:00:00+00:00,,\\Repnas\w\projects\2018_UnivMD_Maryland_86896\86896_MD01_20180711\86896_MD01_AIFF\86896MD01_016K_M04_multi_20180713\86896MD01_016K_M04_multi_20180713_210000Z.aif,FALSE,,audio/aiff,,16,16000,23.5,,,
86896MD01_016K_M04_multi_20180713_224500Z.aif,2018_UnivMD_Maryland_86896_Dep01_20180711,schedule,2018-07-13T22:45:00+00:00,,\\Repnas\w\projects\2018_UnivMD_Maryland_86896\86896_MD01_20180711\86896_MD01_AIFF\86896MD01_016K_M04_multi_20180713\86896MD01_016K_M04_multi_20180713_224500Z.aif,FALSE,,audio/aiff,,16,16000,23.5,,,
86896MD01_016K_M04_multi_20180714_010000Z.aif,2018_UnivMD_Maryland_86896_Dep01_20180711,schedule,2018-07-14T01:00:00+00:00,,\\Repnas\w\projects\2018_UnivMD_Maryland_86896\86896_MD01_20180711\86896_MD01_AIFF\86896MD01_016K_M04_multi_20180714\86896MD01_016K_M04_multi_20180714_010000Z.aif,FALSE,,audio/aiff,,16,16000,23.5,,,
86896MD01_016K_M04_multi_20180714_143000Z.aif,2018_UnivMD_Maryland_86896_Dep01_20180711,schedule,2018-07-14T14:30:00+00:00,,\\Repnas\w\projects\2018_UnivMD_Maryland_86896\86896_MD01_20180711\86896_MD01_AIFF\86896MD01_016K_M04_multi_20180714\86896MD01_016K_M04_multi_20180714_143000Z.aif,FALSE,,audio/aiff,,16,16000,23.5,,,
86896MD01_016K_M04_multi_20180714_144500Z.aif,2018_UnivMD_Maryland_86896_Dep01_20180711,schedule,2018-07-14T14:45:00+00:00,,\\Repnas\w\projects\2018_UnivMD_Maryland_86896\86896_MD01_20180711\86896_MD01_AIFF\86896MD01_016K_M04_multi_20180714\86896MD01_016K_M04_multi_20180714_144500Z.aif,FALSE,,audio/aiff,,16,16000,23.5,,,
86896MD01_016K_M04_multi_20180714_174500Z.aif,2018_UnivMD_Maryland_86896_Dep01_20180711,schedule,2018-07-14T17:45:00+00:00,,\\Repnas\w\projects\2018_UnivMD_Maryland_86896\86896_MD01_20180711\86896_MD01_AIFF\86896MD01_016K_M04_multi_20180714\86896MD01_016K_M04_multi_20180714_174500Z.aif,FALSE,,audio/aiff,,16,16000,23.5,,,
86896MD01_016K_M04_multi_20180714_180000Z.aif,2018_UnivMD_Maryland_86896_Dep01_20180711,schedule,2018-07-14T18:00:00+00:00,,\\Repnas\w\projects\2018_UnivMD_Maryland_86896\86896_MD01_20180711\86896_MD01_AIFF\86896MD01_016K_M04_multi_20180714\86896MD01_016K_M04_multi_20180714_180000Z.aif,FALSE,,audio/aiff,,16,16000,23.5,,,
86896MD01_016K_M04_multi_20180715_070000Z.aif,2018_UnivMD_Maryland_86896_Dep01_20180711,schedule,2018-07-15T07:00:00+00:00,,\\Repnas\w\projects\2018_UnivMD_Maryland_86896\86896_MD01_20180711\86896_MD01_AIFF\86896MD01_016K_M04_multi_20180715\86896MD01_016K_M04_multi_20180715_070000Z.aif,FALSE,,audio/aiff,,16,16000,23.5,,,
86896MD01_016K_M04_multi_20180715_071500Z.aif,2018_UnivMD_Maryland_86896_Dep01_20180711,schedule,2018-07-15T07:15:00+00:00,,\\Repnas\w\projects\2018_UnivMD_Maryland_86896\86896_MD01_20180711\86896_MD01_AIFF\86896MD01_016K_M04_multi_20180715\86896MD01_016K_M04_multi_20180715_071500Z.aif,FALSE,,audio/aiff,,16,16000,23.5,,,
86896MD01_016K_M04_multi_20180715_170000Z.aif,2018_UnivMD_Maryland_86896_Dep01_20180711,schedule,2018-07-15T17:00:00+00:00,,\\Repnas\w\projects\2018_UnivMD_Maryland_86896\86896_MD01_20180711\86896_MD01_AIFF\86896MD01_016K_M04_multi_20180715\86896MD01_016K_M04_multi_20180715_170000Z.aif,FALSE,,audio/aiff,,16,16000,23.5,,,
86896MD01_016K_M04_multi_20180716_223000Z.aif,2018_UnivMD_Maryland_86896_Dep01_20180711,schedule,2018-07-16T22:30:00+00:00,,\\Repnas\w\projects\2018_UnivMD_Maryland_86896\86896_MD01_20180711\86896_MD01_AIFF\86896MD01_016K_M04_multi_20180716\86896MD01_016K_M04_multi_20180716_223000Z.aif,FALSE,,audio/aiff,,16,16000,23.5,,,
86896MD01_016K_M04_multi_20180718_121500Z.aif,2018_UnivMD_Maryland_86896_Dep01_20180711,schedule,2018-07-18T12:15:00+00:00,,\\Repnas\w\projects\2018_UnivMD_Maryland_86896\86896_MD01_20180711\86896_MD01_AIFF\86896MD01_016K_M04_multi_20180718\86896MD01_016K_M04_multi_20180718_121500Z.aif,FALSE,,audio/aiff,,16,16000,23.5,,,
86896MD01_016K_M04_multi_20180719_194500Z.aif,2018_UnivMD_Maryland_86896_Dep01_20180711,schedule,2018-07-19T19:45:00+00:00,,\\Repnas\w\projects\2018_UnivMD_Maryland_86896\86896_MD01_20180711\86896_MD01_AIFF\86896MD01_016K_M04_multi_20180719\86896MD01_016K_M04_multi_20180719_194500Z.aif,FALSE,,audio/aiff,,16,16000,23.5,,,
86896MD01_016K_M04_multi_20180720_020000Z.aif,2018_UnivMD_Maryland_86896_Dep01_20180711,schedule,2018-07-20T02:00:00+00:00,,\\Repnas\w\projects\2018_UnivMD_Maryland_86896\86896_MD01_20180711\86896_MD01_AIFF\86896MD01_016K_M04_multi_20180720\86896MD01_016K_M04_multi_20180720_020000Z.aif,FALSE,,audio/aiff,,16,16000,23.5,,,
86896MD01_016K_M04_multi_20180720_021500Z.aif,2018_UnivMD_Maryland_86896_Dep01_20180711,schedule,2018-07-20T02:15:00+00:00,,\\Repnas\w\projects\2018_UnivMD_Maryland_86896\86896_MD01_20180711\86896_MD01_AIFF\86896MD01_016K_M04_multi_20180720\86896MD01_016K_M04_multi_20180720_021500Z.aif,FALSE,,audio/aiff,,16,16000,23.5,,,
86896MD01_016K_M04_multi_20180720_023000Z.aif,2018_UnivMD_Maryland_86896_Dep01_20180711,schedule,2018-07-20T02:30:00+00:00,,\\Repnas\w\projects\2018_UnivMD_Maryland_86896\86896_MD01_20180711\86896_MD01_AIFF\86896MD01_016K_M04_multi_20180720\86896MD01_016K_M04_multi_20180720_023000Z.aif,FALSE,,audio/aiff,,16,16000,23.5,,,
86896MD01_016K_M04_multi_20180720_024500Z.aif,2018_UnivMD_Maryland_86896_Dep01_20180711,schedule,2018-07-20T02:45:00+00:00,,\\Repnas\w\projects\2018_UnivMD_Maryland_86896\86896_MD01_20180711\86896_MD01_AIFF\86896MD01_016K_M04_multi_20180720\86896MD01_016K_M04_multi_20180720_024500Z.aif,FALSE,,audio/aiff,,16,16000,23.5,,,
86896MD01_016K_M04_multi_20180720_030000Z.aif,2018_UnivMD_Maryland_86896_Dep01_20180711,schedule,2018-07-20T03:00:00+00:00,,\\Repnas\w\projects\2018_UnivMD_Maryland_86896\86896_MD01_20180711\86896_MD01_AIFF\86896MD01_016K_M04_multi_20180720\86896MD01_016K_M04_multi_20180720_030000Z.aif,FALSE,,audio/aiff,,16,16000,23.5,,,
86896MD01_016K_M04_multi_20180720_031500Z.aif,2018_UnivMD_Maryland_86896_Dep01_20180711,schedule,2018-07-20T03:15:00+00:00,,\\Repnas\w\projects\2018_UnivMD_Maryland_86896\86896_MD01_20180711\86896_MD01_AIFF\86896MD01_016K_M04_multi_20180720\86896MD01_016K_M04_multi_20180720_031500Z.aif,FALSE,,audio/aiff,,16,16000,23.5,,,
86896MD01_016K_M04_multi_20180720_033000Z.aif,2018_UnivMD_Maryland_86896_Dep01_20180711,schedule,2018-07-20T03:30:00+00:00,,\\Repnas\w\projects\2018_UnivMD_Maryland_86896\86896_MD01_20180711\86896_MD01_AIFF\86896MD01_016K_M04_multi_20180720\86896MD01_016K_M04_multi_20180720_033000Z.aif,FALSE,,audio/aiff,,16,16000,23.5,,,
86896MD01_016K_M04_multi_20180720_034500Z.aif,2018_UnivMD_Maryland_86896_Dep01_20180711,schedule,2018-07-20T03:45:00+00:00,,\\Repnas\w\projects\2018_UnivMD_Maryland_86896\86896_MD01_20180711\86896_MD01_AIFF\86896MD01_016K_M04_multi_20180720\86896MD01_016K_M04_multi_20180720_034500Z.aif,FALSE,,audio/aiff,,16,16000,23.5,,,
86896MD01_016K_M04_multi_20180720_040000Z.aif,2018_UnivMD_Maryland_86896_Dep01_20180711,schedule,2018-07-20T04:00:00+00:00,,\\Repnas\w\projects\2018_UnivMD_Maryland_86896\86896_MD01_20180711\86896_MD01_AIFF\86896MD01_016K_M04_multi_20180720\86896MD01_016K_M04_multi_20180720_040000Z.aif,FALSE,,audio/aiff,,16,16000,23.5,,,
86896MD01_016K_M04_multi_20180720_041500Z.aif,2018_UnivMD_Maryland_86896_Dep01_20180711,schedule,2018-07-20T04:15:00+00:00,,\\Repnas\w\projects\2018_UnivMD_Maryland_86896\86896_MD01_20180711\86896_MD01_AIFF\86896MD01_016K_M04_multi_20180720\86896MD01_016K_M04_multi_20180720_041500Z.aif,FALSE,,audio/aiff,,16,16000,23.5,,,
86896MD01_016K_M04_multi_20180720_084500Z.aif,2018_UnivMD_Maryland_86896_Dep01_20180711,schedule,2018-07-20T08:45:00+00:00,,\\Repnas\w\projects\2018_UnivMD_Maryland_86896\86896_MD01_20180711\86896_MD01_AIFF\86896MD01_016K_M04_multi_20180720\86896MD01_016K_M04_multi_20180720_084500Z.aif,FALSE,,audio/aiff,,16,16000,23.5,,,
86896MD01_016K_M04_multi_20180720_174500Z.aif,2018_UnivMD_Maryland_86896_Dep01_20180711,schedule,2018-07-20T17:45:00+00:00,,\\Repnas\w\projects\2018_UnivMD_Maryland_86896\86896_MD01_20180711\86896_MD01_AIFF\86896MD01_016K_M04_multi_20180720\86896MD01_016K_M04_multi_20180720_174500Z.aif,FALSE,,audio/aiff,,16,16000,23.5,,,
86896MD01_016K_M04_multi_20180721_024500Z.aif,2018_UnivMD_Maryland_86896_Dep01_20180711,schedule,2018-07-21T02:45:00+00:00,,\\Repnas\w\projects\2018_UnivMD_Maryland_86896\86896_MD01_20180711\86896_MD01_AIFF\86896MD01_016K_M04_multi_20180721\86896MD01_016K_M04_multi_20180721_024500Z.aif,FALSE,,audio/aiff,,16,16000,23.5,,,
86896MD01_016K_M04_multi_20180721_134500Z.aif,2018_UnivMD_Maryland_86896_Dep01_20180711,schedule,2018-07-21T13:45:00+00:00,,\\Repnas\w\projects\2018_UnivMD_Maryland_86896\86896_MD01_20180711\86896_MD01_AIFF\86896MD01_016K_M04_multi_20180721\86896MD01_016K_M04_multi_20180721_134500Z.aif,FALSE,,audio/aiff,,16,16000,23.5,,,
86896MD01_016K_M04_multi_20180721_140000Z.aif,2018_UnivMD_Maryland_86896_Dep01_20180711,schedule,2018-07-21T14:00:00+00:00,,\\Repnas\w\projects\2018_UnivMD_Maryland_86896\86896_MD01_20180711\86896_MD01_AIFF\86896MD01_016K_M04_multi_20180721\86896MD01_016K_M04_multi_20180721_140000Z.aif,FALSE,,audio/aiff,,16,16000,23.5,,,
86896MD01_016K_M04_multi_20180721_161500Z.aif,2018_UnivMD_Maryland_86896_Dep01_20180711,schedule,2018-07-21T16:15:00+00:00,,\\Repnas\w\projects\2018_UnivMD_Maryland_86896\86896_MD01_20180711\86896_MD01_AIFF\86896MD01_016K_M04_multi_20180721\86896MD01_016K_M04_multi_20180721_161500Z.aif,FALSE,,audio/aiff,,16,16000,23.5,,,
86896MD01_016K_M04_multi_20180722_083000Z.aif,2018_UnivMD_Maryland_86896_Dep01_20180711,schedule,2018-07-22T08:30:00+00:00,,\\Repnas\w\projects\2018_UnivMD_Maryland_86896\86896_MD01_20180711\86896_MD01_AIFF\86896MD01_016K_M04_multi_20180722\86896MD01_016K_M04_multi_20180722_083000Z.aif,FALSE,,audio/aiff,,16,16000,23.5,,,
86896MD01_016K_M04_multi_20180722_110000Z.aif,2018_UnivMD_Maryland_86896_Dep01_20180711,schedule,2018-07-22T11:00:00+00:00,,\\Repnas\w\projects\2018_UnivMD_Maryland_86896\86896_MD01_20180711\86896_MD01_AIFF\86896MD01_016K_M04_multi_20180722\86896MD01_016K_M04_multi_20180722_110000Z.aif,FALSE,,audio/aiff,,16,16000,23.5,,,
86896MD01_016K_M04_multi_20180722_111500Z.aif,2018_UnivMD_Maryland_86896_Dep01_20180711,schedule,2018-07-22T11:15:00+00:00,,\\Repnas\w\projects\2018_UnivMD_Maryland_86896\86896_MD01_20180711\86896_MD01_AIFF\86896MD01_016K_M04_multi_20180722\86896MD01_016K_M04_multi_20180722_111500Z.aif,FALSE,,audio/aiff,,16,16000,23.5,,,
86896MD01_016K_M04_multi_20180722_124500Z.aif,2018_UnivMD_Maryland_86896_Dep01_20180711,schedule,2018-07-22T12:45:00+00:00,,\\Repnas\w\projects\2018_UnivMD_Maryland_86896\86896_MD01_20180711\86896_MD01_AIFF\86896MD01_016K_M04_multi_20180722\86896MD01_016K_M04_multi_20180722_124500Z.aif,FALSE,,audio/aiff,,16,16000,23.5,,,
86896MD01_016K_M04_multi_20180722_223000Z.aif,2018_UnivMD_Maryland_86896_Dep01_20180711,schedule,2018-07-22T22:30:00+00:00,,\\Repnas\w\projects\2018_UnivMD_Maryland_86896\86896_MD01_20180711\86896_MD01_AIFF\86896MD01_016K_M04_multi_20180722\86896MD01_016K_M04_multi_20180722_223000Z.aif,FALSE,,audio/aiff,,16,16000,23.5,,,
86896MD01_016K_M04_multi_20180722_231500Z.aif,2018_UnivMD_Maryland_86896_Dep01_20180711,schedule,2018-07-22T23:15:00+00:00,,\\Repnas\w\projects\2018_UnivMD_Maryland_86896\86896_MD01_20180711\86896_MD01_AIFF\86896MD01_016K_M04_multi_20180722\86896MD01_016K_M04_multi_20180722_231500Z.aif,FALSE,,audio/aiff,,16,16000,23.5,,,
86896MD01_016K_M04_multi_20180722_234500Z.aif,2018_UnivMD_Maryland_86896_Dep01_20180711,schedule,2018-07-22T23:45:00+00:00,,\\Repnas\w\projects\2018_UnivMD_Maryland_86896\86896_MD01_20180711\86896_MD01_AIFF\86896MD01_016K_M04_multi_20180722\86896MD01_016K_M04_multi_20180722_234500Z.aif,FALSE,,audio/aiff,,16,16000,23.5,,,
86896MD01_016K_M04_multi_20180723_004500Z.aif,2018_UnivMD_Maryland_86896_Dep01_20180711,schedule,2018-07-23T00:45:00+00:00,,\\Repnas\w\projects\2018_UnivMD_Maryland_86896\86896_MD01_20180711\86896_MD01_AIFF\86896MD01_016K_M04_multi_20180723\86896MD01_016K_M04_multi_20180723_004500Z.aif,FALSE,,audio/aiff,,16,16000,23.5,,,
86896MD01_016K_M04_multi_20180723_010000Z.aif,2018_UnivMD_Maryland_86896_Dep01_20180711,schedule,2018-07-23T01:00:00+00:00,,\\Repnas\w\projects\2018_UnivMD_Maryland_86896\86896_MD01_20180711\86896_MD01_AIFF\86896MD01_016K_M04_multi_20180723\86896MD01_016K_M04_multi_20180723_010000Z.aif,FALSE,,audio/aiff,,16,16000,23.5,,,
86896MD01_016K_M04_multi_20180723_011500Z.aif,2018_UnivMD_Maryland_86896_Dep01_20180711,schedule,2018-07-23T01:15:00+00:00,,\\Repnas\w\projects\2018_UnivMD_Maryland_86896\86896_MD01_20180711\86896_MD01_AIFF\86896MD01_016K_M04_multi_20180723\86896MD01_016K_M04_multi_20180723_011500Z.aif,FALSE,,audio/aiff,,16,16000,23.5,,,
86896MD01_016K_M04_multi_20180723_030000Z.aif,2018_UnivMD_Maryland_86896_Dep01_20180711,schedule,2018-07-23T03:00:00+00:00,,\\Repnas\w\projects\2018_UnivMD_Maryland_86896\86896_MD01_20180711\86896_MD01_AIFF\86896MD01_016K_M04_multi_20180723\86896MD01_016K_M04_multi_20180723_030000Z.aif,FALSE,,audio/aiff,,16,16000,23.5,,,
86896MD01_016K_M04_multi_20180723_193000Z.aif,2018_UnivMD_Maryland_86896_Dep01_20180711,schedule,2018-07-23T19:30:00+00:00,,\\Repnas\w\projects\2018_UnivMD_Maryland_86896\86896_MD01_20180711\86896_MD01_AIFF\86896MD01_016K_M04_multi_20180723\86896MD01_016K_M04_multi_20180723_193000Z.aif,FALSE,,audio/aiff,,16,16000,23.5,,,
86896MD01_016K_M04_multi_20180723_230000Z.aif,2018_UnivMD_Maryland_86896_Dep01_20180711,schedule,2018-07-23T23:00:00+00:00,,\\Repnas\w\projects\2018_UnivMD_Maryland_86896\86896_MD01_20180711\86896_MD01_AIFF\86896MD01_016K_M04_multi_20180723\86896MD01_016K_M04_multi_20180723_230000Z.aif,FALSE,,audio/aiff,,16,16000,23.5,,,
86896MD01_016K_M04_multi_20180724_000000Z.aif,2018_UnivMD_Maryland_86896_Dep01_20180711,schedule,2018-07-24T00:00:00+00:00,,\\Repnas\w\projects\2018_UnivMD_Maryland_86896\86896_MD01_20180711\86896_MD01_AIFF\86896MD01_016K_M04_multi_20180724\86896MD01_016K_M04_multi_20180724_000000Z.aif,FALSE,,audio/aiff,,16,16000,23.5,,,
86896MD01_016K_M04_multi_20180724_053000Z.aif,2018_UnivMD_Maryland_86896_Dep01_20180711,schedule,2018-07-24T05:30:00+00:00,,\\Repnas\w\projects\2018_UnivMD_Maryland_86896\86896_MD01_20180711\86896_MD01_AIFF\86896MD01_016K_M04_multi_20180724\86896MD01_016K_M04_multi_20180724_053000Z.aif,FALSE,,audio/aiff,,16,16000,23.5,,,
86896MD01_016K_M04_multi_20180724_123000Z.aif,2018_UnivMD_Maryland_86896_Dep01_20180711,schedule,2018-07-24T12:30:00+00:00,,\\Repnas\w\projects\2018_UnivMD_Maryland_86896\86896_MD01_20180711\86896_MD01_AIFF\86896MD01_016K_M04_multi_20180724\86896MD01_016K_M04_multi_20180724_123000Z.aif,FALSE,,audio/aiff,,16,16000,23.5,,,
86896MD01_016K_M04_multi_20180724_144500Z.aif,2018_UnivMD_Maryland_86896_Dep01_20180711,schedule,2018-07-24T14:45:00+00:00,,\\Repnas\w\projects\2018_UnivMD_Maryland_86896\86896_MD01_20180711\86896_MD01_AIFF\86896MD01_016K_M04_multi_20180724\86896MD01_016K_M04_multi_20180724_144500Z.aif,FALSE,,audio/aiff,,16,16000,23.5,,,
86896MD01_016K_M04_multi_20180724_180000Z.aif,2018_UnivMD_Maryland_86896_Dep01_20180711,schedule,2018-07-24T18:00:00+00:00,,\\Repnas\w\projects\2018_UnivMD_Maryland_86896\86896_MD01_20180711\86896_MD01_AIFF\86896MD01_016K_M04_multi_20180724\86896MD01_016K_M04_multi_20180724_180000Z.aif,FALSE,,audio/aiff,,16,16000,23.5,,,
86896MD01_016K_M04_multi_20180724_213000Z.aif,2018_UnivMD_Maryland_86896_Dep01_20180711,schedule,2018-07-24T21:30:00+00:00,,\\Repnas\w\projects\2018_UnivMD_Maryland_86896\86896_MD01_20180711\86896_MD01_AIFF\86896MD01_016K_M04_multi_20180724\86896MD01_016K_M04_multi_20180724_213000Z.aif,FALSE,,audio/aiff,,16,16000,23.5,,,
86896MD01_016K_M04_multi_20180724_221500Z.aif,2018_UnivMD_Maryland_86896_Dep01_20180711,schedule,2018-07-24T22:15:00+00:00,,\\Repnas\w\projects\2018_UnivMD_Maryland_86896\86896_MD01_20180711\86896_MD01_AIFF\86896MD01_016K_M04_multi_20180724\86896MD01_016K_M04_multi_20180724_221500Z.aif,FALSE,,audio/aiff,,16,16000,23.5,,,
86896MD01_016K_M04_multi_20180725_020000Z.aif,2018_UnivMD_Maryland_86896_Dep01_20180711,schedule,2018-07-25T02:00:00+00:00,,\\Repnas\w\projects\2018_UnivMD_Maryland_86896\86896_MD01_20180711\86896_MD01_AIFF\86896MD01_016K_M04_multi_20180725\86896MD01_016K_M04_multi_20180725_020000Z.aif,FALSE,,audio/aiff,,16,16000,23.5,,,
86896MD01_016K_M04_multi_20180725_031500Z.aif,2018_UnivMD_Maryland_86896_Dep01_20180711,schedule,2018-07-25T03:15:00+00:00,,\\Repnas\w\projects\2018_UnivMD_Maryland_86896\86896_MD01_20180711\86896_MD01_AIFF\86896MD01_016K_M04_multi_20180725\86896MD01_016K_M04_multi_20180725_031500Z.aif,FALSE,,audio/aiff,,16,16000,23.5,,,
86896MD01_016K_M04_multi_20180725_041500Z.aif,2018_UnivMD_Maryland_86896_Dep01_20180711,schedule,2018-07-25T04:15:00+00:00,,\\Repnas\w\projects\2018_UnivMD_Maryland_86896\86896_MD01_20180711\86896_MD01_AIFF\86896MD01_016K_M04_multi_20180725\86896MD01_016K_M04_multi_20180725_041500Z.aif,FALSE,,audio/aiff,,16,16000,23.5,,,
86896MD01_016K_M04_multi_20180725_044500Z.aif,2018_UnivMD_Maryland_86896_Dep01_20180711,schedule,2018-07-25T04:45:00+00:00,,\\Repnas\w\projects\2018_UnivMD_Maryland_86896\86896_MD01_20180711\86896_MD01_AIFF\86896MD01_016K_M04_multi_20180725\86896MD01_016K_M04_multi_20180725_044500Z.aif,FALSE,,audio/aiff,,16,16000,23.5,,,
86896MD01_016K_M04_multi_20180725_050000Z.aif,2018_UnivMD_Maryland_86896_Dep01_20180711,schedule,2018-07-25T05:00:00+00:00,,\\Repnas\w\projects\2018_UnivMD_Maryland_86896\86896_MD01_20180711\86896_MD01_AIFF\86896MD01_016K_M04_multi_20180725\86896MD01_016K_M04_multi_20180725_050000Z.aif,FALSE,,audio/aiff,,16,16000,23.5,,,
86896MD01_016K_M04_multi_20180725_061500Z.aif,2018_UnivMD_Maryland_86896_Dep01_20180711,schedule,2018-07-25T06:15:00+00:00,,\\Repnas\w\projects\2018_UnivMD_Maryland_86896\86896_MD01_20180711\86896_MD01_AIFF\86896MD01_016K_M04_multi_20180725\86896MD01_016K_M04_multi_20180725_061500Z.aif,FALSE,,audio/aiff,,16,16000,23.5,,,
86896MD01_016K_M04_multi_20180725_081500Z.aif,2018_UnivMD_Maryland_86896_Dep01_20180711,schedule,2018-07-25T08:15:00+00:00,,\\Repnas\w\projects\2018_UnivMD_Maryland_86896\86896_MD01_20180711\86896_MD01_AIFF\86896MD01_016K_M04_multi_20180725\86896MD01_016K_M04_multi_20180725_081500Z.aif,FALSE,,audio/aiff,,16,16000,23.5,,,
86896MD01_016K_M04_multi_20180725_084500Z.aif,2018_UnivMD_Maryland_86896_Dep01_20180711,schedule,2018-07-25T08:45:00+00:00,,\\Repnas\w\projects\2018_UnivMD_Maryland_86896\86896_MD01_20180711\86896_MD01_AIFF\86896MD01_016K_M04_multi_20180725\86896MD01_016K_M04_multi_20180725_084500Z.aif,FALSE,,audio/aiff,,16,16000,23.5,,,
86896MD01_016K_M04_multi_20180725_141500Z.aif,2018_UnivMD_Maryland_86896_Dep01_20180711,schedule,2018-07-25T14:15:00+00:00,,\\Repnas\w\projects\2018_UnivMD_Maryland_86896\86896_MD01_20180711\86896_MD01_AIFF\86896MD01_016K_M04_multi_20180725\86896MD01_016K_M04_multi_20180725_141500Z.aif,FALSE,,audio/aiff,,16,16000,23.5,,,
86896MD01_016K_M04_multi_20180725_190000Z.aif,2018_UnivMD_Maryland_86896_Dep01_20180711,schedule,2018-07-25T19:00:00+00:00,,\\Repnas\w\projects\2018_UnivMD_Maryland_86896\86896_MD01_20180711\86896_MD01_AIFF\86896MD01_016K_M04_multi_20180725\86896MD01_016K_M04_multi_20180725_190000Z.aif,FALSE,,audio/aiff,,16,16000,23.5,,,
86896MD01_016K_M04_multi_20180726_024500Z.aif,2018_UnivMD_Maryland_86896_Dep01_20180711,schedule,2018-07-26T02:45:00+00:00,,\\Repnas\w\projects\2018_UnivMD_Maryland_86896\86896_MD01_20180711\86896_MD01_AIFF\86896MD01_016K_M04_multi_20180726\86896MD01_016K_M04_multi_20180726_024500Z.aif,FALSE,,audio/aiff,,16,16000,23.5,,,
86896MD01_016K_M04_multi_20180726_060000Z.aif,2018_UnivMD_Maryland_86896_Dep01_20180711,schedule,2018-07-26T06:00:00+00:00,,\\Repnas\w\projects\2018_UnivMD_Maryland_86896\86896_MD01_20180711\86896_MD01_AIFF\86896MD01_016K_M04_multi_20180726\86896MD01_016K_M04_multi_20180726_060000Z.aif,FALSE,,audio/aiff,,16,16000,23.5,,,
86896MD01_016K_M04_multi_20180726_064500Z.aif,2018_UnivMD_Maryland_86896_Dep01_20180711,schedule,2018-07-26T06:45:00+00:00,,\\Repnas\w\projects\2018_UnivMD_Maryland_86896\86896_MD01_20180711\86896_MD01_AIFF\86896MD01_016K_M04_multi_20180726\86896MD01_016K_M04_multi_20180726_064500Z.aif,FALSE,,audio/aiff,,16,16000,23.5,,,
86896MD01_016K_M04_multi_20180726_071500Z.aif,2018_UnivMD_Maryland_86896_Dep01_20180711,schedule,2018-07-26T07:15:00+00:00,,\\Repnas\w\projects\2018_UnivMD_Maryland_86896\86896_MD01_20180711\86896_MD01_AIFF\86896MD01_016K_M04_multi_20180726\86896MD01_016K_M04_multi_20180726_071500Z.aif,FALSE,,audio/aiff,,16,16000,23.5,,,
86896MD01_016K_M04_multi_20180726_073000Z.aif,2018_UnivMD_Maryland_86896_Dep01_20180711,schedule,2018-07-26T07:30:00+00:00,,\\Repnas\w\projects\2018_UnivMD_Maryland_86896\86896_MD01_20180711\86896_MD01_AIFF\86896MD01_016K_M04_multi_20180726\86896MD01_016K_M04_multi_20180726_073000Z.aif,FALSE,,audio/aiff,,16,16000,23.5,,,
86896MD01_016K_M04_multi_20180726_091500Z.aif,2018_UnivMD_Maryland_86896_Dep01_20180711,schedule,2018-07-26T09:15:00+00:00,,\\Repnas\w\projects\2018_UnivMD_Maryland_86896\86896_MD01_20180711\86896_MD01_AIFF\86896MD01_016K_M04_multi_20180726\86896MD01_016K_M04_multi_20180726_091500Z.aif,FALSE,,audio/aiff,,16,16000,23.5,,,
86896MD01_016K_M04_multi_20180727_023000Z.aif,2018_UnivMD_Maryland_86896_Dep01_20180711,schedule,2018-07-27T02:30:00+00:00,,\\Repnas\w\projects\2018_UnivMD_Maryland_86896\86896_MD01_20180711\86896_MD01_AIFF\86896MD01_016K_M04_multi_20180727\86896MD01_016K_M04_multi_20180727_023000Z.aif,FALSE,,audio/aiff,,16,16000,23.5,,,
86896MD01_016K_M04_multi_20180727_044500Z.aif,2018_UnivMD_Maryland_86896_Dep01_20180711,schedule,2018-07-27T04:45:00+00:00,,\\Repnas\w\projects\2018_UnivMD_Maryland_86896\86896_MD01_20180711\86896_MD01_AIFF\86896MD01_016K_M04_multi_20180727\86896MD01_016K_M04_multi_20180727_044500Z.aif,FALSE,,audio/aiff,,16,16000,23.5,,,
86896MD01_016K_M04_multi_20180727_050000Z.aif,2018_UnivMD_Maryland_86896_Dep01_20180711,schedule,2018-07-27T05:00:00+00:00,,\\Repnas\w\projects\2018_UnivMD_Maryland_86896\86896_MD01_20180711\86896_MD01_AIFF\86896MD01_016K_M04_multi_20180727\86896MD01_016K_M04_multi_20180727_050000Z.aif,FALSE,,audio/aiff,,16,16000,23.5,,,
86896MD01_016K_M04_multi_20180727_183000Z.aif,2018_UnivMD_Maryland_86896_Dep01_20180711,schedule,2018-07-27T18:30:00+00:00,,\\Repnas\w\projects\2018_UnivMD_Maryland_86896\86896_MD01_20180711\86896_MD01_AIFF\86896MD01_016K_M04_multi_20180727\86896MD01_016K_M04_multi_20180727_183000Z.aif,FALSE,,audio/aiff,,16,16000,23.5,,,
86896MD01_016K_M04_multi_20180727_191500Z.aif,2018_UnivMD_Maryland_86896_Dep01_20180711,schedule,2018-07-27T19:15:00+00:00,,\\Repnas\w\projects\2018_UnivMD_Maryland_86896\86896_MD01_20180711\86896_MD01_AIFF\86896MD01_016K_M04_multi_20180727\86896MD01_016K_M04_multi_20180727_191500Z.aif,FALSE,,audio/aiff,,16,16000,23.5,,,
86896MD01_016K_M04_multi_20180727_221500Z.aif,2018_UnivMD_Maryland_86896_Dep01_20180711,schedule,2018-07-27T22:15:00+00:00,,\\Repnas\w\projects\2018_UnivMD_Maryland_86896\86896_MD01_20180711\86896_MD01_AIFF\86896MD01_016K_M04_multi_20180727\86896MD01_016K_M04_multi_20180727_221500Z.aif,FALSE,,audio/aiff,,16,16000,23.5,,,
86896MD01_016K_M04_multi_20180727_223000Z.aif,2018_UnivMD_Maryland_86896_Dep01_20180711,schedule,2018-07-27T22:30:00+00:00,,\\Repnas\w\projects\2018_UnivMD_Maryland_86896\86896_MD01_20180711\86896_MD01_AIFF\86896MD01_016K_M04_multi_20180727\86896MD01_016K_M04_multi_20180727_223000Z.aif,FALSE,,audio/aiff,,16,16000,23.5,,,
86896MD01_016K_M04_multi_20180727_224500Z.aif,2018_UnivMD_Maryland_86896_Dep01_20180711,schedule,2018-07-27T22:45:00+00:00,,\\Repnas\w\projects\2018_UnivMD_Maryland_86896\86896_MD01_20180711\86896_MD01_AIFF\86896MD01_016K_M04_multi_20180727\86896MD01_016K_M04_multi_20180727_224500Z.aif,FALSE,,audio/aiff,,16,16000,23.5,,,
86896MD01_016K_M04_multi_20180729_070000Z.aif,2018_UnivMD_Maryland_86896_Dep01_20180711,schedule,2018-07-29T07:00:00+00:00,,\\Repnas\w\projects\2018_UnivMD_Maryland_86896\86896_MD01_20180711\86896_MD01_AIFF\86896MD01_016K_M04_multi_20180729\86896MD01_016K_M04_multi_20180729_070000Z.aif,FALSE,,audio/aiff,,16,16000,23.5,,,
86896MD01_016K_M04_multi_20180729_090000Z.aif,2018_UnivMD_Maryland_86896_Dep01_20180711,schedule,2018-07-29T09:00:00+00:00,,\\Repnas\w\projects\2018_UnivMD_Maryland_86896\86896_MD01_20180711\86896_MD01_AIFF\86896MD01_016K_M04_multi_20180729\86896MD01_016K_M04_multi_20180729_090000Z.aif,FALSE,,audio/aiff,,16,16000,23.5,,,
86896MD01_016K_M04_multi_20180730_131500Z.aif,2018_UnivMD_Maryland_86896_Dep01_20180711,schedule,2018-07-30T13:15:00+00:00,,\\Repnas\w\projects\2018_UnivMD_Maryland_86896\86896_MD01_20180711\86896_MD01_AIFF\86896MD01_016K_M04_multi_20180730\86896MD01_016K_M04_multi_20180730_131500Z.aif,FALSE,,audio/aiff,,16,16000,23.5,,,
86896MD01_016K_M04_multi_20180730_194500Z.aif,2018_UnivMD_Maryland_86896_Dep01_20180711,schedule,2018-07-30T19:45:00+00:00,,\\Repnas\w\projects\2018_UnivMD_Maryland_86896\86896_MD01_20180711\86896_MD01_AIFF\86896MD01_016K_M04_multi_20180730\86896MD01_016K_M04_multi_20180730_194500Z.aif,FALSE,,audio/aiff,,16,16000,23.5,,,
86896MD01_016K_M04_multi_20180730_234500Z.aif,2018_UnivMD_Maryland_86896_Dep01_20180711,schedule,2018-07-30T23:45:00+00:00,,\\Repnas\w\projects\2018_UnivMD_Maryland_86896\86896_MD01_20180711\86896_MD01_AIFF\86896MD01_016K_M04_multi_20180730\86896MD01_016K_M04_multi_20180730_234500Z.aif,FALSE,,audio/aiff,,16,16000,23.5,,,
86896MD01_016K_M04_multi_20180731_124500Z.aif,2018_UnivMD_Maryland_86896_Dep01_20180711,schedule,2018-07-31T12:45:00+00:00,,\\Repnas\w\projects\2018_UnivMD_Maryland_86896\86896_MD01_20180711\86896_MD01_AIFF\86896MD01_016K_M04_multi_20180731\86896MD01_016K_M04_multi_20180731_124500Z.aif,FALSE,,audio/aiff,,16,16000,23.5,,,
86896MD01_016K_M04_multi_20180731_204500Z.aif,2018_UnivMD_Maryland_86896_Dep01_20180711,schedule,2018-07-31T20:45:00+00:00,,\\Repnas\w\projects\2018_UnivMD_Maryland_86896\86896_MD01_20180711\86896_MD01_AIFF\86896MD01_016K_M04_multi_20180731\86896MD01_016K_M04_multi_20180731_204500Z.aif,FALSE,,audio/aiff,,16,16000,23.5,,,
86896MD01_016K_M04_multi_20180731_210000Z.aif,2018_UnivMD_Maryland_86896_Dep01_20180711,schedule,2018-07-31T21:00:00+00:00,,\\Repnas\w\projects\2018_UnivMD_Maryland_86896\86896_MD01_20180711\86896_MD01_AIFF\86896MD01_016K_M04_multi_20180731\86896MD01_016K_M04_multi_20180731_210000Z.aif,FALSE,,audio/aiff,,16,16000,23.5,,,
86896MD01_016K_M04_multi_20180731_211500Z.aif,2018_UnivMD_Maryland_86896_Dep01_20180711,schedule,2018-07-31T21:15:00+00:00,,\\Repnas\w\projects\2018_UnivMD_Maryland_86896\86896_MD01_20180711\86896_MD01_AIFF\86896MD01_016K_M04_multi_20180731\86896MD01_016K_M04_multi_20180731_211500Z.aif,FALSE,,audio/aiff,,16,16000,23.5,,,
86896MD01_016K_M04_multi_20180801_014500Z.aif,2018_UnivMD_Maryland_86896_Dep01_20180711,schedule,2018-08-01T01:45:00+00:00,,\\Repnas\w\projects\2018_UnivMD_Maryland_86896\86896_MD01_20180711\86896_MD01_AIFF\86896MD01_016K_M04_multi_20180801\86896MD01_016K_M04_multi_20180801_014500Z.aif,FALSE,,audio/aiff,,16,16000,23.5,,,
86896MD01_016K_M04_multi_20180801_033000Z.aif,2018_UnivMD_Maryland_86896_Dep01_20180711,schedule,2018-08-01T03:30:00+00:00,,\\Repnas\w\projects\2018_UnivMD_Maryland_86896\86896_MD01_20180711\86896_MD01_AIFF\86896MD01_016K_M04_multi_20180801\86896MD01_016K_M04_multi_20180801_033000Z.aif,FALSE,,audio/aiff,,16,16000,23.5,,,
86896MD01_016K_M04_multi_20180801_034500Z.aif,2018_UnivMD_Maryland_86896_Dep01_20180711,schedule,2018-08-01T03:45:00+00:00,,\\Repnas\w\projects\2018_UnivMD_Maryland_86896\86896_MD01_20180711\86896_MD01_AIFF\86896MD01_016K_M04_multi_20180801\86896MD01_016K_M04_multi_20180801_034500Z.aif,FALSE,,audio/aiff,,16,16000,23.5,,,
86896MD01_016K_M04_multi_20180801_084500Z.aif,2018_UnivMD_Maryland_86896_Dep01_20180711,schedule,2018-08-01T08:45:00+00:00,,\\Repnas\w\projects\2018_UnivMD_Maryland_86896\86896_MD01_20180711\86896_MD01_AIFF\86896MD01_016K_M04_multi_20180801\86896MD01_016K_M04_multi_20180801_084500Z.aif,FALSE,,audio/aiff,,16,16000,23.5,,,
86896MD01_016K_M04_multi_20180801_114500Z.aif,2018_UnivMD_Maryland_86896_Dep01_20180711,schedule,2018-08-01T11:45:00+00:00,,\\Repnas\w\projects\2018_UnivMD_Maryland_86896\86896_MD01_20180711\86896_MD01_AIFF\86896MD01_016K_M04_multi_20180801\86896MD01_016K_M04_multi_20180801_114500Z.aif,FALSE,,audio/aiff,,16,16000,23.5,,,
86896MD01_016K_M04_multi_20180801_153000Z.aif,2018_UnivMD_Maryland_86896_Dep01_20180711,schedule,2018-08-01T15:30:00+00:00,,\\Repnas\w\projects\2018_UnivMD_Maryland_86896\86896_MD01_20180711\86896_MD01_AIFF\86896MD01_016K_M04_multi_20180801\86896MD01_016K_M04_multi_20180801_153000Z.aif,FALSE,,audio/aiff,,16,16000,23.5,,,
86896MD01_016K_M04_multi_20180801_203000Z.aif,2018_UnivMD_Maryland_86896_Dep01_20180711,schedule,2018-08-01T20:30:00+00:00,,\\Repnas\w\projects\2018_UnivMD_Maryland_86896\86896_MD01_20180711\86896_MD01_AIFF\86896MD01_016K_M04_multi_20180801\86896MD01_016K_M04_multi_20180801_203000Z.aif,FALSE,,audio/aiff,,16,16000,23.5,,,
86896MD01_016K_M04_multi_20180802_033000Z.aif,2018_UnivMD_Maryland_86896_Dep01_20180711,schedule,2018-08-02T03:30:00+00:00,,\\Repnas\w\projects\2018_UnivMD_Maryland_86896\86896_MD01_20180711\86896_MD01_AIFF\86896MD01_016K_M04_multi_20180802\86896MD01_016K_M04_multi_20180802_033000Z.aif,FALSE,,audio/aiff,,16,16000,23.5,,,
86896MD01_016K_M04_multi_20180802_064500Z.aif,2018_UnivMD_Maryland_86896_Dep01_20180711,schedule,2018-08-02T06:45:00+00:00,,\\Repnas\w\projects\2018_UnivMD_Maryland_86896\86896_MD01_20180711\86896_MD01_AIFF\86896MD01_016K_M04_multi_20180802\86896MD01_016K_M04_multi_20180802_064500Z.aif,FALSE,,audio/aiff,,16,16000,23.5,,,
86896MD01_016K_M04_multi_20180802_210000Z.aif,2018_UnivMD_Maryland_86896_Dep01_20180711,schedule,2018-08-02T21:00:00+00:00,,\\Repnas\w\projects\2018_UnivMD_Maryland_86896\86896_MD01_20180711\86896_MD01_AIFF\86896MD01_016K_M04_multi_20180802\86896MD01_016K_M04_multi_20180802_210000Z.aif,FALSE,,audio/aiff,,16,16000,23.5,,,
86896MD01_016K_M04_multi_20180802_213000Z.aif,2018_UnivMD_Maryland_86896_Dep01_20180711,schedule,2018-08-02T21:30:00+00:00,,\\Repnas\w\projects\2018_UnivMD_Maryland_86896\86896_MD01_20180711\86896_MD01_AIFF\86896MD01_016K_M04_multi_20180802\86896MD01_016K_M04_multi_20180802_213000Z.aif,FALSE,,audio/aiff,,16,16000,23.5,,,
86896MD01_016K_M04_multi_20180803_083000Z.aif,2018_UnivMD_Maryland_86896_Dep01_20180711,schedule,2018-08-03T08:30:00+00:00,,\\Repnas\w\projects\2018_UnivMD_Maryland_86896\86896_MD01_20180711\86896_MD01_AIFF\86896MD01_016K_M04_multi_20180803\86896MD01_016K_M04_multi_20180803_083000Z.aif,FALSE,,audio/aiff,,16,16000,23.5,,,
86896MD01_016K_M04_multi_20180803_174500Z.aif,2018_UnivMD_Maryland_86896_Dep01_20180711,schedule,2018-08-03T17:45:00+00:00,,\\Repnas\w\projects\2018_UnivMD_Maryland_86896\86896_MD01_20180711\86896_MD01_AIFF\86896MD01_016K_M04_multi_20180803\86896MD01_016K_M04_multi_20180803_174500Z.aif,FALSE,,audio/aiff,,16,16000,23.5,,,
86896MD01_016K_M04_multi_20180804_060000Z.aif,2018_UnivMD_Maryland_86896_Dep01_20180711,schedule,2018-08-04T06:00:00+00:00,,\\Repnas\w\projects\2018_UnivMD_Maryland_86896\86896_MD01_20180711\86896_MD01_AIFF\86896MD01_016K_M04_multi_20180804\86896MD01_016K_M04_multi_20180804_060000Z.aif,FALSE,,audio/aiff,,16,16000,23.5,,,
86896MD01_016K_M04_multi_20180804_163000Z.aif,2018_UnivMD_Maryland_86896_Dep01_20180711,schedule,2018-08-04T16:30:00+00:00,,\\Repnas\w\projects\2018_UnivMD_Maryland_86896\86896_MD01_20180711\86896_MD01_AIFF\86896MD01_016K_M04_multi_20180804\86896MD01_016K_M04_multi_20180804_163000Z.aif,FALSE,,audio/aiff,,16,16000,23.5,,,
86896MD01_016K_M04_multi_20180805_004500Z.aif,2018_UnivMD_Maryland_86896_Dep01_20180711,schedule,2018-08-05T00:45:00+00:00,,\\Repnas\w\projects\2018_UnivMD_Maryland_86896\86896_MD01_20180711\86896_MD01_AIFF\86896MD01_016K_M04_multi_20180805\86896MD01_016K_M04_multi_20180805_004500Z.aif,FALSE,,audio/aiff,,16,16000,23.5,,,
86896MD01_016K_M04_multi_20180805_070000Z.aif,2018_UnivMD_Maryland_86896_Dep01_20180711,schedule,2018-08-05T07:00:00+00:00,,\\Repnas\w\projects\2018_UnivMD_Maryland_86896\86896_MD01_20180711\86896_MD01_AIFF\86896MD01_016K_M04_multi_20180805\86896MD01_016K_M04_multi_20180805_070000Z.aif,FALSE,,audio/aiff,,16,16000,23.5,,,
86896MD01_016K_M04_multi_20180805_071500Z.aif,2018_UnivMD_Maryland_86896_Dep01_20180711,schedule,2018-08-05T07:15:00+00:00,,\\Repnas\w\projects\2018_UnivMD_Maryland_86896\86896_MD01_20180711\86896_MD01_AIFF\86896MD01_016K_M04_multi_20180805\86896MD01_016K_M04_multi_20180805_071500Z.aif,FALSE,,audio/aiff,,16,16000,23.5,,,
86896MD01_016K_M04_multi_20180806_080000Z.aif,2018_UnivMD_Maryland_86896_Dep01_20180711,schedule,2018-08-06T08:00:00+00:00,,\\Repnas\w\projects\2018_UnivMD_Maryland_86896\86896_MD01_20180711\86896_MD01_AIFF\86896MD01_016K_M04_multi_20180806\86896MD01_016K_M04_multi_20180806_080000Z.aif,FALSE,,audio/aiff,,16,16000,23.5,,,
86896MD01_016K_M04_multi_20180807_140000Z.aif,2018_UnivMD_Maryland_86896_Dep01_20180711,schedule,2018-08-07T14:00:00+00:00,,\\Repnas\w\projects\2018_UnivMD_Maryland_86896\86896_MD01_20180711\86896_MD01_AIFF\86896MD01_016K_M04_multi_20180807\86896MD01_016K_M04_multi_20180807_140000Z.aif,FALSE,,audio/aiff,,16,16000,23.5,,,
86896MD01_016K_M04_multi_20180807_151500Z.aif,2018_UnivMD_Maryland_86896_Dep01_20180711,schedule,2018-08-07T15:15:00+00:00,,\\Repnas\w\projects\2018_UnivMD_Maryland_86896\86896_MD01_20180711\86896_MD01_AIFF\86896MD01_016K_M04_multi_20180807\86896MD01_016K_M04_multi_20180807_151500Z.aif,FALSE,,audio/aiff,,16,16000,23.5,,,
86896MD01_016K_M04_multi_20180807_183000Z.aif,2018_UnivMD_Maryland_86896_Dep01_20180711,schedule,2018-08-07T18:30:00+00:00,,\\Repnas\w\projects\2018_UnivMD_Maryland_86896\86896_MD01_20180711\86896_MD01_AIFF\86896MD01_016K_M04_multi_20180807\86896MD01_016K_M04_multi_20180807_183000Z.aif,FALSE,,audio/aiff,,16,16000,23.5,,,
86896MD01_016K_M04_multi_20180807_214500Z.aif,2018_UnivMD_Maryland_86896_Dep01_20180711,schedule,2018-08-07T21:45:00+00:00,,\\Repnas\w\projects\2018_UnivMD_Maryland_86896\86896_MD01_20180711\86896_MD01_AIFF\86896MD01_016K_M04_multi_20180807\86896MD01_016K_M04_multi_20180807_214500Z.aif,FALSE,,audio/aiff,,16,16000,23.5,,,
86896MD01_016K_M04_multi_20180808_103000Z.aif,2018_UnivMD_Maryland_86896_Dep01_20180711,schedule,2018-08-08T10:30:00+00:00,,\\Repnas\w\projects\2018_UnivMD_Maryland_86896\86896_MD01_20180711\86896_MD01_AIFF\86896MD01_016K_M04_multi_20180808\86896MD01_016K_M04_multi_20180808_103000Z.aif,FALSE,,audio/aiff,,16,16000,23.5,,,
86896MD01_016K_M04_multi_20180808_140000Z.aif,2018_UnivMD_Maryland_86896_Dep01_20180711,schedule,2018-08-08T14:00:00+00:00,,\\Repnas\w\projects\2018_UnivMD_Maryland_86896\86896_MD01_20180711\86896_MD01_AIFF\86896MD01_016K_M04_multi_20180808\86896MD01_016K_M04_multi_20180808_140000Z.aif,FALSE,,audio/aiff,,16,16000,23.5,,,
86896MD01_016K_M04_multi_20180808_141500Z.aif,2018_UnivMD_Maryland_86896_Dep01_20180711,schedule,2018-08-08T14:15:00+00:00,,\\Repnas\w\projects\2018_UnivMD_Maryland_86896\86896_MD01_20180711\86896_MD01_AIFF\86896MD01_016K_M04_multi_20180808\86896MD01_016K_M04_multi_20180808_141500Z.aif,FALSE,,audio/aiff,,16,16000,23.5,,,
86896MD01_016K_M04_multi_20180808_143000Z.aif,2018_UnivMD_Maryland_86896_Dep01_20180711,schedule,2018-08-08T14:30:00+00:00,,\\Repnas\w\projects\2018_UnivMD_Maryland_86896\86896_MD01_20180711\86896_MD01_AIFF\86896MD01_016K_M04_multi_20180808\86896MD01_016K_M04_multi_20180808_143000Z.aif,FALSE,,audio/aiff,,16,16000,23.5,,,
86896MD01_016K_M04_multi_20180808_210000Z.aif,2018_UnivMD_Maryland_86896_Dep01_20180711,schedule,2018-08-08T21:00:00+00:00,,\\Repnas\w\projects\2018_UnivMD_Maryland_86896\86896_MD01_20180711\86896_MD01_AIFF\86896MD01_016K_M04_multi_20180808\86896MD01_016K_M04_multi_20180808_210000Z.aif,FALSE,,audio/aiff,,16,16000,23.5,,,
86896MD01_016K_M04_multi_20180808_224500Z.aif,2018_UnivMD_Maryland_86896_Dep01_20180711,schedule,2018-08-08T22:45:00+00:00,,\\Repnas\w\projects\2018_UnivMD_Maryland_86896\86896_MD01_20180711\86896_MD01_AIFF\86896MD01_016K_M04_multi_20180808\86896MD01_016K_M04_multi_20180808_224500Z.aif,FALSE,,audio/aiff,,16,16000,23.5,,,
86896MD01_016K_M04_multi_20180808_230000Z.aif,2018_UnivMD_Maryland_86896_Dep01_20180711,schedule,2018-08-08T23:00:00+00:00,,\\Repnas\w\projects\2018_UnivMD_Maryland_86896\86896_MD01_20180711\86896_MD01_AIFF\86896MD01_016K_M04_multi_20180808\86896MD01_016K_M04_multi_20180808_230000Z.aif,FALSE,,audio/aiff,,16,16000,23.5,,,
86896MD01_016K_M04_multi_20180808_231500Z.aif,2018_UnivMD_Maryland_86896_Dep01_20180711,schedule,2018-08-08T23:15:00+00:00,,\\Repnas\w\projects\2018_UnivMD_Maryland_86896\86896_MD01_20180711\86896_MD01_AIFF\86896MD01_016K_M04_multi_20180808\86896MD01_016K_M04_multi_20180808_231500Z.aif,FALSE,,audio/aiff,,16,16000,23.5,,,
86896MD01_016K_M04_multi_20180808_233000Z.aif,2018_UnivMD_Maryland_86896_Dep01_20180711,schedule,2018-08-08T23:30:00+00:00,,\\Repnas\w\projects\2018_UnivMD_Maryland_86896\86896_MD01_20180711\86896_MD01_AIFF\86896MD01_016K_M04_multi_20180808\86896MD01_016K_M04_multi_20180808_233000Z.aif,FALSE,,audio/aiff,,16,16000,23.5,,,
86896MD01_016K_M04_multi_20180808_234500Z.aif,2018_UnivMD_Maryland_86896_Dep01_20180711,schedule,2018-08-08T23:45:00+00:00,,\\Repnas\w\projects\2018_UnivMD_Maryland_86896\86896_MD01_20180711\86896_MD01_AIFF\86896MD01_016K_M04_multi_20180808\86896MD01_016K_M04_multi_20180808_234500Z.aif,FALSE,,audio/aiff,,16,16000,23.5,,,
86896MD01_016K_M04_multi_20180809_000000Z.aif,2018_UnivMD_Maryland_86896_Dep01_20180711,schedule,2018-08-09T00:00:00+00:00,,\\Repnas\w\projects\2018_UnivMD_Maryland_86896\86896_MD01_20180711\86896_MD01_AIFF\86896MD01_016K_M04_multi_20180809\86896MD01_016K_M04_multi_20180809_000000Z.aif,FALSE,,audio/aiff,,16,16000,23.5,,,
86896MD01_016K_M04_multi_20180809_001500Z.aif,2018_UnivMD_Maryland_86896_Dep01_20180711,schedule,2018-08-09T00:15:00+00:00,,\\Repnas\w\projects\2018_UnivMD_Maryland_86896\86896_MD01_20180711\86896_MD01_AIFF\86896MD01_016K_M04_multi_20180809\86896MD01_016K_M04_multi_20180809_001500Z.aif,FALSE,,audio/aiff,,16,16000,23.5,,,
86896MD01_016K_M04_multi_20180809_121500Z.aif,2018_UnivMD_Maryland_86896_Dep01_20180711,schedule,2018-08-09T12:15:00+00:00,,\\Repnas\w\projects\2018_UnivMD_Maryland_86896\86896_MD01_20180711\86896_MD01_AIFF\86896MD01_016K_M04_multi_20180809\86896MD01_016K_M04_multi_20180809_121500Z.aif,FALSE,,audio/aiff,,16,16000,23.5,,,
86896MD01_016K_M04_multi_20180809_204500Z.aif,2018_UnivMD_Maryland_86896_Dep01_20180711,schedule,2018-08-09T20:45:00+00:00,,\\Repnas\w\projects\2018_UnivMD_Maryland_86896\86896_MD01_20180711\86896_MD01_AIFF\86896MD01_016K_M04_multi_20180809\86896MD01_016K_M04_multi_20180809_204500Z.aif,FALSE,,audio/aiff,,16,16000,23.5,,,
86896MD01_016K_M04_multi_20180809_230000Z.aif,2018_UnivMD_Maryland_86896_Dep01_20180711,schedule,2018-08-09T23:00:00+00:00,,\\Repnas\w\projects\2018_UnivMD_Maryland_86896\86896_MD01_20180711\86896_MD01_AIFF\86896MD01_016K_M04_multi_20180809\86896MD01_016K_M04_multi_20180809_230000Z.aif,FALSE,,audio/aiff,,16,16000,23.5,,,
86896MD01_016K_M04_multi_20180809_233000Z.aif,2018_UnivMD_Maryland_86896_Dep01_20180711,schedule,2018-08-09T23:30:00+00:00,,\\Repnas\w\projects\2018_UnivMD_Maryland_86896\86896_MD01_20180711\86896_MD01_AIFF\86896MD01_016K_M04_multi_20180809\86896MD01_016K_M04_multi_20180809_233000Z.aif,FALSE,,audio/aiff,,16,16000,23.5,,,
86896MD01_016K_M04_multi_20180810_100000Z.aif,2018_UnivMD_Maryland_86896_Dep01_20180711,schedule,2018-08-10T10:00:00+00:00,,\\Repnas\w\projects\2018_UnivMD_Maryland_86896\86896_MD01_20180711\86896_MD01_AIFF\86896MD01_016K_M04_multi_20180810\86896MD01_016K_M04_multi_20180810_100000Z.aif,FALSE,,audio/aiff,,16,16000,23.5,,,
86896MD01_016K_M04_multi_20180811_000000Z.aif,2018_UnivMD_Maryland_86896_Dep01_20180711,schedule,2018-08-11T00:00:00+00:00,,\\Repnas\w\projects\2018_UnivMD_Maryland_86896\86896_MD01_20180711\86896_MD01_AIFF\86896MD01_016K_M04_multi_20180811\86896MD01_016K_M04_multi_20180811_000000Z.aif,FALSE,,audio/aiff,,16,16000,23.5,,,
86896MD01_016K_M04_multi_20180811_234500Z.aif,2018_UnivMD_Maryland_86896_Dep01_20180711,schedule,2018-08-11T23:45:00+00:00,,\\Repnas\w\projects\2018_UnivMD_Maryland_86896\86896_MD01_20180711\86896_MD01_AIFF\86896MD01_016K_M04_multi_20180811\86896MD01_016K_M04_multi_20180811_234500Z.aif,FALSE,,audio/aiff,,16,16000,23.5,,,
86896MD01_016K_M04_multi_20180812_091500Z.aif,2018_UnivMD_Maryland_86896_Dep01_20180711,schedule,2018-08-12T09:15:00+00:00,,\\Repnas\w\projects\2018_UnivMD_Maryland_86896\86896_MD01_20180711\86896_MD01_AIFF\86896MD01_016K_M04_multi_20180812\86896MD01_016K_M04_multi_20180812_091500Z.aif,FALSE,,audio/aiff,,16,16000,23.5,,,
86896MD01_016K_M04_multi_20180812_104500Z.aif,2018_UnivMD_Maryland_86896_Dep01_20180711,schedule,2018-08-12T10:45:00+00:00,,\\Repnas\w\projects\2018_UnivMD_Maryland_86896\86896_MD01_20180711\86896_MD01_AIFF\86896MD01_016K_M04_multi_20180812\86896MD01_016K_M04_multi_20180812_104500Z.aif,FALSE,,audio/aiff,,16,16000,23.5,,,
86896MD01_016K_M04_multi_20180812_124500Z.aif,2018_UnivMD_Maryland_86896_Dep01_20180711,schedule,2018-08-12T12:45:00+00:00,,\\Repnas\w\projects\2018_UnivMD_Maryland_86896\86896_MD01_20180711\86896_MD01_AIFF\86896MD01_016K_M04_multi_20180812\86896MD01_016K_M04_multi_20180812_124500Z.aif,FALSE,,audio/aiff,,16,16000,23.5,,,
86896MD01_016K_M04_multi_20180812_134500Z.aif,2018_UnivMD_Maryland_86896_Dep01_20180711,schedule,2018-08-12T13:45:00+00:00,,\\Repnas\w\projects\2018_UnivMD_Maryland_86896\86896_MD01_20180711\86896_MD01_AIFF\86896MD01_016K_M04_multi_20180812\86896MD01_016K_M04_multi_20180812_134500Z.aif,FALSE,,audio/aiff,,16,16000,23.5,,,
86896MD01_016K_M04_multi_20180812_203000Z.aif,2018_UnivMD_Maryland_86896_Dep01_20180711,schedule,2018-08-12T20:30:00+00:00,,\\Repnas\w\projects\2018_UnivMD_Maryland_86896\86896_MD01_20180711\86896_MD01_AIFF\86896MD01_016K_M04_multi_20180812\86896MD01_016K_M04_multi_20180812_203000Z.aif,FALSE,,audio/aiff,,16,16000,23.5,,,
86896MD01_016K_M04_multi_20180813_090000Z.aif,2018_UnivMD_Maryland_86896_Dep01_20180711,schedule,2018-08-13T09:00:00+00:00,,\\Repnas\w\projects\2018_UnivMD_Maryland_86896\86896_MD01_20180711\86896_MD01_AIFF\86896MD01_016K_M04_multi_20180813\86896MD01_016K_M04_multi_20180813_090000Z.aif,FALSE,,audio/aiff,,16,16000,23.5,,,
86896MD01_016K_M04_multi_20180813_203000Z.aif,2018_UnivMD_Maryland_86896_Dep01_20180711,schedule,2018-08-13T20:30:00+00:00,,\\Repnas\w\projects\2018_UnivMD_Maryland_86896\86896_MD01_20180711\86896_MD01_AIFF\86896MD01_016K_M04_multi_20180813\86896MD01_016K_M04_multi_20180813_203000Z.aif,FALSE,,audio/aiff,,16,16000,23.5,,,
86896MD01_016K_M04_multi_20180813_210000Z.aif,2018_UnivMD_Maryland_86896_Dep01_20180711,schedule,2018-08-13T21:00:00+00:00,,\\Repnas\w\projects\2018_UnivMD_Maryland_86896\86896_MD01_20180711\86896_MD01_AIFF\86896MD01_016K_M04_multi_20180813\86896MD01_016K_M04_multi_20180813_210000Z.aif,FALSE,,audio/aiff,,16,16000,23.5,,,
86896MD01_016K_M04_multi_20180813_211500Z.aif,2018_UnivMD_Maryland_86896_Dep01_20180711,schedule,2018-08-13T21:15:00+00:00,,\\Repnas\w\projects\2018_UnivMD_Maryland_86896\86896_MD01_20180711\86896_MD01_AIFF\86896MD01_016K_M04_multi_20180813\86896MD01_016K_M04_multi_20180813_211500Z.aif,FALSE,,audio/aiff,,16,16000,23.5,,,
86896MD01_016K_M04_multi_20180813_233000Z.aif,2018_UnivMD_Maryland_86896_Dep01_20180711,schedule,2018-08-13T23:30:00+00:00,,\\Repnas\w\projects\2018_UnivMD_Maryland_86896\86896_MD01_20180711\86896_MD01_AIFF\86896MD01_016K_M04_multi_20180813\86896MD01_016K_M04_multi_20180813_233000Z.aif,FALSE,,audio/aiff,,16,16000,23.5,,,
86896MD01_016K_M04_multi_20180814_101500Z.aif,2018_UnivMD_Maryland_86896_Dep01_20180711,schedule,2018-08-14T10:15:00+00:00,,\\Repnas\w\projects\2018_UnivMD_Maryland_86896\86896_MD01_20180711\86896_MD01_AIFF\86896MD01_016K_M04_multi_20180814\86896MD01_016K_M04_multi_20180814_101500Z.aif,FALSE,,audio/aiff,,16,16000,23.5,,,
86896MD01_016K_M04_multi_20180814_143000Z.aif,2018_UnivMD_Maryland_86896_Dep01_20180711,schedule,2018-08-14T14:30:00+00:00,,\\Repnas\w\projects\2018_UnivMD_Maryland_86896\86896_MD01_20180711\86896_MD01_AIFF\86896MD01_016K_M04_multi_20180814\86896MD01_016K_M04_multi_20180814_143000Z.aif,FALSE,,audio/aiff,,16,16000,23.5,,,
86896MD01_016K_M04_multi_20180814_201500Z.aif,2018_UnivMD_Maryland_86896_Dep01_20180711,schedule,2018-08-14T20:15:00+00:00,,\\Repnas\w\projects\2018_UnivMD_Maryland_86896\86896_MD01_20180711\86896_MD01_AIFF\86896MD01_016K_M04_multi_20180814\86896MD01_016K_M04_multi_20180814_201500Z.aif,FALSE,,audio/aiff,,16,16000,23.5,,,
86896MD01_016K_M04_multi_20180814_214500Z.aif,2018_UnivMD_Maryland_86896_Dep01_20180711,schedule,2018-08-14T21:45:00+00:00,,\\Repnas\w\projects\2018_UnivMD_Maryland_86896\86896_MD01_20180711\86896_MD01_AIFF\86896MD01_016K_M04_multi_20180814\86896MD01_016K_M04_multi_20180814_214500Z.aif,FALSE,,audio/aiff,,16,16000,23.5,,,
86896MD01_016K_M04_multi_20180814_221500Z.aif,2018_UnivMD_Maryland_86896_Dep01_20180711,schedule,2018-08-14T22:15:00+00:00,,\\Repnas\w\projects\2018_UnivMD_Maryland_86896\86896_MD01_20180711\86896_MD01_AIFF\86896MD01_016K_M04_multi_20180814\86896MD01_016K_M04_multi_20180814_221500Z.aif,FALSE,,audio/aiff,,16,16000,23.5,,,
86896MD01_016K_M04_multi_20180815_004500Z.aif,2018_UnivMD_Maryland_86896_Dep01_20180711,schedule,2018-08-15T00:45:00+00:00,,\\Repnas\w\projects\2018_UnivMD_Maryland_86896\86896_MD01_20180711\86896_MD01_AIFF\86896MD01_016K_M04_multi_20180815\86896MD01_016K_M04_multi_20180815_004500Z.aif,FALSE,,audio/aiff,,16,16000,23.5,,,
86896MD01_016K_M04_multi_20180815_010000Z.aif,2018_UnivMD_Maryland_86896_Dep01_20180711,schedule,2018-08-15T01:00:00+00:00,,\\Repnas\w\projects\2018_UnivMD_Maryland_86896\86896_MD01_20180711\86896_MD01_AIFF\86896MD01_016K_M04_multi_20180815\86896MD01_016K_M04_multi_20180815_010000Z.aif,FALSE,,audio/aiff,,16,16000,23.5,,,
86896MD01_016K_M04_multi_20180815_013000Z.aif,2018_UnivMD_Maryland_86896_Dep01_20180711,schedule,2018-08-15T01:30:00+00:00,,\\Repnas\w\projects\2018_UnivMD_Maryland_86896\86896_MD01_20180711\86896_MD01_AIFF\86896MD01_016K_M04_multi_20180815\86896MD01_016K_M04_multi_20180815_013000Z.aif,FALSE,,audio/aiff,,16,16000,23.5,,,
86896MD01_016K_M04_multi_20180815_014500Z.aif,2018_UnivMD_Maryland_86896_Dep01_20180711,schedule,2018-08-15T01:45:00+00:00,,\\Repnas\w\projects\2018_UnivMD_Maryland_86896\86896_MD01_20180711\86896_MD01_AIFF\86896MD01_016K_M04_multi_20180815\86896MD01_016K_M04_multi_20180815_014500Z.aif,FALSE,,audio/aiff,,16,16000,23.5,,,
86896MD01_016K_M04_multi_20180815_021500Z.aif,2018_UnivMD_Maryland_86896_Dep01_20180711,schedule,2018-08-15T02:15:00+00:00,,\\Repnas\w\projects\2018_UnivMD_Maryland_86896\86896_MD01_20180711\86896_MD01_AIFF\86896MD01_016K_M04_multi_20180815\86896MD01_016K_M04_multi_20180815_021500Z.aif,FALSE,,audio/aiff,,16,16000,23.5,,,
86896MD01_016K_M04_multi_20180815_024500Z.aif,2018_UnivMD_Maryland_86896_Dep01_20180711,schedule,2018-08-15T02:45:00+00:00,,\\Repnas\w\projects\2018_UnivMD_Maryland_86896\86896_MD01_20180711\86896_MD01_AIFF\86896MD01_016K_M04_multi_20180815\86896MD01_016K_M04_multi_20180815_024500Z.aif,FALSE,,audio/aiff,,16,16000,23.5,,,
86896MD01_016K_M04_multi_20180815_111500Z.aif,2018_UnivMD_Maryland_86896_Dep01_20180711,schedule,2018-08-15T11:15:00+00:00,,\\Repnas\w\projects\2018_UnivMD_Maryland_86896\86896_MD01_20180711\86896_MD01_AIFF\86896MD01_016K_M04_multi_20180815\86896MD01_016K_M04_multi_20180815_111500Z.aif,FALSE,,audio/aiff,,16,16000,23.5,,,
86896MD01_016K_M04_multi_20180816_001500Z.aif,2018_UnivMD_Maryland_86896_Dep01_20180711,schedule,2018-08-16T00:15:00+00:00,,\\Repnas\w\projects\2018_UnivMD_Maryland_86896\86896_MD01_20180711\86896_MD01_AIFF\86896MD01_016K_M04_multi_20180816\86896MD01_016K_M04_multi_20180816_001500Z.aif,FALSE,,audio/aiff,,16,16000,23.5,,,
86896MD01_016K_M04_multi_20180816_003000Z.aif,2018_UnivMD_Maryland_86896_Dep01_20180711,schedule,2018-08-16T00:30:00+00:00,,\\Repnas\w\projects\2018_UnivMD_Maryland_86896\86896_MD01_20180711\86896_MD01_AIFF\86896MD01_016K_M04_multi_20180816\86896MD01_016K_M04_multi_20180816_003000Z.aif,FALSE,,audio/aiff,,16,16000,23.5,,,
86896MD01_016K_M04_multi_20180816_020000Z.aif,2018_UnivMD_Maryland_86896_Dep01_20180711,schedule,2018-08-16T02:00:00+00:00,,\\Repnas\w\projects\2018_UnivMD_Maryland_86896\86896_MD01_20180711\86896_MD01_AIFF\86896MD01_016K_M04_multi_20180816\86896MD01_016K_M04_multi_20180816_020000Z.aif,FALSE,,audio/aiff,,16,16000,23.5,,,
86896MD01_016K_M04_multi_20180816_023000Z.aif,2018_UnivMD_Maryland_86896_Dep01_20180711,schedule,2018-08-16T02:30:00+00:00,,\\Repnas\w\projects\2018_UnivMD_Maryland_86896\86896_MD01_20180711\86896_MD01_AIFF\86896MD01_016K_M04_multi_20180816\86896MD01_016K_M04_multi_20180816_023000Z.aif,FALSE,,audio/aiff,,16,16000,23.5,,,
86896MD01_016K_M04_multi_20180816_061500Z.aif,2018_UnivMD_Maryland_86896_Dep01_20180711,schedule,2018-08-16T06:15:00+00:00,,\\Repnas\w\projects\2018_UnivMD_Maryland_86896\86896_MD01_20180711\86896_MD01_AIFF\86896MD01_016K_M04_multi_20180816\86896MD01_016K_M04_multi_20180816_061500Z.aif,FALSE,,audio/aiff,,16,16000,23.5,,,
86896MD01_016K_M04_multi_20180816_101500Z.aif,2018_UnivMD_Maryland_86896_Dep01_20180711,schedule,2018-08-16T10:15:00+00:00,,\\Repnas\w\projects\2018_UnivMD_Maryland_86896\86896_MD01_20180711\86896_MD01_AIFF\86896MD01_016K_M04_multi_20180816\86896MD01_016K_M04_multi_20180816_101500Z.aif,FALSE,,audio/aiff,,16,16000,23.5,,,
86896MD01_016K_M04_multi_20180816_103000Z.aif,2018_UnivMD_Maryland_86896_Dep01_20180711,schedule,2018-08-16T10:30:00+00:00,,\\Repnas\w\projects\2018_UnivMD_Maryland_86896\86896_MD01_20180711\86896_MD01_AIFF\86896MD01_016K_M04_multi_20180816\86896MD01_016K_M04_multi_20180816_103000Z.aif,FALSE,,audio/aiff,,16,16000,23.5,,,
86896MD01_016K_M04_multi_20180816_191500Z.aif,2018_UnivMD_Maryland_86896_Dep01_20180711,schedule,2018-08-16T19:15:00+00:00,,\\Repnas\w\projects\2018_UnivMD_Maryland_86896\86896_MD01_20180711\86896_MD01_AIFF\86896MD01_016K_M04_multi_20180816\86896MD01_016K_M04_multi_20180816_191500Z.aif,FALSE,,audio/aiff,,16,16000,23.5,,,
86896MD01_016K_M04_multi_20180817_064500Z.aif,2018_UnivMD_Maryland_86896_Dep01_20180711,schedule,2018-08-17T06:45:00+00:00,,\\Repnas\w\projects\2018_UnivMD_Maryland_86896\86896_MD01_20180711\86896_MD01_AIFF\86896MD01_016K_M04_multi_20180817\86896MD01_016K_M04_multi_20180817_064500Z.aif,FALSE,,audio/aiff,,16,16000,23.5,,,
86896MD01_016K_M04_multi_20180817_103000Z.aif,2018_UnivMD_Maryland_86896_Dep01_20180711,schedule,2018-08-17T10:30:00+00:00,,\\Repnas\w\projects\2018_UnivMD_Maryland_86896\86896_MD01_20180711\86896_MD01_AIFF\86896MD01_016K_M04_multi_20180817\86896MD01_016K_M04_multi_20180817_103000Z.aif,FALSE,,audio/aiff,,16,16000,23.5,,,
86896MD01_016K_M04_multi_20180817_121500Z.aif,2018_UnivMD_Maryland_86896_Dep01_20180711,schedule,2018-08-17T12:15:00+00:00,,\\Repnas\w\projects\2018_UnivMD_Maryland_86896\86896_MD01_20180711\86896_MD01_AIFF\86896MD01_016K_M04_multi_20180817\86896MD01_016K_M04_multi_20180817_121500Z.aif,FALSE,,audio/aiff,,16,16000,23.5,,,
86896MD01_016K_M04_multi_20180817_173000Z.aif,2018_UnivMD_Maryland_86896_Dep01_20180711,schedule,2018-08-17T17:30:00+00:00,,\\Repnas\w\projects\2018_UnivMD_Maryland_86896\86896_MD01_20180711\86896_MD01_AIFF\86896MD01_016K_M04_multi_20180817\86896MD01_016K_M04_multi_20180817_173000Z.aif,FALSE,,audio/aiff,,16,16000,23.5,,,
86896MD01_016K_M04_multi_20180817_200000Z.aif,2018_UnivMD_Maryland_86896_Dep01_20180711,schedule,2018-08-17T20:00:00+00:00,,\\Repnas\w\projects\2018_UnivMD_Maryland_86896\86896_MD01_20180711\86896_MD01_AIFF\86896MD01_016K_M04_multi_20180817\86896MD01_016K_M04_multi_20180817_200000Z.aif,FALSE,,audio/aiff,,16,16000,23.5,,,
86896MD01_016K_M04_multi_20180817_213000Z.aif,2018_UnivMD_Maryland_86896_Dep01_20180711,schedule,2018-08-17T21:30:00+00:00,,\\Repnas\w\projects\2018_UnivMD_Maryland_86896\86896_MD01_20180711\86896_MD01_AIFF\86896MD01_016K_M04_multi_20180817\86896MD01_016K_M04_multi_20180817_213000Z.aif,FALSE,,audio/aiff,,16,16000,23.5,,,
86896MD01_016K_M04_multi_20180817_224500Z.aif,2018_UnivMD_Maryland_86896_Dep01_20180711,schedule,2018-08-17T22:45:00+00:00,,\\Repnas\w\projects\2018_UnivMD_Maryland_86896\86896_MD01_20180711\86896_MD01_AIFF\86896MD01_016K_M04_multi_20180817\86896MD01_016K_M04_multi_20180817_224500Z.aif,FALSE,,audio/aiff,,16,16000,23.5,,,
86896MD01_016K_M04_multi_20180817_230000Z.aif,2018_UnivMD_Maryland_86896_Dep01_20180711,schedule,2018-08-17T23:00:00+00:00,,\\Repnas\w\projects\2018_UnivMD_Maryland_86896\86896_MD01_20180711\86896_MD01_AIFF\86896MD01_016K_M04_multi_20180817\86896MD01_016K_M04_multi_20180817_230000Z.aif,FALSE,,audio/aiff,,16,16000,23.5,,,
86896MD01_016K_M04_multi_20180817_231500Z.aif,2018_UnivMD_Maryland_86896_Dep01_20180711,schedule,2018-08-17T23:15:00+00:00,,\\Repnas\w\projects\2018_UnivMD_Maryland_86896\86896_MD01_20180711\86896_MD01_AIFF\86896MD01_016K_M04_multi_20180817\86896MD01_016K_M04_multi_20180817_231500Z.aif,FALSE,,audio/aiff,,16,16000,23.5,,,
86896MD01_016K_M04_multi_20180817_233000Z.aif,2018_UnivMD_Maryland_86896_Dep01_20180711,schedule,2018-08-17T23:30:00+00:00,,\\Repnas\w\projects\2018_UnivMD_Maryland_86896\86896_MD01_20180711\86896_MD01_AIFF\86896MD01_016K_M04_multi_20180817\86896MD01_016K_M04_multi_20180817_233000Z.aif,FALSE,,audio/aiff,,16,16000,23.5,,,
86896MD01_016K_M04_multi_20180818_000000Z.aif,2018_UnivMD_Maryland_86896_Dep01_20180711,schedule,2018-08-18T00:00:00+00:00,,\\Repnas\w\projects\2018_UnivMD_Maryland_86896\86896_MD01_20180711\86896_MD01_AIFF\86896MD01_016K_M04_multi_20180818\86896MD01_016K_M04_multi_20180818_000000Z.aif,FALSE,,audio/aiff,,16,16000,23.5,,,
86896MD01_016K_M04_multi_20180818_001500Z.aif,2018_UnivMD_Maryland_86896_Dep01_20180711,schedule,2018-08-18T00:15:00+00:00,,\\Repnas\w\projects\2018_UnivMD_Maryland_86896\86896_MD01_20180711\86896_MD01_AIFF\86896MD01_016K_M04_multi_20180818\86896MD01_016K_M04_multi_20180818_001500Z.aif,FALSE,,audio/aiff,,16,16000,23.5,,,
86896MD01_016K_M04_multi_20180818_014500Z.aif,2018_UnivMD_Maryland_86896_Dep01_20180711,schedule,2018-08-18T01:45:00+00:00,,\\Repnas\w\projects\2018_UnivMD_Maryland_86896\86896_MD01_20180711\86896_MD01_AIFF\86896MD01_016K_M04_multi_20180818\86896MD01_016K_M04_multi_20180818_014500Z.aif,FALSE,,audio/aiff,,16,16000,23.5,,,
86896MD01_016K_M04_multi_20180818_020000Z.aif,2018_UnivMD_Maryland_86896_Dep01_20180711,schedule,2018-08-18T02:00:00+00:00,,\\Repnas\w\projects\2018_UnivMD_Maryland_86896\86896_MD01_20180711\86896_MD01_AIFF\86896MD01_016K_M04_multi_20180818\86896MD01_016K_M04_multi_20180818_020000Z.aif,FALSE,,audio/aiff,,16,16000,23.5,,,
86896MD01_016K_M04_multi_20180818_021500Z.aif,2018_UnivMD_Maryland_86896_Dep01_20180711,schedule,2018-08-18T02:15:00+00:00,,\\Repnas\w\projects\2018_UnivMD_Maryland_86896\86896_MD01_20180711\86896_MD01_AIFF\86896MD01_016K_M04_multi_20180818\86896MD01_016K_M04_multi_20180818_021500Z.aif,FALSE,,audio/aiff,,16,16000,23.5,,,
86896MD01_016K_M04_multi_20180818_024500Z.aif,2018_UnivMD_Maryland_86896_Dep01_20180711,schedule,2018-08-18T02:45:00+00:00,,\\Repnas\w\projects\2018_UnivMD_Maryland_86896\86896_MD01_20180711\86896_MD01_AIFF\86896MD01_016K_M04_multi_20180818\86896MD01_016K_M04_multi_20180818_024500Z.aif,FALSE,,audio/aiff,,16,16000,23.5,,,
86896MD01_016K_M04_multi_20180818_031500Z.aif,2018_UnivMD_Maryland_86896_Dep01_20180711,schedule,2018-08-18T03:15:00+00:00,,\\Repnas\w\projects\2018_UnivMD_Maryland_86896\86896_MD01_20180711\86896_MD01_AIFF\86896MD01_016K_M04_multi_20180818\86896MD01_016K_M04_multi_20180818_031500Z.aif,FALSE,,audio/aiff,,16,16000,23.5,,,
86896MD01_016K_M04_multi_20180818_033000Z.aif,2018_UnivMD_Maryland_86896_Dep01_20180711,schedule,2018-08-18T03:30:00+00:00,,\\Repnas\w\projects\2018_UnivMD_Maryland_86896\86896_MD01_20180711\86896_MD01_AIFF\86896MD01_016K_M04_multi_20180818\86896MD01_016K_M04_multi_20180818_033000Z.aif,FALSE,,audio/aiff,,16,16000,23.5,,,
86896MD01_016K_M04_multi_20180818_034500Z.aif,2018_UnivMD_Maryland_86896_Dep01_20180711,schedule,2018-08-18T03:45:00+00:00,,\\Repnas\w\projects\2018_UnivMD_Maryland_86896\86896_MD01_20180711\86896_MD01_AIFF\86896MD01_016K_M04_multi_20180818\86896MD01_016K_M04_multi_20180818_034500Z.aif,FALSE,,audio/aiff,,16,16000,23.5,,,
86896MD01_016K_M04_multi_20180818_040000Z.aif,2018_UnivMD_Maryland_86896_Dep01_20180711,schedule,2018-08-18T04:00:00+00:00,,\\Repnas\w\projects\2018_UnivMD_Maryland_86896\86896_MD01_20180711\86896_MD01_AIFF\86896MD01_016K_M04_multi_20180818\86896MD01_016K_M04_multi_20180818_040000Z.aif,FALSE,,audio/aiff,,16,16000,23.5,,,
86896MD01_016K_M04_multi_20180818_041500Z.aif,2018_UnivMD_Maryland_86896_Dep01_20180711,schedule,2018-08-18T04:15:00+00:00,,\\Repnas\w\projects\2018_UnivMD_Maryland_86896\86896_MD01_20180711\86896_MD01_AIFF\86896MD01_016K_M04_multi_20180818\86896MD01_016K_M04_multi_20180818_041500Z.aif,FALSE,,audio/aiff,,16,16000,23.5,,,
86896MD01_016K_M04_multi_20180818_051500Z.aif,2018_UnivMD_Maryland_86896_Dep01_20180711,schedule,2018-08-18T05:15:00+00:00,,\\Repnas\w\projects\2018_UnivMD_Maryland_86896\86896_MD01_20180711\86896_MD01_AIFF\86896MD01_016K_M04_multi_20180818\86896MD01_016K_M04_multi_20180818_051500Z.aif,FALSE,,audio/aiff,,16,16000,23.5,,,
86896MD01_016K_M04_multi_20180818_054500Z.aif,2018_UnivMD_Maryland_86896_Dep01_20180711,schedule,2018-08-18T05:45:00+00:00,,\\Repnas\w\projects\2018_UnivMD_Maryland_86896\86896_MD01_20180711\86896_MD01_AIFF\86896MD01_016K_M04_multi_20180818\86896MD01_016K_M04_multi_20180818_054500Z.aif,FALSE,,audio/aiff,,16,16000,23.5,,,
86896MD01_016K_M04_multi_20180818_060000Z.aif,2018_UnivMD_Maryland_86896_Dep01_20180711,schedule,2018-08-18T06:00:00+00:00,,\\Repnas\w\projects\2018_UnivMD_Maryland_86896\86896_MD01_20180711\86896_MD01_AIFF\86896MD01_016K_M04_multi_20180818\86896MD01_016K_M04_multi_20180818_060000Z.aif,FALSE,,audio/aiff,,16,16000,23.5,,,
86896MD01_016K_M04_multi_20180818_074500Z.aif,2018_UnivMD_Maryland_86896_Dep01_20180711,schedule,2018-08-18T07:45:00+00:00,,\\Repnas\w\projects\2018_UnivMD_Maryland_86896\86896_MD01_20180711\86896_MD01_AIFF\86896MD01_016K_M04_multi_20180818\86896MD01_016K_M04_multi_20180818_074500Z.aif,FALSE,,audio/aiff,,16,16000,23.5,,,
86896MD01_016K_M04_multi_20180818_081500Z.aif,2018_UnivMD_Maryland_86896_Dep01_20180711,schedule,2018-08-18T08:15:00+00:00,,\\Repnas\w\projects\2018_UnivMD_Maryland_86896\86896_MD01_20180711\86896_MD01_AIFF\86896MD01_016K_M04_multi_20180818\86896MD01_016K_M04_multi_20180818_081500Z.aif,FALSE,,audio/aiff,,16,16000,23.5,,,
86896MD01_016K_M04_multi_20180818_083000Z.aif,2018_UnivMD_Maryland_86896_Dep01_20180711,schedule,2018-08-18T08:30:00+00:00,,\\Repnas\w\projects\2018_UnivMD_Maryland_86896\86896_MD01_20180711\86896_MD01_AIFF\86896MD01_016K_M04_multi_20180818\86896MD01_016K_M04_multi_20180818_083000Z.aif,FALSE,,audio/aiff,,16,16000,23.5,,,
86896MD01_016K_M04_multi_20180818_090000Z.aif,2018_UnivMD_Maryland_86896_Dep01_20180711,schedule,2018-08-18T09:00:00+00:00,,\\Repnas\w\projects\2018_UnivMD_Maryland_86896\86896_MD01_20180711\86896_MD01_AIFF\86896MD01_016K_M04_multi_20180818\86896MD01_016K_M04_multi_20180818_090000Z.aif,FALSE,,audio/aiff,,16,16000,23.5,,,
86896MD01_016K_M04_multi_20180818_093000Z.aif,2018_UnivMD_Maryland_86896_Dep01_20180711,schedule,2018-08-18T09:30:00+00:00,,\\Repnas\w\projects\2018_UnivMD_Maryland_86896\86896_MD01_20180711\86896_MD01_AIFF\86896MD01_016K_M04_multi_20180818\86896MD01_016K_M04_multi_20180818_093000Z.aif,FALSE,,audio/aiff,,16,16000,23.5,,,
86896MD01_016K_M04_multi_20180818_111500Z.aif,2018_UnivMD_Maryland_86896_Dep01_20180711,schedule,2018-08-18T11:15:00+00:00,,\\Repnas\w\projects\2018_UnivMD_Maryland_86896\86896_MD01_20180711\86896_MD01_AIFF\86896MD01_016K_M04_multi_20180818\86896MD01_016K_M04_multi_20180818_111500Z.aif,FALSE,,audio/aiff,,16,16000,23.5,,,
86896MD01_016K_M04_multi_20180818_113000Z.aif,2018_UnivMD_Maryland_86896_Dep01_20180711,schedule,2018-08-18T11:30:00+00:00,,\\Repnas\w\projects\2018_UnivMD_Maryland_86896\86896_MD01_20180711\86896_MD01_AIFF\86896MD01_016K_M04_multi_20180818\86896MD01_016K_M04_multi_20180818_113000Z.aif,FALSE,,audio/aiff,,16,16000,23.5,,,
86896MD01_016K_M04_multi_20180818_124500Z.aif,2018_UnivMD_Maryland_86896_Dep01_20180711,schedule,2018-08-18T12:45:00+00:00,,\\Repnas\w\projects\2018_UnivMD_Maryland_86896\86896_MD01_20180711\86896_MD01_AIFF\86896MD01_016K_M04_multi_20180818\86896MD01_016K_M04_multi_20180818_124500Z.aif,FALSE,,audio/aiff,,16,16000,23.5,,,
86896MD01_016K_M04_multi_20180818_130000Z.aif,2018_UnivMD_Maryland_86896_Dep01_20180711,schedule,2018-08-18T13:00:00+00:00,,\\Repnas\w\projects\2018_UnivMD_Maryland_86896\86896_MD01_20180711\86896_MD01_AIFF\86896MD01_016K_M04_multi_20180818\86896MD01_016K_M04_multi_20180818_130000Z.aif,FALSE,,audio/aiff,,16,16000,23.5,,,
86896MD01_016K_M04_multi_20180818_131500Z.aif,2018_UnivMD_Maryland_86896_Dep01_20180711,schedule,2018-08-18T13:15:00+00:00,,\\Repnas\w\projects\2018_UnivMD_Maryland_86896\86896_MD01_20180711\86896_MD01_AIFF\86896MD01_016K_M04_multi_20180818\86896MD01_016K_M04_multi_20180818_131500Z.aif,FALSE,,audio/aiff,,16,16000,23.5,,,
86896MD01_016K_M04_multi_20180818_133000Z.aif,2018_UnivMD_Maryland_86896_Dep01_20180711,schedule,2018-08-18T13:30:00+00:00,,\\Repnas\w\projects\2018_UnivMD_Maryland_86896\86896_MD01_20180711\86896_MD01_AIFF\86896MD01_016K_M04_multi_20180818\86896MD01_016K_M04_multi_20180818_133000Z.aif,FALSE,,audio/aiff,,16,16000,23.5,,,
86896MD01_016K_M04_multi_20180818_134500Z.aif,2018_UnivMD_Maryland_86896_Dep01_20180711,schedule,2018-08-18T13:45:00+00:00,,\\Repnas\w\projects\2018_UnivMD_Maryland_86896\86896_MD01_20180711\86896_MD01_AIFF\86896MD01_016K_M04_multi_20180818\86896MD01_016K_M04_multi_20180818_134500Z.aif,FALSE,,audio/aiff,,16,16000,23.5,,,
86896MD01_016K_M04_multi_20180818_141500Z.aif,2018_UnivMD_Maryland_86896_Dep01_20180711,schedule,2018-08-18T14:15:00+00:00,,\\Repnas\w\projects\2018_UnivMD_Maryland_86896\86896_MD01_20180711\86896_MD01_AIFF\86896MD01_016K_M04_multi_20180818\86896MD01_016K_M04_multi_20180818_141500Z.aif,FALSE,,audio/aiff,,16,16000,23.5,,,
86896MD01_016K_M04_multi_20180818_143000Z.aif,2018_UnivMD_Maryland_86896_Dep01_20180711,schedule,2018-08-18T14:30:00+00:00,,\\Repnas\w\projects\2018_UnivMD_Maryland_86896\86896_MD01_20180711\86896_MD01_AIFF\86896MD01_016K_M04_multi_20180818\86896MD01_016K_M04_multi_20180818_143000Z.aif,FALSE,,audio/aiff,,16,16000,23.5,,,
86896MD01_016K_M04_multi_20180818_144500Z.aif,2018_UnivMD_Maryland_86896_Dep01_20180711,schedule,2018-08-18T14:45:00+00:00,,\\Repnas\w\projects\2018_UnivMD_Maryland_86896\86896_MD01_20180711\86896_MD01_AIFF\86896MD01_016K_M04_multi_20180818\86896MD01_016K_M04_multi_20180818_144500Z.aif,FALSE,,audio/aiff,,16,16000,23.5,,,
86896MD01_016K_M04_multi_20180818_150000Z.aif,2018_UnivMD_Maryland_86896_Dep01_20180711,schedule,2018-08-18T15:00:00+00:00,,\\Repnas\w\projects\2018_UnivMD_Maryland_86896\86896_MD01_20180711\86896_MD01_AIFF\86896MD01_016K_M04_multi_20180818\86896MD01_016K_M04_multi_20180818_150000Z.aif,FALSE,,audio/aiff,,16,16000,23.5,,,
86896MD01_016K_M04_multi_20180818_151500Z.aif,2018_UnivMD_Maryland_86896_Dep01_20180711,schedule,2018-08-18T15:15:00+00:00,,\\Repnas\w\projects\2018_UnivMD_Maryland_86896\86896_MD01_20180711\86896_MD01_AIFF\86896MD01_016K_M04_multi_20180818\86896MD01_016K_M04_multi_20180818_151500Z.aif,FALSE,,audio/aiff,,16,16000,23.5,,,
86896MD01_016K_M04_multi_20180818_153000Z.aif,2018_UnivMD_Maryland_86896_Dep01_20180711,schedule,2018-08-18T15:30:00+00:00,,\\Repnas\w\projects\2018_UnivMD_Maryland_86896\86896_MD01_20180711\86896_MD01_AIFF\86896MD01_016K_M04_multi_20180818\86896MD01_016K_M04_multi_20180818_153000Z.aif,FALSE,,audio/aiff,,16,16000,23.5,,,
86896MD01_016K_M04_multi_20180818_154500Z.aif,2018_UnivMD_Maryland_86896_Dep01_20180711,schedule,2018-08-18T15:45:00+00:00,,\\Repnas\w\projects\2018_UnivMD_Maryland_86896\86896_MD01_20180711\86896_MD01_AIFF\86896MD01_016K_M04_multi_20180818\86896MD01_016K_M04_multi_20180818_154500Z.aif,FALSE,,audio/aiff,,16,16000,23.5,,,
86896MD01_016K_M04_multi_20180818_164500Z.aif,2018_UnivMD_Maryland_86896_Dep01_20180711,schedule,2018-08-18T16:45:00+00:00,,\\Repnas\w\projects\2018_UnivMD_Maryland_86896\86896_MD01_20180711\86896_MD01_AIFF\86896MD01_016K_M04_multi_20180818\86896MD01_016K_M04_multi_20180818_164500Z.aif,FALSE,,audio/aiff,,16,16000,23.5,,,
86896MD01_016K_M04_multi_20180818_181500Z.aif,2018_UnivMD_Maryland_86896_Dep01_20180711,schedule,2018-08-18T18:15:00+00:00,,\\Repnas\w\projects\2018_UnivMD_Maryland_86896\86896_MD01_20180711\86896_MD01_AIFF\86896MD01_016K_M04_multi_20180818\86896MD01_016K_M04_multi_20180818_181500Z.aif,FALSE,,audio/aiff,,16,16000,23.5,,,
86896MD01_016K_M04_multi_20180818_194500Z.aif,2018_UnivMD_Maryland_86896_Dep01_20180711,schedule,2018-08-18T19:45:00+00:00,,\\Repnas\w\projects\2018_UnivMD_Maryland_86896\86896_MD01_20180711\86896_MD01_AIFF\86896MD01_016K_M04_multi_20180818\86896MD01_016K_M04_multi_20180818_194500Z.aif,FALSE,,audio/aiff,,16,16000,23.5,,,
86896MD01_016K_M04_multi_20180818_200000Z.aif,2018_UnivMD_Maryland_86896_Dep01_20180711,schedule,2018-08-18T20:00:00+00:00,,\\Repnas\w\projects\2018_UnivMD_Maryland_86896\86896_MD01_20180711\86896_MD01_AIFF\86896MD01_016K_M04_multi_20180818\86896MD01_016K_M04_multi_20180818_200000Z.aif,FALSE,,audio/aiff,,16,16000,23.5,,,
86896MD01_016K_M04_multi_20180818_201500Z.aif,2018_UnivMD_Maryland_86896_Dep01_20180711,schedule,2018-08-18T20:15:00+00:00,,\\Repnas\w\projects\2018_UnivMD_Maryland_86896\86896_MD01_20180711\86896_MD01_AIFF\86896MD01_016K_M04_multi_20180818\86896MD01_016K_M04_multi_20180818_201500Z.aif,FALSE,,audio/aiff,,16,16000,23.5,,,
86896MD01_016K_M04_multi_20180818_204500Z.aif,2018_UnivMD_Maryland_86896_Dep01_20180711,schedule,2018-08-18T20:45:00+00:00,,\\Repnas\w\projects\2018_UnivMD_Maryland_86896\86896_MD01_20180711\86896_MD01_AIFF\86896MD01_016K_M04_multi_20180818\86896MD01_016K_M04_multi_20180818_204500Z.aif,FALSE,,audio/aiff,,16,16000,23.5,,,
86896MD01_016K_M04_multi_20180818_210000Z.aif,2018_UnivMD_Maryland_86896_Dep01_20180711,schedule,2018-08-18T21:00:00+00:00,,\\Repnas\w\projects\2018_UnivMD_Maryland_86896\86896_MD01_20180711\86896_MD01_AIFF\86896MD01_016K_M04_multi_20180818\86896MD01_016K_M04_multi_20180818_210000Z.aif,FALSE,,audio/aiff,,16,16000,23.5,,,
86896MD01_016K_M04_multi_20180818_211500Z.aif,2018_UnivMD_Maryland_86896_Dep01_20180711,schedule,2018-08-18T21:15:00+00:00,,\\Repnas\w\projects\2018_UnivMD_Maryland_86896\86896_MD01_20180711\86896_MD01_AIFF\86896MD01_016K_M04_multi_20180818\86896MD01_016K_M04_multi_20180818_211500Z.aif,FALSE,,audio/aiff,,16,16000,23.5,,,
86896MD01_016K_M04_multi_20180818_213000Z.aif,2018_UnivMD_Maryland_86896_Dep01_20180711,schedule,2018-08-18T21:30:00+00:00,,\\Repnas\w\projects\2018_UnivMD_Maryland_86896\86896_MD01_20180711\86896_MD01_AIFF\86896MD01_016K_M04_multi_20180818\86896MD01_016K_M04_multi_20180818_213000Z.aif,FALSE,,audio/aiff,,16,16000,23.5,,,
86896MD01_016K_M04_multi_20180818_220000Z.aif,2018_UnivMD_Maryland_86896_Dep01_20180711,schedule,2018-08-18T22:00:00+00:00,,\\Repnas\w\projects\2018_UnivMD_Maryland_86896\86896_MD01_20180711\86896_MD01_AIFF\86896MD01_016K_M04_multi_20180818\86896MD01_016K_M04_multi_20180818_220000Z.aif,FALSE,,audio/aiff,,16,16000,23.5,,,
86896MD01_016K_M04_multi_20180819_090000Z.aif,2018_UnivMD_Maryland_86896_Dep01_20180711,schedule,2018-08-19T09:00:00+00:00,,\\Repnas\w\projects\2018_UnivMD_Maryland_86896\86896_MD01_20180711\86896_MD01_AIFF\86896MD01_016K_M04_multi_20180819\86896MD01_016K_M04_multi_20180819_090000Z.aif,FALSE,,audio/aiff,,16,16000,23.5,,,
86896MD01_016K_M04_multi_20180819_103000Z.aif,2018_UnivMD_Maryland_86896_Dep01_20180711,schedule,2018-08-19T10:30:00+00:00,,\\Repnas\w\projects\2018_UnivMD_Maryland_86896\86896_MD01_20180711\86896_MD01_AIFF\86896MD01_016K_M04_multi_20180819\86896MD01_016K_M04_multi_20180819_103000Z.aif,FALSE,,audio/aiff,,16,16000,23.5,,,
86896MD01_016K_M04_multi_20180819_110000Z.aif,2018_UnivMD_Maryland_86896_Dep01_20180711,schedule,2018-08-19T11:00:00+00:00,,\\Repnas\w\projects\2018_UnivMD_Maryland_86896\86896_MD01_20180711\86896_MD01_AIFF\86896MD01_016K_M04_multi_20180819\86896MD01_016K_M04_multi_20180819_110000Z.aif,FALSE,,audio/aiff,,16,16000,23.5,,,
86896MD01_016K_M04_multi_20180819_143000Z.aif,2018_UnivMD_Maryland_86896_Dep01_20180711,schedule,2018-08-19T14:30:00+00:00,,\\Repnas\w\projects\2018_UnivMD_Maryland_86896\86896_MD01_20180711\86896_MD01_AIFF\86896MD01_016K_M04_multi_20180819\86896MD01_016K_M04_multi_20180819_143000Z.aif,FALSE,,audio/aiff,,16,16000,23.5,,,
86896MD01_016K_M04_multi_20180819_171500Z.aif,2018_UnivMD_Maryland_86896_Dep01_20180711,schedule,2018-08-19T17:15:00+00:00,,\\Repnas\w\projects\2018_UnivMD_Maryland_86896\86896_MD01_20180711\86896_MD01_AIFF\86896MD01_016K_M04_multi_20180819\86896MD01_016K_M04_multi_20180819_171500Z.aif,FALSE,,audio/aiff,,16,16000,23.5,,,
86896MD01_016K_M04_multi_20180820_031500Z.aif,2018_UnivMD_Maryland_86896_Dep01_20180711,schedule,2018-08-20T03:15:00+00:00,,\\Repnas\w\projects\2018_UnivMD_Maryland_86896\86896_MD01_20180711\86896_MD01_AIFF\86896MD01_016K_M04_multi_20180820\86896MD01_016K_M04_multi_20180820_031500Z.aif,FALSE,,audio/aiff,,16,16000,23.5,,,
86896MD01_016K_M04_multi_20180820_101500Z.aif,2018_UnivMD_Maryland_86896_Dep01_20180711,schedule,2018-08-20T10:15:00+00:00,,\\Repnas\w\projects\2018_UnivMD_Maryland_86896\86896_MD01_20180711\86896_MD01_AIFF\86896MD01_016K_M04_multi_20180820\86896MD01_016K_M04_multi_20180820_101500Z.aif,FALSE,,audio/aiff,,16,16000,23.5,,,
86896MD01_016K_M04_multi_20180820_213000Z.aif,2018_UnivMD_Maryland_86896_Dep01_20180711,schedule,2018-08-20T21:30:00+00:00,,\\Repnas\w\projects\2018_UnivMD_Maryland_86896\86896_MD01_20180711\86896_MD01_AIFF\86896MD01_016K_M04_multi_20180820\86896MD01_016K_M04_multi_20180820_213000Z.aif,FALSE,,audio/aiff,,16,16000,23.5,,,
86896MD01_016K_M04_multi_20180821_010000Z.aif,2018_UnivMD_Maryland_86896_Dep01_20180711,schedule,2018-08-21T01:00:00+00:00,,\\Repnas\w\projects\2018_UnivMD_Maryland_86896\86896_MD01_20180711\86896_MD01_AIFF\86896MD01_016K_M04_multi_20180821\86896MD01_016K_M04_multi_20180821_010000Z.aif,FALSE,,audio/aiff,,16,16000,23.5,,,
86896MD01_016K_M04_multi_20180821_114500Z.aif,2018_UnivMD_Maryland_86896_Dep01_20180711,schedule,2018-08-21T11:45:00+00:00,,\\Repnas\w\projects\2018_UnivMD_Maryland_86896\86896_MD01_20180711\86896_MD01_AIFF\86896MD01_016K_M04_multi_20180821\86896MD01_016K_M04_multi_20180821_114500Z.aif,FALSE,,audio/aiff,,16,16000,23.5,,,
86896MD01_016K_M04_multi_20180821_140000Z.aif,2018_UnivMD_Maryland_86896_Dep01_20180711,schedule,2018-08-21T14:00:00+00:00,,\\Repnas\w\projects\2018_UnivMD_Maryland_86896\86896_MD01_20180711\86896_MD01_AIFF\86896MD01_016K_M04_multi_20180821\86896MD01_016K_M04_multi_20180821_140000Z.aif,FALSE,,audio/aiff,,16,16000,23.5,,,
86896MD01_016K_M04_multi_20180821_144500Z.aif,2018_UnivMD_Maryland_86896_Dep01_20180711,schedule,2018-08-21T14:45:00+00:00,,\\Repnas\w\projects\2018_UnivMD_Maryland_86896\86896_MD01_20180711\86896_MD01_AIFF\86896MD01_016K_M04_multi_20180821\86896MD01_016K_M04_multi_20180821_144500Z.aif,FALSE,,audio/aiff,,16,16000,23.5,,,
86896MD01_016K_M04_multi_20180821_151500Z.aif,2018_UnivMD_Maryland_86896_Dep01_20180711,schedule,2018-08-21T15:15:00+00:00,,\\Repnas\w\projects\2018_UnivMD_Maryland_86896\86896_MD01_20180711\86896_MD01_AIFF\86896MD01_016K_M04_multi_20180821\86896MD01_016K_M04_multi_20180821_151500Z.aif,FALSE,,audio/aiff,,16,16000,23.5,,,
86896MD01_016K_M04_multi_20180821_153000Z.aif,2018_UnivMD_Maryland_86896_Dep01_20180711,schedule,2018-08-21T15:30:00+00:00,,\\Repnas\w\projects\2018_UnivMD_Maryland_86896\86896_MD01_20180711\86896_MD01_AIFF\86896MD01_016K_M04_multi_20180821\86896MD01_016K_M04_multi_20180821_153000Z.aif,FALSE,,audio/aiff,,16,16000,23.5,,,
86896MD01_016K_M04_multi_20180821_154500Z.aif,2018_UnivMD_Maryland_86896_Dep01_20180711,schedule,2018-08-21T15:45:00+00:00,,\\Repnas\w\projects\2018_UnivMD_Maryland_86896\86896_MD01_20180711\86896_MD01_AIFF\86896MD01_016K_M04_multi_20180821\86896MD01_016K_M04_multi_20180821_154500Z.aif,FALSE,,audio/aiff,,16,16000,23.5,,,
86896MD01_016K_M04_multi_20180821_160000Z.aif,2018_UnivMD_Maryland_86896_Dep01_20180711,schedule,2018-08-21T16:00:00+00:00,,\\Repnas\w\projects\2018_UnivMD_Maryland_86896\86896_MD01_20180711\86896_MD01_AIFF\86896MD01_016K_M04_multi_20180821\86896MD01_016K_M04_multi_20180821_160000Z.aif,FALSE,,audio/aiff,,16,16000,23.5,,,
86896MD01_016K_M04_multi_20180821_161500Z.aif,2018_UnivMD_Maryland_86896_Dep01_20180711,schedule,2018-08-21T16:15:00+00:00,,\\Repnas\w\projects\2018_UnivMD_Maryland_86896\86896_MD01_20180711\86896_MD01_AIFF\86896MD01_016K_M04_multi_20180821\86896MD01_016K_M04_multi_20180821_161500Z.aif,FALSE,,audio/aiff,,16,16000,23.5,,,
86896MD01_016K_M04_multi_20180821_170000Z.aif,2018_UnivMD_Maryland_86896_Dep01_20180711,schedule,2018-08-21T17:00:00+00:00,,\\Repnas\w\projects\2018_UnivMD_Maryland_86896\86896_MD01_20180711\86896_MD01_AIFF\86896MD01_016K_M04_multi_20180821\86896MD01_016K_M04_multi_20180821_170000Z.aif,FALSE,,audio/aiff,,16,16000,23.5,,,
86896MD01_016K_M04_multi_20180821_171500Z.aif,2018_UnivMD_Maryland_86896_Dep01_20180711,schedule,2018-08-21T17:15:00+00:00,,\\Repnas\w\projects\2018_UnivMD_Maryland_86896\86896_MD01_20180711\86896_MD01_AIFF\86896MD01_016K_M04_multi_20180821\86896MD01_016K_M04_multi_20180821_171500Z.aif,FALSE,,audio/aiff,,16,16000,23.5,,,
86896MD01_016K_M04_multi_20180821_173000Z.aif,2018_UnivMD_Maryland_86896_Dep01_20180711,schedule,2018-08-21T17:30:00+00:00,,\\Repnas\w\projects\2018_UnivMD_Maryland_86896\86896_MD01_20180711\86896_MD01_AIFF\86896MD01_016K_M04_multi_20180821\86896MD01_016K_M04_multi_20180821_173000Z.aif,FALSE,,audio/aiff,,16,16000,23.5,,,
86896MD01_016K_M04_multi_20180821_174500Z.aif,2018_UnivMD_Maryland_86896_Dep01_20180711,schedule,2018-08-21T17:45:00+00:00,,\\Repnas\w\projects\2018_UnivMD_Maryland_86896\86896_MD01_20180711\86896_MD01_AIFF\86896MD01_016K_M04_multi_20180821\86896MD01_016K_M04_multi_20180821_174500Z.aif,FALSE,,audio/aiff,,16,16000,23.5,,,
86896MD01_016K_M04_multi_20180821_180000Z.aif,2018_UnivMD_Maryland_86896_Dep01_20180711,schedule,2018-08-21T18:00:00+00:00,,\\Repnas\w\projects\2018_UnivMD_Maryland_86896\86896_MD01_20180711\86896_MD01_AIFF\86896MD01_016K_M04_multi_20180821\86896MD01_016K_M04_multi_20180821_180000Z.aif,FALSE,,audio/aiff,,16,16000,23.5,,,
86896MD01_016K_M04_multi_20180821_183000Z.aif,2018_UnivMD_Maryland_86896_Dep01_20180711,schedule,2018-08-21T18:30:00+00:00,,\\Repnas\w\projects\2018_UnivMD_Maryland_86896\86896_MD01_20180711\86896_MD01_AIFF\86896MD01_016K_M04_multi_20180821\86896MD01_016K_M04_multi_20180821_183000Z.aif,FALSE,,audio/aiff,,16,16000,23.5,,,
86896MD01_016K_M04_multi_20180821_184500Z.aif,2018_UnivMD_Maryland_86896_Dep01_20180711,schedule,2018-08-21T18:45:00+00:00,,\\Repnas\w\projects\2018_UnivMD_Maryland_86896\86896_MD01_20180711\86896_MD01_AIFF\86896MD01_016K_M04_multi_20180821\86896MD01_016K_M04_multi_20180821_184500Z.aif,FALSE,,audio/aiff,,16,16000,23.5,,,
86896MD01_016K_M04_multi_20180821_190000Z.aif,2018_UnivMD_Maryland_86896_Dep01_20180711,schedule,2018-08-21T19:00:00+00:00,,\\Repnas\w\projects\2018_UnivMD_Maryland_86896\86896_MD01_20180711\86896_MD01_AIFF\86896MD01_016K_M04_multi_20180821\86896MD01_016K_M04_multi_20180821_190000Z.aif,FALSE,,audio/aiff,,16,16000,23.5,,,
86896MD01_016K_M04_multi_20180821_193000Z.aif,2018_UnivMD_Maryland_86896_Dep01_20180711,schedule,2018-08-21T19:30:00+00:00,,\\Repnas\w\projects\2018_UnivMD_Maryland_86896\86896_MD01_20180711\86896_MD01_AIFF\86896MD01_016K_M04_multi_20180821\86896MD01_016K_M04_multi_20180821_193000Z.aif,FALSE,,audio/aiff,,16,16000,23.5,,,
86896MD01_016K_M04_multi_20180821_194500Z.aif,2018_UnivMD_Maryland_86896_Dep01_20180711,schedule,2018-08-21T19:45:00+00:00,,\\Repnas\w\projects\2018_UnivMD_Maryland_86896\86896_MD01_20180711\86896_MD01_AIFF\86896MD01_016K_M04_multi_20180821\86896MD01_016K_M04_multi_20180821_194500Z.aif,FALSE,,audio/aiff,,16,16000,23.5,,,
86896MD01_016K_M04_multi_20180821_203000Z.aif,2018_UnivMD_Maryland_86896_Dep01_20180711,schedule,2018-08-21T20:30:00+00:00,,\\Repnas\w\projects\2018_UnivMD_Maryland_86896\86896_MD01_20180711\86896_MD01_AIFF\86896MD01_016K_M04_multi_20180821\86896MD01_016K_M04_multi_20180821_203000Z.aif,FALSE,,audio/aiff,,16,16000,23.5,,,
86896MD01_016K_M04_multi_20180821_204500Z.aif,2018_UnivMD_Maryland_86896_Dep01_20180711,schedule,2018-08-21T20:45:00+00:00,,\\Repnas\w\projects\2018_UnivMD_Maryland_86896\86896_MD01_20180711\86896_MD01_AIFF\86896MD01_016K_M04_multi_20180821\86896MD01_016K_M04_multi_20180821_204500Z.aif,FALSE,,audio/aiff,,16,16000,23.5,,,
86896MD01_016K_M04_multi_20180821_211500Z.aif,2018_UnivMD_Maryland_86896_Dep01_20180711,schedule,2018-08-21T21:15:00+00:00,,\\Repnas\w\projects\2018_UnivMD_Maryland_86896\86896_MD01_20180711\86896_MD01_AIFF\86896MD01_016K_M04_multi_20180821\86896MD01_016K_M04_multi_20180821_211500Z.aif,FALSE,,audio/aiff,,16,16000,23.5,,,
86896MD01_016K_M04_multi_20180821_224500Z.aif,2018_UnivMD_Maryland_86896_Dep01_20180711,schedule,2018-08-21T22:45:00+00:00,,\\Repnas\w\projects\2018_UnivMD_Maryland_86896\86896_MD01_20180711\86896_MD01_AIFF\86896MD01_016K_M04_multi_20180821\86896MD01_016K_M04_multi_20180821_224500Z.aif,FALSE,,audio/aiff,,16,16000,23.5,,,
86896MD01_016K_M04_multi_20180821_233000Z.aif,2018_UnivMD_Maryland_86896_Dep01_20180711,schedule,2018-08-21T23:30:00+00:00,,\\Repnas\w\projects\2018_UnivMD_Maryland_86896\86896_MD01_20180711\86896_MD01_AIFF\86896MD01_016K_M04_multi_20180821\86896MD01_016K_M04_multi_20180821_233000Z.aif,FALSE,,audio/aiff,,16,16000,23.5,,,
86896MD01_016K_M04_multi_20180822_020000Z.aif,2018_UnivMD_Maryland_86896_Dep01_20180711,schedule,2018-08-22T02:00:00+00:00,,\\Repnas\w\projects\2018_UnivMD_Maryland_86896\86896_MD01_20180711\86896_MD01_AIFF\86896MD01_016K_M04_multi_20180822\86896MD01_016K_M04_multi_20180822_020000Z.aif,FALSE,,audio/aiff,,16,16000,23.5,,,
86896MD01_016K_M04_multi_20180822_101500Z.aif,2018_UnivMD_Maryland_86896_Dep01_20180711,schedule,2018-08-22T10:15:00+00:00,,\\Repnas\w\projects\2018_UnivMD_Maryland_86896\86896_MD01_20180711\86896_MD01_AIFF\86896MD01_016K_M04_multi_20180822\86896MD01_016K_M04_multi_20180822_101500Z.aif,FALSE,,audio/aiff,,16,16000,23.5,,,
86896MD01_016K_M04_multi_20180822_104500Z.aif,2018_UnivMD_Maryland_86896_Dep01_20180711,schedule,2018-08-22T10:45:00+00:00,,\\Repnas\w\projects\2018_UnivMD_Maryland_86896\86896_MD01_20180711\86896_MD01_AIFF\86896MD01_016K_M04_multi_20180822\86896MD01_016K_M04_multi_20180822_104500Z.aif,FALSE,,audio/aiff,,16,16000,23.5,,,
86896MD01_016K_M04_multi_20180822_123000Z.aif,2018_UnivMD_Maryland_86896_Dep01_20180711,schedule,2018-08-22T12:30:00+00:00,,\\Repnas\w\projects\2018_UnivMD_Maryland_86896\86896_MD01_20180711\86896_MD01_AIFF\86896MD01_016K_M04_multi_20180822\86896MD01_016K_M04_multi_20180822_123000Z.aif,FALSE,,audio/aiff,,16,16000,23.5,,,
86896MD01_016K_M04_multi_20180822_124500Z.aif,2018_UnivMD_Maryland_86896_Dep01_20180711,schedule,2018-08-22T12:45:00+00:00,,\\Repnas\w\projects\2018_UnivMD_Maryland_86896\86896_MD01_20180711\86896_MD01_AIFF\86896MD01_016K_M04_multi_20180822\86896MD01_016K_M04_multi_20180822_124500Z.aif,FALSE,,audio/aiff,,16,16000,23.5,,,
86896MD01_016K_M04_multi_20180822_163000Z.aif,2018_UnivMD_Maryland_86896_Dep01_20180711,schedule,2018-08-22T16:30:00+00:00,,\\Repnas\w\projects\2018_UnivMD_Maryland_86896\86896_MD01_20180711\86896_MD01_AIFF\86896MD01_016K_M04_multi_20180822\86896MD01_016K_M04_multi_20180822_163000Z.aif,FALSE,,audio/aiff,,16,16000,23.5,,,
86896MD01_016K_M04_multi_20180822_203000Z.aif,2018_UnivMD_Maryland_86896_Dep01_20180711,schedule,2018-08-22T20:30:00+00:00,,\\Repnas\w\projects\2018_UnivMD_Maryland_86896\86896_MD01_20180711\86896_MD01_AIFF\86896MD01_016K_M04_multi_20180822\86896MD01_016K_M04_multi_20180822_203000Z.aif,FALSE,,audio/aiff,,16,16000,23.5,,,
86896MD01_016K_M04_multi_20180822_204500Z.aif,2018_UnivMD_Maryland_86896_Dep01_20180711,schedule,2018-08-22T20:45:00+00:00,,\\Repnas\w\projects\2018_UnivMD_Maryland_86896\86896_MD01_20180711\86896_MD01_AIFF\86896MD01_016K_M04_multi_20180822\86896MD01_016K_M04_multi_20180822_204500Z.aif,FALSE,,audio/aiff,,16,16000,23.5,,,
86896MD01_016K_M04_multi_20180822_214500Z.aif,2018_UnivMD_Maryland_86896_Dep01_20180711,schedule,2018-08-22T21:45:00+00:00,,\\Repnas\w\projects\2018_UnivMD_Maryland_86896\86896_MD01_20180711\86896_MD01_AIFF\86896MD01_016K_M04_multi_20180822\86896MD01_016K_M04_multi_20180822_214500Z.aif,FALSE,,audio/aiff,,16,16000,23.5,,,
86896MD01_016K_M04_multi_20180822_230000Z.aif,2018_UnivMD_Maryland_86896_Dep01_20180711,schedule,2018-08-22T23:00:00+00:00,,\\Repnas\w\projects\2018_UnivMD_Maryland_86896\86896_MD01_20180711\86896_MD01_AIFF\86896MD01_016K_M04_multi_20180822\86896MD01_016K_M04_multi_20180822_230000Z.aif,FALSE,,audio/aiff,,16,16000,23.5,,,
86896MD01_016K_M04_multi_20180822_233000Z.aif,2018_UnivMD_Maryland_86896_Dep01_20180711,schedule,2018-08-22T23:30:00+00:00,,\\Repnas\w\projects\2018_UnivMD_Maryland_86896\86896_MD01_20180711\86896_MD01_AIFF\86896MD01_016K_M04_multi_20180822\86896MD01_016K_M04_multi_20180822_233000Z.aif,FALSE,,audio/aiff,,16,16000,23.5,,,
86896MD01_016K_M04_multi_20180822_234500Z.aif,2018_UnivMD_Maryland_86896_Dep01_20180711,schedule,2018-08-22T23:45:00+00:00,,\\Repnas\w\projects\2018_UnivMD_Maryland_86896\86896_MD01_20180711\86896_MD01_AIFF\86896MD01_016K_M04_multi_20180822\86896MD01_016K_M04_multi_20180822_234500Z.aif,FALSE,,audio/aiff,,16,16000,23.5,,,
86896MD01_016K_M04_multi_20180823_003000Z.aif,2018_UnivMD_Maryland_86896_Dep01_20180711,schedule,2018-08-23T00:30:00+00:00,,\\Repnas\w\projects\2018_UnivMD_Maryland_86896\86896_MD01_20180711\86896_MD01_AIFF\86896MD01_016K_M04_multi_20180823\86896MD01_016K_M04_multi_20180823_003000Z.aif,FALSE,,audio/aiff,,16,16000,23.5,,,
86896MD01_016K_M04_multi_20180823_004500Z.aif,2018_UnivMD_Maryland_86896_Dep01_20180711,schedule,2018-08-23T00:45:00+00:00,,\\Repnas\w\projects\2018_UnivMD_Maryland_86896\86896_MD01_20180711\86896_MD01_AIFF\86896MD01_016K_M04_multi_20180823\86896MD01_016K_M04_multi_20180823_004500Z.aif,FALSE,,audio/aiff,,16,16000,23.5,,,
86896MD01_016K_M04_multi_20180823_013000Z.aif,2018_UnivMD_Maryland_86896_Dep01_20180711,schedule,2018-08-23T01:30:00+00:00,,\\Repnas\w\projects\2018_UnivMD_Maryland_86896\86896_MD01_20180711\86896_MD01_AIFF\86896MD01_016K_M04_multi_20180823\86896MD01_016K_M04_multi_20180823_013000Z.aif,FALSE,,audio/aiff,,16,16000,23.5,,,
86896MD01_016K_M04_multi_20180823_023000Z.aif,2018_UnivMD_Maryland_86896_Dep01_20180711,schedule,2018-08-23T02:30:00+00:00,,\\Repnas\w\projects\2018_UnivMD_Maryland_86896\86896_MD01_20180711\86896_MD01_AIFF\86896MD01_016K_M04_multi_20180823\86896MD01_016K_M04_multi_20180823_023000Z.aif,FALSE,,audio/aiff,,16,16000,23.5,,,
86896MD01_016K_M04_multi_20180823_034500Z.aif,2018_UnivMD_Maryland_86896_Dep01_20180711,schedule,2018-08-23T03:45:00+00:00,,\\Repnas\w\projects\2018_UnivMD_Maryland_86896\86896_MD01_20180711\86896_MD01_AIFF\86896MD01_016K_M04_multi_20180823\86896MD01_016K_M04_multi_20180823_034500Z.aif,FALSE,,audio/aiff,,16,16000,23.5,,,
86896MD01_016K_M04_multi_20180823_043000Z.aif,2018_UnivMD_Maryland_86896_Dep01_20180711,schedule,2018-08-23T04:30:00+00:00,,\\Repnas\w\projects\2018_UnivMD_Maryland_86896\86896_MD01_20180711\86896_MD01_AIFF\86896MD01_016K_M04_multi_20180823\86896MD01_016K_M04_multi_20180823_043000Z.aif,FALSE,,audio/aiff,,16,16000,23.5,,,
86896MD01_016K_M04_multi_20180823_044500Z.aif,2018_UnivMD_Maryland_86896_Dep01_20180711,schedule,2018-08-23T04:45:00+00:00,,\\Repnas\w\projects\2018_UnivMD_Maryland_86896\86896_MD01_20180711\86896_MD01_AIFF\86896MD01_016K_M04_multi_20180823\86896MD01_016K_M04_multi_20180823_044500Z.aif,FALSE,,audio/aiff,,16,16000,23.5,,,
86896MD01_016K_M04_multi_20180823_050000Z.aif,2018_UnivMD_Maryland_86896_Dep01_20180711,schedule,2018-08-23T05:00:00+00:00,,\\Repnas\w\projects\2018_UnivMD_Maryland_86896\86896_MD01_20180711\86896_MD01_AIFF\86896MD01_016K_M04_multi_20180823\86896MD01_016K_M04_multi_20180823_050000Z.aif,FALSE,,audio/aiff,,16,16000,23.5,,,
86896MD01_016K_M04_multi_20180823_053000Z.aif,2018_UnivMD_Maryland_86896_Dep01_20180711,schedule,2018-08-23T05:30:00+00:00,,\\Repnas\w\projects\2018_UnivMD_Maryland_86896\86896_MD01_20180711\86896_MD01_AIFF\86896MD01_016K_M04_multi_20180823\86896MD01_016K_M04_multi_20180823_053000Z.aif,FALSE,,audio/aiff,,16,16000,23.5,,,
86896MD01_016K_M04_multi_20180823_054500Z.aif,2018_UnivMD_Maryland_86896_Dep01_20180711,schedule,2018-08-23T05:45:00+00:00,,\\Repnas\w\projects\2018_UnivMD_Maryland_86896\86896_MD01_20180711\86896_MD01_AIFF\86896MD01_016K_M04_multi_20180823\86896MD01_016K_M04_multi_20180823_054500Z.aif,FALSE,,audio/aiff,,16,16000,23.5,,,
86896MD01_016K_M04_multi_20180823_063000Z.aif,2018_UnivMD_Maryland_86896_Dep01_20180711,schedule,2018-08-23T06:30:00+00:00,,\\Repnas\w\projects\2018_UnivMD_Maryland_86896\86896_MD01_20180711\86896_MD01_AIFF\86896MD01_016K_M04_multi_20180823\86896MD01_016K_M04_multi_20180823_063000Z.aif,FALSE,,audio/aiff,,16,16000,23.5,,,
86896MD01_016K_M04_multi_20180823_073000Z.aif,2018_UnivMD_Maryland_86896_Dep01_20180711,schedule,2018-08-23T07:30:00+00:00,,\\Repnas\w\projects\2018_UnivMD_Maryland_86896\86896_MD01_20180711\86896_MD01_AIFF\86896MD01_016K_M04_multi_20180823\86896MD01_016K_M04_multi_20180823_073000Z.aif,FALSE,,audio/aiff,,16,16000,23.5,,,
86896MD01_016K_M04_multi_20180823_074500Z.aif,2018_UnivMD_Maryland_86896_Dep01_20180711,schedule,2018-08-23T07:45:00+00:00,,\\Repnas\w\projects\2018_UnivMD_Maryland_86896\86896_MD01_20180711\86896_MD01_AIFF\86896MD01_016K_M04_multi_20180823\86896MD01_016K_M04_multi_20180823_074500Z.aif,FALSE,,audio/aiff,,16,16000,23.5,,,
86896MD01_016K_M04_multi_20180823_080000Z.aif,2018_UnivMD_Maryland_86896_Dep01_20180711,schedule,2018-08-23T08:00:00+00:00,,\\Repnas\w\projects\2018_UnivMD_Maryland_86896\86896_MD01_20180711\86896_MD01_AIFF\86896MD01_016K_M04_multi_20180823\86896MD01_016K_M04_multi_20180823_080000Z.aif,FALSE,,audio/aiff,,16,16000,23.5,,,
86896MD01_016K_M04_multi_20180823_093000Z.aif,2018_UnivMD_Maryland_86896_Dep01_20180711,schedule,2018-08-23T09:30:00+00:00,,\\Repnas\w\projects\2018_UnivMD_Maryland_86896\86896_MD01_20180711\86896_MD01_AIFF\86896MD01_016K_M04_multi_20180823\86896MD01_016K_M04_multi_20180823_093000Z.aif,FALSE,,audio/aiff,,16,16000,23.5,,,
86896MD01_016K_M04_multi_20180823_094500Z.aif,2018_UnivMD_Maryland_86896_Dep01_20180711,schedule,2018-08-23T09:45:00+00:00,,\\Repnas\w\projects\2018_UnivMD_Maryland_86896\86896_MD01_20180711\86896_MD01_AIFF\86896MD01_016K_M04_multi_20180823\86896MD01_016K_M04_multi_20180823_094500Z.aif,FALSE,,audio/aiff,,16,16000,23.5,,,
86896MD01_016K_M04_multi_20180823_101500Z.aif,2018_UnivMD_Maryland_86896_Dep01_20180711,schedule,2018-08-23T10:15:00+00:00,,\\Repnas\w\projects\2018_UnivMD_Maryland_86896\86896_MD01_20180711\86896_MD01_AIFF\86896MD01_016K_M04_multi_20180823\86896MD01_016K_M04_multi_20180823_101500Z.aif,FALSE,,audio/aiff,,16,16000,23.5,,,
86896MD01_016K_M04_multi_20180823_103000Z.aif,2018_UnivMD_Maryland_86896_Dep01_20180711,schedule,2018-08-23T10:30:00+00:00,,\\Repnas\w\projects\2018_UnivMD_Maryland_86896\86896_MD01_20180711\86896_MD01_AIFF\86896MD01_016K_M04_multi_20180823\86896MD01_016K_M04_multi_20180823_103000Z.aif,FALSE,,audio/aiff,,16,16000,23.5,,,
86896MD01_016K_M04_multi_20180823_104500Z.aif,2018_UnivMD_Maryland_86896_Dep01_20180711,schedule,2018-08-23T10:45:00+00:00,,\\Repnas\w\projects\2018_UnivMD_Maryland_86896\86896_MD01_20180711\86896_MD01_AIFF\86896MD01_016K_M04_multi_20180823\86896MD01_016K_M04_multi_20180823_104500Z.aif,FALSE,,audio/aiff,,16,16000,23.5,,,
86896MD01_016K_M04_multi_20180823_114500Z.aif,2018_UnivMD_Maryland_86896_Dep01_20180711,schedule,2018-08-23T11:45:00+00:00,,\\Repnas\w\projects\2018_UnivMD_Maryland_86896\86896_MD01_20180711\86896_MD01_AIFF\86896MD01_016K_M04_multi_20180823\86896MD01_016K_M04_multi_20180823_114500Z.aif,FALSE,,audio/aiff,,16,16000,23.5,,,
86896MD01_016K_M04_multi_20180823_121500Z.aif,2018_UnivMD_Maryland_86896_Dep01_20180711,schedule,2018-08-23T12:15:00+00:00,,\\Repnas\w\projects\2018_UnivMD_Maryland_86896\86896_MD01_20180711\86896_MD01_AIFF\86896MD01_016K_M04_multi_20180823\86896MD01_016K_M04_multi_20180823_121500Z.aif,FALSE,,audio/aiff,,16,16000,23.5,,,
86896MD01_016K_M04_multi_20180823_140000Z.aif,2018_UnivMD_Maryland_86896_Dep01_20180711,schedule,2018-08-23T14:00:00+00:00,,\\Repnas\w\projects\2018_UnivMD_Maryland_86896\86896_MD01_20180711\86896_MD01_AIFF\86896MD01_016K_M04_multi_20180823\86896MD01_016K_M04_multi_20180823_140000Z.aif,FALSE,,audio/aiff,,16,16000,23.5,,,
86896MD01_016K_M04_multi_20180823_150000Z.aif,2018_UnivMD_Maryland_86896_Dep01_20180711,schedule,2018-08-23T15:00:00+00:00,,\\Repnas\w\projects\2018_UnivMD_Maryland_86896\86896_MD01_20180711\86896_MD01_AIFF\86896MD01_016K_M04_multi_20180823\86896MD01_016K_M04_multi_20180823_150000Z.aif,FALSE,,audio/aiff,,16,16000,23.5,,,
86896MD01_016K_M04_multi_20180823_154500Z.aif,2018_UnivMD_Maryland_86896_Dep01_20180711,schedule,2018-08-23T15:45:00+00:00,,\\Repnas\w\projects\2018_UnivMD_Maryland_86896\86896_MD01_20180711\86896_MD01_AIFF\86896MD01_016K_M04_multi_20180823\86896MD01_016K_M04_multi_20180823_154500Z.aif,FALSE,,audio/aiff,,16,16000,23.5,,,
86896MD01_016K_M04_multi_20180823_163000Z.aif,2018_UnivMD_Maryland_86896_Dep01_20180711,schedule,2018-08-23T16:30:00+00:00,,\\Repnas\w\projects\2018_UnivMD_Maryland_86896\86896_MD01_20180711\86896_MD01_AIFF\86896MD01_016K_M04_multi_20180823\86896MD01_016K_M04_multi_20180823_163000Z.aif,FALSE,,audio/aiff,,16,16000,23.5,,,
86896MD01_016K_M04_multi_20180823_171500Z.aif,2018_UnivMD_Maryland_86896_Dep01_20180711,schedule,2018-08-23T17:15:00+00:00,,\\Repnas\w\projects\2018_UnivMD_Maryland_86896\86896_MD01_20180711\86896_MD01_AIFF\86896MD01_016K_M04_multi_20180823\86896MD01_016K_M04_multi_20180823_171500Z.aif,FALSE,,audio/aiff,,16,16000,23.5,,,
86896MD01_016K_M04_multi_20180823_173000Z.aif,2018_UnivMD_Maryland_86896_Dep01_20180711,schedule,2018-08-23T17:30:00+00:00,,\\Repnas\w\projects\2018_UnivMD_Maryland_86896\86896_MD01_20180711\86896_MD01_AIFF\86896MD01_016K_M04_multi_20180823\86896MD01_016K_M04_multi_20180823_173000Z.aif,FALSE,,audio/aiff,,16,16000,23.5,,,
86896MD01_016K_M04_multi_20180823_180000Z.aif,2018_UnivMD_Maryland_86896_Dep01_20180711,schedule,2018-08-23T18:00:00+00:00,,\\Repnas\w\projects\2018_UnivMD_Maryland_86896\86896_MD01_20180711\86896_MD01_AIFF\86896MD01_016K_M04_multi_20180823\86896MD01_016K_M04_multi_20180823_180000Z.aif,FALSE,,audio/aiff,,16,16000,23.5,,,
86896MD01_016K_M04_multi_20180823_201500Z.aif,2018_UnivMD_Maryland_86896_Dep01_20180711,schedule,2018-08-23T20:15:00+00:00,,\\Repnas\w\projects\2018_UnivMD_Maryland_86896\86896_MD01_20180711\86896_MD01_AIFF\86896MD01_016K_M04_multi_20180823\86896MD01_016K_M04_multi_20180823_201500Z.aif,FALSE,,audio/aiff,,16,16000,23.5,,,
86896MD01_016K_M04_multi_20180823_210000Z.aif,2018_UnivMD_Maryland_86896_Dep01_20180711,schedule,2018-08-23T21:00:00+00:00,,\\Repnas\w\projects\2018_UnivMD_Maryland_86896\86896_MD01_20180711\86896_MD01_AIFF\86896MD01_016K_M04_multi_20180823\86896MD01_016K_M04_multi_20180823_210000Z.aif,FALSE,,audio/aiff,,16,16000,23.5,,,
86896MD01_016K_M04_multi_20180823_220000Z.aif,2018_UnivMD_Maryland_86896_Dep01_20180711,schedule,2018-08-23T22:00:00+00:00,,\\Repnas\w\projects\2018_UnivMD_Maryland_86896\86896_MD01_20180711\86896_MD01_AIFF\86896MD01_016K_M04_multi_20180823\86896MD01_016K_M04_multi_20180823_220000Z.aif,FALSE,,audio/aiff,,16,16000,23.5,,,
86896MD01_016K_M04_multi_20180823_223000Z.aif,2018_UnivMD_Maryland_86896_Dep01_20180711,schedule,2018-08-23T22:30:00+00:00,,\\Repnas\w\projects\2018_UnivMD_Maryland_86896\86896_MD01_20180711\86896_MD01_AIFF\86896MD01_016K_M04_multi_20180823\86896MD01_016K_M04_multi_20180823_223000Z.aif,FALSE,,audio/aiff,,16,16000,23.5,,,
86896MD01_016K_M04_multi_20180823_224500Z.aif,2018_UnivMD_Maryland_86896_Dep01_20180711,schedule,2018-08-23T22:45:00+00:00,,\\Repnas\w\projects\2018_UnivMD_Maryland_86896\86896_MD01_20180711\86896_MD01_AIFF\86896MD01_016K_M04_multi_20180823\86896MD01_016K_M04_multi_20180823_224500Z.aif,FALSE,,audio/aiff,,16,16000,23.5,,,
86896MD01_016K_M04_multi_20180823_230000Z.aif,2018_UnivMD_Maryland_86896_Dep01_20180711,schedule,2018-08-23T23:00:00+00:00,,\\Repnas\w\projects\2018_UnivMD_Maryland_86896\86896_MD01_20180711\86896_MD01_AIFF\86896MD01_016K_M04_multi_20180823\86896MD01_016K_M04_multi_20180823_230000Z.aif,FALSE,,audio/aiff,,16,16000,23.5,,,
86896MD01_016K_M04_multi_20180823_231500Z.aif,2018_UnivMD_Maryland_86896_Dep01_20180711,schedule,2018-08-23T23:15:00+00:00,,\\Repnas\w\projects\2018_UnivMD_Maryland_86896\86896_MD01_20180711\86896_MD01_AIFF\86896MD01_016K_M04_multi_20180823\86896MD01_016K_M04_multi_20180823_231500Z.aif,FALSE,,audio/aiff,,16,16000,23.5,,,
86896MD01_016K_M04_multi_20180823_233000Z.aif,2018_UnivMD_Maryland_86896_Dep01_20180711,schedule,2018-08-23T23:30:00+00:00,,\\Repnas\w\projects\2018_UnivMD_Maryland_86896\86896_MD01_20180711\86896_MD01_AIFF\86896MD01_016K_M04_multi_20180823\86896MD01_016K_M04_multi_20180823_233000Z.aif,FALSE,,audio/aiff,,16,16000,23.5,,,
86896MD01_016K_M04_multi_20180824_010000Z.aif,2018_UnivMD_Maryland_86896_Dep01_20180711,schedule,2018-08-24T01:00:00+00:00,,\\Repnas\w\projects\2018_UnivMD_Maryland_86896\86896_MD01_20180711\86896_MD01_AIFF\86896MD01_016K_M04_multi_20180824\86896MD01_016K_M04_multi_20180824_010000Z.aif,FALSE,,audio/aiff,,16,16000,23.5,,,
86896MD01_016K_M04_multi_20180824_014500Z.aif,2018_UnivMD_Maryland_86896_Dep01_20180711,schedule,2018-08-24T01:45:00+00:00,,\\Repnas\w\projects\2018_UnivMD_Maryland_86896\86896_MD01_20180711\86896_MD01_AIFF\86896MD01_016K_M04_multi_20180824\86896MD01_016K_M04_multi_20180824_014500Z.aif,FALSE,,audio/aiff,,16,16000,23.5,,,
86896MD01_016K_M04_multi_20180824_021500Z.aif,2018_UnivMD_Maryland_86896_Dep01_20180711,schedule,2018-08-24T02:15:00+00:00,,\\Repnas\w\projects\2018_UnivMD_Maryland_86896\86896_MD01_20180711\86896_MD01_AIFF\86896MD01_016K_M04_multi_20180824\86896MD01_016K_M04_multi_20180824_021500Z.aif,FALSE,,audio/aiff,,16,16000,23.5,,,
86896MD01_016K_M04_multi_20180824_023000Z.aif,2018_UnivMD_Maryland_86896_Dep01_20180711,schedule,2018-08-24T02:30:00+00:00,,\\Repnas\w\projects\2018_UnivMD_Maryland_86896\86896_MD01_20180711\86896_MD01_AIFF\86896MD01_016K_M04_multi_20180824\86896MD01_016K_M04_multi_20180824_023000Z.aif,FALSE,,audio/aiff,,16,16000,23.5,,,
86896MD01_016K_M04_multi_20180824_030000Z.aif,2018_UnivMD_Maryland_86896_Dep01_20180711,schedule,2018-08-24T03:00:00+00:00,,\\Repnas\w\projects\2018_UnivMD_Maryland_86896\86896_MD01_20180711\86896_MD01_AIFF\86896MD01_016K_M04_multi_20180824\86896MD01_016K_M04_multi_20180824_030000Z.aif,FALSE,,audio/aiff,,16,16000,23.5,,,
86896MD01_016K_M04_multi_20180824_034500Z.aif,2018_UnivMD_Maryland_86896_Dep01_20180711,schedule,2018-08-24T03:45:00+00:00,,\\Repnas\w\projects\2018_UnivMD_Maryland_86896\86896_MD01_20180711\86896_MD01_AIFF\86896MD01_016K_M04_multi_20180824\86896MD01_016K_M04_multi_20180824_034500Z.aif,FALSE,,audio/aiff,,16,16000,23.5,,,
86896MD01_016K_M04_multi_20180824_041500Z.aif,2018_UnivMD_Maryland_86896_Dep01_20180711,schedule,2018-08-24T04:15:00+00:00,,\\Repnas\w\projects\2018_UnivMD_Maryland_86896\86896_MD01_20180711\86896_MD01_AIFF\86896MD01_016K_M04_multi_20180824\86896MD01_016K_M04_multi_20180824_041500Z.aif,FALSE,,audio/aiff,,16,16000,23.5,,,
86896MD01_016K_M04_multi_20180824_043000Z.aif,2018_UnivMD_Maryland_86896_Dep01_20180711,schedule,2018-08-24T04:30:00+00:00,,\\Repnas\w\projects\2018_UnivMD_Maryland_86896\86896_MD01_20180711\86896_MD01_AIFF\86896MD01_016K_M04_multi_20180824\86896MD01_016K_M04_multi_20180824_043000Z.aif,FALSE,,audio/aiff,,16,16000,23.5,,,
86896MD01_016K_M04_multi_20180824_060000Z.aif,2018_UnivMD_Maryland_86896_Dep01_20180711,schedule,2018-08-24T06:00:00+00:00,,\\Repnas\w\projects\2018_UnivMD_Maryland_86896\86896_MD01_20180711\86896_MD01_AIFF\86896MD01_016K_M04_multi_20180824\86896MD01_016K_M04_multi_20180824_060000Z.aif,FALSE,,audio/aiff,,16,16000,23.5,,,
86896MD01_016K_M04_multi_20180824_061500Z.aif,2018_UnivMD_Maryland_86896_Dep01_20180711,schedule,2018-08-24T06:15:00+00:00,,\\Repnas\w\projects\2018_UnivMD_Maryland_86896\86896_MD01_20180711\86896_MD01_AIFF\86896MD01_016K_M04_multi_20180824\86896MD01_016K_M04_multi_20180824_061500Z.aif,FALSE,,audio/aiff,,16,16000,23.5,,,
86896MD01_016K_M04_multi_20180824_063000Z.aif,2018_UnivMD_Maryland_86896_Dep01_20180711,schedule,2018-08-24T06:30:00+00:00,,\\Repnas\w\projects\2018_UnivMD_Maryland_86896\86896_MD01_20180711\86896_MD01_AIFF\86896MD01_016K_M04_multi_20180824\86896MD01_016K_M04_multi_20180824_063000Z.aif,FALSE,,audio/aiff,,16,16000,23.5,,,
86896MD01_016K_M04_multi_20180824_071500Z.aif,2018_UnivMD_Maryland_86896_Dep01_20180711,schedule,2018-08-24T07:15:00+00:00,,\\Repnas\w\projects\2018_UnivMD_Maryland_86896\86896_MD01_20180711\86896_MD01_AIFF\86896MD01_016K_M04_multi_20180824\86896MD01_016K_M04_multi_20180824_071500Z.aif,FALSE,,audio/aiff,,16,16000,23.5,,,
86896MD01_016K_M04_multi_20180824_081500Z.aif,2018_UnivMD_Maryland_86896_Dep01_20180711,schedule,2018-08-24T08:15:00+00:00,,\\Repnas\w\projects\2018_UnivMD_Maryland_86896\86896_MD01_20180711\86896_MD01_AIFF\86896MD01_016K_M04_multi_20180824\86896MD01_016K_M04_multi_20180824_081500Z.aif,FALSE,,audio/aiff,,16,16000,23.5,,,
86896MD01_016K_M04_multi_20180824_091500Z.aif,2018_UnivMD_Maryland_86896_Dep01_20180711,schedule,2018-08-24T09:15:00+00:00,,\\Repnas\w\projects\2018_UnivMD_Maryland_86896\86896_MD01_20180711\86896_MD01_AIFF\86896MD01_016K_M04_multi_20180824\86896MD01_016K_M04_multi_20180824_091500Z.aif,FALSE,,audio/aiff,,16,16000,23.5,,,
86896MD01_016K_M04_multi_20180824_104500Z.aif,2018_UnivMD_Maryland_86896_Dep01_20180711,schedule,2018-08-24T10:45:00+00:00,,\\Repnas\w\projects\2018_UnivMD_Maryland_86896\86896_MD01_20180711\86896_MD01_AIFF\86896MD01_016K_M04_multi_20180824\86896MD01_016K_M04_multi_20180824_104500Z.aif,FALSE,,audio/aiff,,16,16000,23.5,,,
86896MD01_016K_M04_multi_20180824_110000Z.aif,2018_UnivMD_Maryland_86896_Dep01_20180711,schedule,2018-08-24T11:00:00+00:00,,\\Repnas\w\projects\2018_UnivMD_Maryland_86896\86896_MD01_20180711\86896_MD01_AIFF\86896MD01_016K_M04_multi_20180824\86896MD01_016K_M04_multi_20180824_110000Z.aif,FALSE,,audio/aiff,,16,16000,23.5,,,
86896MD01_016K_M04_multi_20180824_113000Z.aif,2018_UnivMD_Maryland_86896_Dep01_20180711,schedule,2018-08-24T11:30:00+00:00,,\\Repnas\w\projects\2018_UnivMD_Maryland_86896\86896_MD01_20180711\86896_MD01_AIFF\86896MD01_016K_M04_multi_20180824\86896MD01_016K_M04_multi_20180824_113000Z.aif,FALSE,,audio/aiff,,16,16000,23.5,,,
86896MD01_016K_M04_multi_20180824_161500Z.aif,2018_UnivMD_Maryland_86896_Dep01_20180711,schedule,2018-08-24T16:15:00+00:00,,\\Repnas\w\projects\2018_UnivMD_Maryland_86896\86896_MD01_20180711\86896_MD01_AIFF\86896MD01_016K_M04_multi_20180824\86896MD01_016K_M04_multi_20180824_161500Z.aif,FALSE,,audio/aiff,,16,16000,23.5,,,
86896MD01_016K_M04_multi_20180824_173000Z.aif,2018_UnivMD_Maryland_86896_Dep01_20180711,schedule,2018-08-24T17:30:00+00:00,,\\Repnas\w\projects\2018_UnivMD_Maryland_86896\86896_MD01_20180711\86896_MD01_AIFF\86896MD01_016K_M04_multi_20180824\86896MD01_016K_M04_multi_20180824_173000Z.aif,FALSE,,audio/aiff,,16,16000,23.5,,,
86896MD01_016K_M04_multi_20180824_191500Z.aif,2018_UnivMD_Maryland_86896_Dep01_20180711,schedule,2018-08-24T19:15:00+00:00,,\\Repnas\w\projects\2018_UnivMD_Maryland_86896\86896_MD01_20180711\86896_MD01_AIFF\86896MD01_016K_M04_multi_20180824\86896MD01_016K_M04_multi_20180824_191500Z.aif,FALSE,,audio/aiff,,16,16000,23.5,,,
86896MD01_016K_M04_multi_20180824_224500Z.aif,2018_UnivMD_Maryland_86896_Dep01_20180711,schedule,2018-08-24T22:45:00+00:00,,\\Repnas\w\projects\2018_UnivMD_Maryland_86896\86896_MD01_20180711\86896_MD01_AIFF\86896MD01_016K_M04_multi_20180824\86896MD01_016K_M04_multi_20180824_224500Z.aif,FALSE,,audio/aiff,,16,16000,23.5,,,
86896MD01_016K_M04_multi_20180824_230000Z.aif,2018_UnivMD_Maryland_86896_Dep01_20180711,schedule,2018-08-24T23:00:00+00:00,,\\Repnas\w\projects\2018_UnivMD_Maryland_86896\86896_MD01_20180711\86896_MD01_AIFF\86896MD01_016K_M04_multi_20180824\86896MD01_016K_M04_multi_20180824_230000Z.aif,FALSE,,audio/aiff,,16,16000,23.5,,,
86896MD01_016K_M04_multi_20180824_231500Z.aif,2018_UnivMD_Maryland_86896_Dep01_20180711,schedule,2018-08-24T23:15:00+00:00,,\\Repnas\w\projects\2018_UnivMD_Maryland_86896\86896_MD01_20180711\86896_MD01_AIFF\86896MD01_016K_M04_multi_20180824\86896MD01_016K_M04_multi_20180824_231500Z.aif,FALSE,,audio/aiff,,16,16000,23.5,,,
86896MD01_016K_M04_multi_20180824_234500Z.aif,2018_UnivMD_Maryland_86896_Dep01_20180711,schedule,2018-08-24T23:45:00+00:00,,\\Repnas\w\projects\2018_UnivMD_Maryland_86896\86896_MD01_20180711\86896_MD01_AIFF\86896MD01_016K_M04_multi_20180824\86896MD01_016K_M04_multi_20180824_234500Z.aif,FALSE,,audio/aiff,,16,16000,23.5,,,
86896MD01_016K_M04_multi_20180825_003000Z.aif,2018_UnivMD_Maryland_86896_Dep01_20180711,schedule,2018-08-25T00:30:00+00:00,,\\Repnas\w\projects\2018_UnivMD_Maryland_86896\86896_MD01_20180711\86896_MD01_AIFF\86896MD01_016K_M04_multi_20180825\86896MD01_016K_M04_multi_20180825_003000Z.aif,FALSE,,audio/aiff,,16,16000,23.5,,,
86896MD01_016K_M04_multi_20180825_004500Z.aif,2018_UnivMD_Maryland_86896_Dep01_20180711,schedule,2018-08-25T00:45:00+00:00,,\\Repnas\w\projects\2018_UnivMD_Maryland_86896\86896_MD01_20180711\86896_MD01_AIFF\86896MD01_016K_M04_multi_20180825\86896MD01_016K_M04_multi_20180825_004500Z.aif,FALSE,,audio/aiff,,16,16000,23.5,,,
86896MD01_016K_M04_multi_20180825_014500Z.aif,2018_UnivMD_Maryland_86896_Dep01_20180711,schedule,2018-08-25T01:45:00+00:00,,\\Repnas\w\projects\2018_UnivMD_Maryland_86896\86896_MD01_20180711\86896_MD01_AIFF\86896MD01_016K_M04_multi_20180825\86896MD01_016K_M04_multi_20180825_014500Z.aif,FALSE,,audio/aiff,,16,16000,23.5,,,
86896MD01_016K_M04_multi_20180825_023000Z.aif,2018_UnivMD_Maryland_86896_Dep01_20180711,schedule,2018-08-25T02:30:00+00:00,,\\Repnas\w\projects\2018_UnivMD_Maryland_86896\86896_MD01_20180711\86896_MD01_AIFF\86896MD01_016K_M04_multi_20180825\86896MD01_016K_M04_multi_20180825_023000Z.aif,FALSE,,audio/aiff,,16,16000,23.5,,,
86896MD01_016K_M04_multi_20180825_024500Z.aif,2018_UnivMD_Maryland_86896_Dep01_20180711,schedule,2018-08-25T02:45:00+00:00,,\\Repnas\w\projects\2018_UnivMD_Maryland_86896\86896_MD01_20180711\86896_MD01_AIFF\86896MD01_016K_M04_multi_20180825\86896MD01_016K_M04_multi_20180825_024500Z.aif,FALSE,,audio/aiff,,16,16000,23.5,,,
86896MD01_016K_M04_multi_20180825_031500Z.aif,2018_UnivMD_Maryland_86896_Dep01_20180711,schedule,2018-08-25T03:15:00+00:00,,\\Repnas\w\projects\2018_UnivMD_Maryland_86896\86896_MD01_20180711\86896_MD01_AIFF\86896MD01_016K_M04_multi_20180825\86896MD01_016K_M04_multi_20180825_031500Z.aif,FALSE,,audio/aiff,,16,16000,23.5,,,
86896MD01_016K_M04_multi_20180825_044500Z.aif,2018_UnivMD_Maryland_86896_Dep01_20180711,schedule,2018-08-25T04:45:00+00:00,,\\Repnas\w\projects\2018_UnivMD_Maryland_86896\86896_MD01_20180711\86896_MD01_AIFF\86896MD01_016K_M04_multi_20180825\86896MD01_016K_M04_multi_20180825_044500Z.aif,FALSE,,audio/aiff,,16,16000,23.5,,,
86896MD01_016K_M04_multi_20180825_071500Z.aif,2018_UnivMD_Maryland_86896_Dep01_20180711,schedule,2018-08-25T07:15:00+00:00,,\\Repnas\w\projects\2018_UnivMD_Maryland_86896\86896_MD01_20180711\86896_MD01_AIFF\86896MD01_016K_M04_multi_20180825\86896MD01_016K_M04_multi_20180825_071500Z.aif,FALSE,,audio/aiff,,16,16000,23.5,,,
86896MD01_016K_M04_multi_20180825_081500Z.aif,2018_UnivMD_Maryland_86896_Dep01_20180711,schedule,2018-08-25T08:15:00+00:00,,\\Repnas\w\projects\2018_UnivMD_Maryland_86896\86896_MD01_20180711\86896_MD01_AIFF\86896MD01_016K_M04_multi_20180825\86896MD01_016K_M04_multi_20180825_081500Z.aif,FALSE,,audio/aiff,,16,16000,23.5,,,
86896MD01_016K_M04_multi_20180825_090000Z.aif,2018_UnivMD_Maryland_86896_Dep01_20180711,schedule,2018-08-25T09:00:00+00:00,,\\Repnas\w\projects\2018_UnivMD_Maryland_86896\86896_MD01_20180711\86896_MD01_AIFF\86896MD01_016K_M04_multi_20180825\86896MD01_016K_M04_multi_20180825_090000Z.aif,FALSE,,audio/aiff,,16,16000,23.5,,,
86896MD01_016K_M04_multi_20180825_110000Z.aif,2018_UnivMD_Maryland_86896_Dep01_20180711,schedule,2018-08-25T11:00:00+00:00,,\\Repnas\w\projects\2018_UnivMD_Maryland_86896\86896_MD01_20180711\86896_MD01_AIFF\86896MD01_016K_M04_multi_20180825\86896MD01_016K_M04_multi_20180825_110000Z.aif,FALSE,,audio/aiff,,16,16000,23.5,,,
86896MD01_016K_M04_multi_20180825_130000Z.aif,2018_UnivMD_Maryland_86896_Dep01_20180711,schedule,2018-08-25T13:00:00+00:00,,\\Repnas\w\projects\2018_UnivMD_Maryland_86896\86896_MD01_20180711\86896_MD01_AIFF\86896MD01_016K_M04_multi_20180825\86896MD01_016K_M04_multi_20180825_130000Z.aif,FALSE,,audio/aiff,,16,16000,23.5,,,
86896MD01_016K_M04_multi_20180825_144500Z.aif,2018_UnivMD_Maryland_86896_Dep01_20180711,schedule,2018-08-25T14:45:00+00:00,,\\Repnas\w\projects\2018_UnivMD_Maryland_86896\86896_MD01_20180711\86896_MD01_AIFF\86896MD01_016K_M04_multi_20180825\86896MD01_016K_M04_multi_20180825_144500Z.aif,FALSE,,audio/aiff,,16,16000,23.5,,,
86896MD01_016K_M04_multi_20180825_173000Z.aif,2018_UnivMD_Maryland_86896_Dep01_20180711,schedule,2018-08-25T17:30:00+00:00,,\\Repnas\w\projects\2018_UnivMD_Maryland_86896\86896_MD01_20180711\86896_MD01_AIFF\86896MD01_016K_M04_multi_20180825\86896MD01_016K_M04_multi_20180825_173000Z.aif,FALSE,,audio/aiff,,16,16000,23.5,,,
86896MD01_016K_M04_multi_20180825_174500Z.aif,2018_UnivMD_Maryland_86896_Dep01_20180711,schedule,2018-08-25T17:45:00+00:00,,\\Repnas\w\projects\2018_UnivMD_Maryland_86896\86896_MD01_20180711\86896_MD01_AIFF\86896MD01_016K_M04_multi_20180825\86896MD01_016K_M04_multi_20180825_174500Z.aif,FALSE,,audio/aiff,,16,16000,23.5,,,
86896MD01_016K_M04_multi_20180825_204500Z.aif,2018_UnivMD_Maryland_86896_Dep01_20180711,schedule,2018-08-25T20:45:00+00:00,,\\Repnas\w\projects\2018_UnivMD_Maryland_86896\86896_MD01_20180711\86896_MD01_AIFF\86896MD01_016K_M04_multi_20180825\86896MD01_016K_M04_multi_20180825_204500Z.aif,FALSE,,audio/aiff,,16,16000,23.5,,,
86896MD01_016K_M04_multi_20180825_231500Z.aif,2018_UnivMD_Maryland_86896_Dep01_20180711,schedule,2018-08-25T23:15:00+00:00,,\\Repnas\w\projects\2018_UnivMD_Maryland_86896\86896_MD01_20180711\86896_MD01_AIFF\86896MD01_016K_M04_multi_20180825\86896MD01_016K_M04_multi_20180825_231500Z.aif,FALSE,,audio/aiff,,16,16000,23.5,,,
86896MD01_016K_M04_multi_20180826_013000Z.aif,2018_UnivMD_Maryland_86896_Dep01_20180711,schedule,2018-08-26T01:30:00+00:00,,\\Repnas\w\projects\2018_UnivMD_Maryland_86896\86896_MD01_20180711\86896_MD01_AIFF\86896MD01_016K_M04_multi_20180826\86896MD01_016K_M04_multi_20180826_013000Z.aif,FALSE,,audio/aiff,,16,16000,23.5,,,
86896MD01_016K_M04_multi_20180826_033000Z.aif,2018_UnivMD_Maryland_86896_Dep01_20180711,schedule,2018-08-26T03:30:00+00:00,,\\Repnas\w\projects\2018_UnivMD_Maryland_86896\86896_MD01_20180711\86896_MD01_AIFF\86896MD01_016K_M04_multi_20180826\86896MD01_016K_M04_multi_20180826_033000Z.aif,FALSE,,audio/aiff,,16,16000,23.5,,,
86896MD01_016K_M04_multi_20180826_063000Z.aif,2018_UnivMD_Maryland_86896_Dep01_20180711,schedule,2018-08-26T06:30:00+00:00,,\\Repnas\w\projects\2018_UnivMD_Maryland_86896\86896_MD01_20180711\86896_MD01_AIFF\86896MD01_016K_M04_multi_20180826\86896MD01_016K_M04_multi_20180826_063000Z.aif,FALSE,,audio/aiff,,16,16000,23.5,,,
86896MD01_016K_M04_multi_20180826_070000Z.aif,2018_UnivMD_Maryland_86896_Dep01_20180711,schedule,2018-08-26T07:00:00+00:00,,\\Repnas\w\projects\2018_UnivMD_Maryland_86896\86896_MD01_20180711\86896_MD01_AIFF\86896MD01_016K_M04_multi_20180826\86896MD01_016K_M04_multi_20180826_070000Z.aif,FALSE,,audio/aiff,,16,16000,23.5,,,
86896MD01_016K_M04_multi_20180826_084500Z.aif,2018_UnivMD_Maryland_86896_Dep01_20180711,schedule,2018-08-26T08:45:00+00:00,,\\Repnas\w\projects\2018_UnivMD_Maryland_86896\86896_MD01_20180711\86896_MD01_AIFF\86896MD01_016K_M04_multi_20180826\86896MD01_016K_M04_multi_20180826_084500Z.aif,FALSE,,audio/aiff,,16,16000,23.5,,,
86896MD01_016K_M04_multi_20180826_094500Z.aif,2018_UnivMD_Maryland_86896_Dep01_20180711,schedule,2018-08-26T09:45:00+00:00,,\\Repnas\w\projects\2018_UnivMD_Maryland_86896\86896_MD01_20180711\86896_MD01_AIFF\86896MD01_016K_M04_multi_20180826\86896MD01_016K_M04_multi_20180826_094500Z.aif,FALSE,,audio/aiff,,16,16000,23.5,,,
86896MD01_016K_M04_multi_20180826_101500Z.aif,2018_UnivMD_Maryland_86896_Dep01_20180711,schedule,2018-08-26T10:15:00+00:00,,\\Repnas\w\projects\2018_UnivMD_Maryland_86896\86896_MD01_20180711\86896_MD01_AIFF\86896MD01_016K_M04_multi_20180826\86896MD01_016K_M04_multi_20180826_101500Z.aif,FALSE,,audio/aiff,,16,16000,23.5,,,
86896MD01_016K_M04_multi_20180826_104500Z.aif,2018_UnivMD_Maryland_86896_Dep01_20180711,schedule,2018-08-26T10:45:00+00:00,,\\Repnas\w\projects\2018_UnivMD_Maryland_86896\86896_MD01_20180711\86896_MD01_AIFF\86896MD01_016K_M04_multi_20180826\86896MD01_016K_M04_multi_20180826_104500Z.aif,FALSE,,audio/aiff,,16,16000,23.5,,,
86896MD01_016K_M04_multi_20180826_114500Z.aif,2018_UnivMD_Maryland_86896_Dep01_20180711,schedule,2018-08-26T11:45:00+00:00,,\\Repnas\w\projects\2018_UnivMD_Maryland_86896\86896_MD01_20180711\86896_MD01_AIFF\86896MD01_016K_M04_multi_20180826\86896MD01_016K_M04_multi_20180826_114500Z.aif,FALSE,,audio/aiff,,16,16000,23.5,,,
86896MD01_016K_M04_multi_20180826_140000Z.aif,2018_UnivMD_Maryland_86896_Dep01_20180711,schedule,2018-08-26T14:00:00+00:00,,\\Repnas\w\projects\2018_UnivMD_Maryland_86896\86896_MD01_20180711\86896_MD01_AIFF\86896MD01_016K_M04_multi_20180826\86896MD01_016K_M04_multi_20180826_140000Z.aif,FALSE,,audio/aiff,,16,16000,23.5,,,
86896MD01_016K_M04_multi_20180826_143000Z.aif,2018_UnivMD_Maryland_86896_Dep01_20180711,schedule,2018-08-26T14:30:00+00:00,,\\Repnas\w\projects\2018_UnivMD_Maryland_86896\86896_MD01_20180711\86896_MD01_AIFF\86896MD01_016K_M04_multi_20180826\86896MD01_016K_M04_multi_20180826_143000Z.aif,FALSE,,audio/aiff,,16,16000,23.5,,,
86896MD01_016K_M04_multi_20180826_153000Z.aif,2018_UnivMD_Maryland_86896_Dep01_20180711,schedule,2018-08-26T15:30:00+00:00,,\\Repnas\w\projects\2018_UnivMD_Maryland_86896\86896_MD01_20180711\86896_MD01_AIFF\86896MD01_016K_M04_multi_20180826\86896MD01_016K_M04_multi_20180826_153000Z.aif,FALSE,,audio/aiff,,16,16000,23.5,,,
