observationID,deploymentID,mediaID,eventID,eventStart,eventEnd,observationLevel,observationType,deviceSetupType,scientificName,count,lifeStage,sex,behavior,individualID,individualPositionRadius,individualPositionAngle,individualSpeed,bboxX,bboxY,bboxWidth,bboxHeight,frequencyLow,frequencyHigh,classificationMethod,classifiedBy,classificationTimestamp,classificationProbability,classificationConfirmation,observationTags,observationComments
86896MD01_016K_M04_multi_20180711_130000Z_59,2018_UnivMD_Maryland_86896_Dep01_20180711,86896MD01_016K_M04_multi_20180711_130000Z.aif,,2719.272263,2723.735743,interval,animal,,Balaenoptera physalus,,,,,,,,,,,,,,,machine,,,0.709680,,,parm file = FW2O_p25.mat
86896MD01_016K_M04_multi_20180711_134500Z_134,2018_UnivMD_Maryland_86896_Dep01_20180711,86896MD01_016K_M04_multi_20180711_134500Z.aif,,5400.419978,5406.236028,interval,animal,,Balaenoptera physalus,,,,,,,,,,,,,,,machine,,,0.703338,,,parm file = FW2O_p25.mat
86896MD01_016K_M04_multi_20180711_144500Z_205,2018_UnivMD_Maryland_86896_Dep01_20180711,86896MD01_016K_M04_multi_20180711_144500Z.aif,,9886.000256,9890.463736,interval,animal,,Balaenoptera physalus,,,,,,,,,,,,,,,machine,,,0.527510,,,parm file = FW2O_p25.mat
86896MD01_016K_M04_multi_20180711_150000Z_236,2018_UnivMD_Maryland_86896_Dep01_20180711,86896MD01_016K_M04_multi_20180711_150000Z.aif,,10694.872260,10699.335740,interval,animal,,Balaenoptera physalus,,,,,,,,,,,,,,,machine,,,0.742972,,,parm file = FW2O_p25.mat
86896MD01_016K_M04_multi_20180711_151500Z_247,2018_UnivMD_Maryland_86896_Dep01_20180711,86896MD01_016K_M04_multi_20180711_151500Z.aif,,10803.859149,10807.916859,interval,animal,,Balaenoptera physalus,,,,,,,,,,,,,,,machine,,,0.785609,,,parm file = FW2O_p25.mat
86896MD01_016K_M04_multi_20180711_153000Z_273,2018_UnivMD_Maryland_86896_Dep01_20180711,86896MD01_016K_M04_multi_20180711_153000Z.aif,,11949.136256,11953.599736,interval,animal,,Balaenoptera physalus,,,,,,,,,,,,,,,machine,,,0.624742,,,parm file = FW2O_p25.mat
86896MD01_016K_M04_multi_20180711_163000Z_410,2018_UnivMD_Maryland_86896_Dep01_20180711,86896MD01_016K_M04_multi_20180711_163000Z.aif,,15751.864260,15756.327740,interval,animal,,Balaenoptera physalus,,,,,,,,,,,,,,,machine,,,0.537585,,,parm file = FW2O_p25.mat
86896MD01_016K_M04_multi_20180711_164500Z_433,2018_UnivMD_Maryland_86896_Dep01_20180711,86896MD01_016K_M04_multi_20180711_164500Z.aif,,16225.107149,16229.164859,interval,animal,,Balaenoptera physalus,,,,,,,,,,,,,,,machine,,,0.549572,,,parm file = FW2O_p25.mat
86896MD01_016K_M04_multi_20180711_171500Z_503,2018_UnivMD_Maryland_86896_Dep01_20180711,86896MD01_016K_M04_multi_20180711_171500Z.aif,,18461.539145,18465.596855,interval,animal,,Balaenoptera physalus,,,,,,,,,,,,,,,machine,,,0.766199,,,parm file = FW2O_p25.mat
86896MD01_016K_M04_multi_20180711_180000Z_567,2018_UnivMD_Maryland_86896_Dep01_20180711,86896MD01_016K_M04_multi_20180711_180000Z.aif,,21083.776260,21088.239740,interval,animal,,Balaenoptera physalus,,,,,,,,,,,,,,,machine,,,0.549704,,,parm file = FW2O_p25.mat
86896MD01_016K_M04_multi_20180711_180000Z_578,2018_UnivMD_Maryland_86896_Dep01_20180711,86896MD01_016K_M04_multi_20180711_180000Z.aif,,21454.771975,21460.588025,interval,animal,,Balaenoptera physalus,,,,,,,,,,,,,,,machine,,,0.597079,,,parm file = FW2O_p25.mat
86896MD01_016K_M04_multi_20180711_193000Z_615,2018_UnivMD_Maryland_86896_Dep01_20180711,86896MD01_016K_M04_multi_20180711_193000Z.aif,,26565.379145,26569.436855,interval,animal,,Balaenoptera physalus,,,,,,,,,,,,,,,machine,,,0.669789,,,parm file = FW2O_p25.mat
86896MD01_016K_M04_multi_20180711_194500Z_624,2018_UnivMD_Maryland_86896_Dep01_20180711,86896MD01_016K_M04_multi_20180711_194500Z.aif,,27014.099149,27018.156859,interval,animal,,Balaenoptera physalus,,,,,,,,,,,,,,,machine,,,0.592878,,,parm file = FW2O_p25.mat
86896MD01_016K_M04_multi_20180711_234500Z_755,2018_UnivMD_Maryland_86896_Dep01_20180711,86896MD01_016K_M04_multi_20180711_234500Z.aif,,42034.323142,42038.380852,interval,animal,,Balaenoptera physalus,,,,,,,,,,,,,,,machine,,,0.504292,,,parm file = FW2O_p25.mat
86896MD01_016K_M04_multi_20180712_003000Z_821,2018_UnivMD_Maryland_86896_Dep01_20180711,86896MD01_016K_M04_multi_20180712_003000Z.aif,,44612.739142,44616.796852,interval,animal,,Balaenoptera physalus,,,,,,,,,,,,,,,machine,,,0.509442,,,parm file = FW2O_p25.mat
86896MD01_016K_M04_multi_20180712_091500Z_1016,2018_UnivMD_Maryland_86896_Dep01_20180711,86896MD01_016K_M04_multi_20180712_091500Z.aif,,76089.843978,76095.660028,interval,animal,,Balaenoptera physalus,,,,,,,,,,,,,,,machine,,,0.587274,,,parm file = FW2O_p25.mat
86896MD01_016K_M04_multi_20180712_091500Z_1022,2018_UnivMD_Maryland_86896_Dep01_20180711,86896MD01_016K_M04_multi_20180712_091500Z.aif,,76140.944263,76145.407743,interval,animal,,Balaenoptera physalus,,,,,,,,,,,,,,,machine,,,0.503665,,,parm file = FW2O_p25.mat
86896MD01_016K_M04_multi_20180712_091500Z_1029,2018_UnivMD_Maryland_86896_Dep01_20180711,86896MD01_016K_M04_multi_20180712_091500Z.aif,,76175.504263,76179.967743,interval,animal,,Balaenoptera physalus,,,,,,,,,,,,,,,machine,,,0.585709,,,parm file = FW2O_p25.mat
86896MD01_016K_M04_multi_20180712_091500Z_1053,2018_UnivMD_Maryland_86896_Dep01_20180711,86896MD01_016K_M04_multi_20180712_091500Z.aif,,76329.344263,76333.807743,interval,animal,,Balaenoptera physalus,,,,,,,,,,,,,,,machine,,,0.527761,,,parm file = FW2O_p25.mat
86896MD01_016K_M04_multi_20180712_091500Z_983,2018_UnivMD_Maryland_86896_Dep01_20180711,86896MD01_016K_M04_multi_20180712_091500Z.aif,,75913.731978,75919.548028,interval,animal,,Balaenoptera physalus,,,,,,,,,,,,,,,machine,,,0.538076,,,parm file = FW2O_p25.mat
86896MD01_016K_M04_multi_20180712_091500Z_994,2018_UnivMD_Maryland_86896_Dep01_20180711,86896MD01_016K_M04_multi_20180712_091500Z.aif,,75962.536263,75966.999743,interval,animal,,Balaenoptera physalus,,,,,,,,,,,,,,,machine,,,0.500687,,,parm file = FW2O_p25.mat
86896MD01_016K_M04_multi_20180712_093000Z_1165,2018_UnivMD_Maryland_86896_Dep01_20180711,86896MD01_016K_M04_multi_20180712_093000Z.aif,,77026.096256,77030.559736,interval,animal,,Balaenoptera physalus,,,,,,,,,,,,,,,machine,,,0.518910,,,parm file = FW2O_p25.mat
86896MD01_016K_M04_multi_20180712_093000Z_1195,2018_UnivMD_Maryland_86896_Dep01_20180711,86896MD01_016K_M04_multi_20180712_093000Z.aif,,77222.176256,77226.639736,interval,animal,,Balaenoptera physalus,,,,,,,,,,,,,,,machine,,,0.623845,,,parm file = FW2O_p25.mat
86896MD01_016K_M04_multi_20180712_094500Z_1268,2018_UnivMD_Maryland_86896_Dep01_20180711,86896MD01_016K_M04_multi_20180712_094500Z.aif,,77731.395975,77737.212025,interval,animal,,Balaenoptera physalus,,,,,,,,,,,,,,,machine,,,0.660798,,,parm file = FW2O_p25.mat
86896MD01_016K_M04_multi_20180712_100000Z_1402,2018_UnivMD_Maryland_86896_Dep01_20180711,86896MD01_016K_M04_multi_20180712_100000Z.aif,,78585.323978,78591.140028,interval,animal,,Balaenoptera physalus,,,,,,,,,,,,,,,machine,,,0.510620,,,parm file = FW2O_p25.mat
86896MD01_016K_M04_multi_20180712_100000Z_1414,2018_UnivMD_Maryland_86896_Dep01_20180711,86896MD01_016K_M04_multi_20180712_100000Z.aif,,78633.187978,78639.004028,interval,animal,,Balaenoptera physalus,,,,,,,,,,,,,,,machine,,,0.531146,,,parm file = FW2O_p25.mat
86896MD01_016K_M04_multi_20180712_101500Z_1545,2018_UnivMD_Maryland_86896_Dep01_20180711,86896MD01_016K_M04_multi_20180712_101500Z.aif,,79301.531971,79307.348021,interval,animal,,Balaenoptera physalus,,,,,,,,,,,,,,,machine,,,0.531440,,,parm file = FW2O_p25.mat
86896MD01_016K_M04_multi_20180712_101500Z_1580,2018_UnivMD_Maryland_86896_Dep01_20180711,86896MD01_016K_M04_multi_20180712_101500Z.aif,,79511.336256,79515.799736,interval,animal,,Balaenoptera physalus,,,,,,,,,,,,,,,machine,,,0.527118,,,parm file = FW2O_p25.mat
86896MD01_016K_M04_multi_20180712_101500Z_1684,2018_UnivMD_Maryland_86896_Dep01_20180711,86896MD01_016K_M04_multi_20180712_101500Z.aif,,80043.851971,80049.668021,interval,animal,,Balaenoptera physalus,,,,,,,,,,,,,,,machine,,,0.506608,,,parm file = FW2O_p25.mat
86896MD01_016K_M04_multi_20180712_103000Z_1728,2018_UnivMD_Maryland_86896_Dep01_20180711,86896MD01_016K_M04_multi_20180712_103000Z.aif,,80292.147975,80297.964025,interval,animal,,Balaenoptera physalus,,,,,,,,,,,,,,,machine,,,0.517514,,,parm file = FW2O_p25.mat
86896MD01_016K_M04_multi_20180712_103000Z_1745,2018_UnivMD_Maryland_86896_Dep01_20180711,86896MD01_016K_M04_multi_20180712_103000Z.aif,,80364.843975,80370.660025,interval,animal,,Balaenoptera physalus,,,,,,,,,,,,,,,machine,,,0.531232,,,parm file = FW2O_p25.mat
86896MD01_016K_M04_multi_20180712_110000Z_2032,2018_UnivMD_Maryland_86896_Dep01_20180711,86896MD01_016K_M04_multi_20180712_110000Z.aif,,82390.008256,82394.471736,interval,animal,,Balaenoptera physalus,,,,,,,,,,,,,,,machine,,,0.509849,,,parm file = FW2O_p25.mat
86896MD01_016K_M04_multi_20180712_110000Z_2041,2018_UnivMD_Maryland_86896_Dep01_20180711,86896MD01_016K_M04_multi_20180712_110000Z.aif,,82448.624256,82453.087736,interval,animal,,Balaenoptera physalus,,,,,,,,,,,,,,,machine,,,0.571946,,,parm file = FW2O_p25.mat
86896MD01_016K_M04_multi_20180712_111500Z_2106,2018_UnivMD_Maryland_86896_Dep01_20180711,86896MD01_016K_M04_multi_20180712_111500Z.aif,,82981.816260,82986.279740,interval,animal,,Balaenoptera physalus,,,,,,,,,,,,,,,machine,,,0.535240,,,parm file = FW2O_p25.mat
86896MD01_016K_M04_multi_20180712_111500Z_2146,2018_UnivMD_Maryland_86896_Dep01_20180711,86896MD01_016K_M04_multi_20180712_111500Z.aif,,83270.040260,83274.503740,interval,animal,,Balaenoptera physalus,,,,,,,,,,,,,,,machine,,,0.581505,,,parm file = FW2O_p25.mat
86896MD01_016K_M04_multi_20180712_111500Z_2205,2018_UnivMD_Maryland_86896_Dep01_20180711,86896MD01_016K_M04_multi_20180712_111500Z.aif,,83681.339145,83685.396855,interval,animal,,Balaenoptera physalus,,,,,,,,,,,,,,,machine,,,0.549958,,,parm file = FW2O_p25.mat
86896MD01_016K_M04_multi_20180712_113000Z_2258,2018_UnivMD_Maryland_86896_Dep01_20180711,86896MD01_016K_M04_multi_20180712_113000Z.aif,,84182.019149,84186.076859,interval,animal,,Balaenoptera physalus,,,,,,,,,,,,,,,machine,,,0.589502,,,parm file = FW2O_p25.mat
86896MD01_016K_M04_multi_20180712_114500Z_2383,2018_UnivMD_Maryland_86896_Dep01_20180711,86896MD01_016K_M04_multi_20180712_114500Z.aif,,85207.187142,85211.244852,interval,animal,,Balaenoptera physalus,,,,,,,,,,,,,,,machine,,,0.553057,,,parm file = FW2O_p25.mat
86896MD01_016K_M04_multi_20180712_120000Z_2418,2018_UnivMD_Maryland_86896_Dep01_20180711,86896MD01_016K_M04_multi_20180712_120000Z.aif,,85501.043145,85505.100855,interval,animal,,Balaenoptera physalus,,,,,,,,,,,,,,,machine,,,0.563003,,,parm file = FW2O_p25.mat
86896MD01_016K_M04_multi_20180712_120000Z_2425,2018_UnivMD_Maryland_86896_Dep01_20180711,86896MD01_016K_M04_multi_20180712_120000Z.aif,,85579.936260,85584.399740,interval,animal,,Balaenoptera physalus,,,,,,,,,,,,,,,machine,,,0.502286,,,parm file = FW2O_p25.mat
86896MD01_016K_M04_multi_20180712_120000Z_2430,2018_UnivMD_Maryland_86896_Dep01_20180711,86896MD01_016K_M04_multi_20180712_120000Z.aif,,85597.179975,85602.996025,interval,animal,,Balaenoptera physalus,,,,,,,,,,,,,,,machine,,,0.582056,,,parm file = FW2O_p25.mat
86896MD01_016K_M04_multi_20180712_123000Z_2701,2018_UnivMD_Maryland_86896_Dep01_20180711,86896MD01_016K_M04_multi_20180712_123000Z.aif,,87765.891142,87769.948852,interval,animal,,Balaenoptera physalus,,,,,,,,,,,,,,,machine,,,0.501702,,,parm file = FW2O_p25.mat
86896MD01_016K_M04_multi_20180712_123000Z_2733,2018_UnivMD_Maryland_86896_Dep01_20180711,86896MD01_016K_M04_multi_20180712_123000Z.aif,,87965.299142,87969.356852,interval,animal,,Balaenoptera physalus,,,,,,,,,,,,,,,machine,,,0.540693,,,parm file = FW2O_p25.mat
86896MD01_016K_M04_multi_20180712_124500Z_2850,2018_UnivMD_Maryland_86896_Dep01_20180711,86896MD01_016K_M04_multi_20180712_124500Z.aif,,88858.184260,88862.647740,interval,animal,,Balaenoptera physalus,,,,,,,,,,,,,,,machine,,,0.504710,,,parm file = FW2O_p25.mat
86896MD01_016K_M04_multi_20180712_130000Z_2917,2018_UnivMD_Maryland_86896_Dep01_20180711,86896MD01_016K_M04_multi_20180712_130000Z.aif,,89474.816263,89479.279743,interval,animal,,Balaenoptera physalus,,,,,,,,,,,,,,,machine,,,0.582181,,,parm file = FW2O_p25.mat
86896MD01_016K_M04_multi_20180712_130000Z_2973,2018_UnivMD_Maryland_86896_Dep01_20180711,86896MD01_016K_M04_multi_20180712_130000Z.aif,,89977.296263,89981.759743,interval,animal,,Balaenoptera physalus,,,,,,,,,,,,,,,machine,,,0.572697,,,parm file = FW2O_p25.mat
86896MD01_016K_M04_multi_20180712_131500Z_2984,2018_UnivMD_Maryland_86896_Dep01_20180711,86896MD01_016K_M04_multi_20180712_131500Z.aif,,90106.304256,90110.767736,interval,animal,,Balaenoptera physalus,,,,,,,,,,,,,,,machine,,,0.502634,,,parm file = FW2O_p25.mat
86896MD01_016K_M04_multi_20180712_131500Z_3076,2018_UnivMD_Maryland_86896_Dep01_20180711,86896MD01_016K_M04_multi_20180712_131500Z.aif,,90804.291142,90808.348852,interval,animal,,Balaenoptera physalus,,,,,,,,,,,,,,,machine,,,0.539346,,,parm file = FW2O_p25.mat
86896MD01_016K_M04_multi_20180712_133000Z_3139,2018_UnivMD_Maryland_86896_Dep01_20180711,86896MD01_016K_M04_multi_20180712_133000Z.aif,,91429.883145,91433.940855,interval,animal,,Balaenoptera physalus,,,,,,,,,,,,,,,machine,,,0.511296,,,parm file = FW2O_p25.mat
86896MD01_016K_M04_multi_20180712_134500Z_3253,2018_UnivMD_Maryland_86896_Dep01_20180711,86896MD01_016K_M04_multi_20180712_134500Z.aif,,92374.480263,92378.943743,interval,animal,,Balaenoptera physalus,,,,,,,,,,,,,,,machine,,,0.517593,,,parm file = FW2O_p25.mat
86896MD01_016K_M04_multi_20180712_140000Z_3372,2018_UnivMD_Maryland_86896_Dep01_20180711,86896MD01_016K_M04_multi_20180712_140000Z.aif,,93432.416256,93436.879736,interval,animal,,Balaenoptera physalus,,,,,,,,,,,,,,,machine,,,0.555956,,,parm file = FW2O_p25.mat
86896MD01_016K_M04_multi_20180712_141500Z_3448,2018_UnivMD_Maryland_86896_Dep01_20180711,86896MD01_016K_M04_multi_20180712_141500Z.aif,,94099.992260,94104.455740,interval,animal,,Balaenoptera physalus,,,,,,,,,,,,,,,machine,,,0.650803,,,parm file = FW2O_p25.mat
86896MD01_016K_M04_multi_20180712_141500Z_3465,2018_UnivMD_Maryland_86896_Dep01_20180711,86896MD01_016K_M04_multi_20180712_141500Z.aif,,94254.088260,94258.551740,interval,animal,,Balaenoptera physalus,,,,,,,,,,,,,,,machine,,,0.541202,,,parm file = FW2O_p25.mat
86896MD01_016K_M04_multi_20180712_144500Z_3646,2018_UnivMD_Maryland_86896_Dep01_20180711,86896MD01_016K_M04_multi_20180712_144500Z.aif,,95843.936256,95848.399736,interval,animal,,Balaenoptera physalus,,,,,,,,,,,,,,,machine,,,0.518825,,,parm file = FW2O_p25.mat
86896MD01_016K_M04_multi_20180712_150000Z_3781,2018_UnivMD_Maryland_86896_Dep01_20180711,86896MD01_016K_M04_multi_20180712_150000Z.aif,,96934.120260,96938.583740,interval,animal,,Balaenoptera physalus,,,,,,,,,,,,,,,machine,,,0.608435,,,parm file = FW2O_p25.mat
86896MD01_016K_M04_multi_20180712_151500Z_3877,2018_UnivMD_Maryland_86896_Dep01_20180711,86896MD01_016K_M04_multi_20180712_151500Z.aif,,97735.568263,97740.031743,interval,animal,,Balaenoptera physalus,,,,,,,,,,,,,,,machine,,,0.624325,,,parm file = FW2O_p25.mat
86896MD01_016K_M04_multi_20180712_151500Z_3900,2018_UnivMD_Maryland_86896_Dep01_20180711,86896MD01_016K_M04_multi_20180712_151500Z.aif,,97944.139149,97948.196859,interval,animal,,Balaenoptera physalus,,,,,,,,,,,,,,,machine,,,0.535554,,,parm file = FW2O_p25.mat
86896MD01_016K_M04_multi_20180712_154500Z_4052,2018_UnivMD_Maryland_86896_Dep01_20180711,86896MD01_016K_M04_multi_20180712_154500Z.aif,,99102.976260,99107.439740,interval,animal,,Balaenoptera physalus,,,,,,,,,,,,,,,machine,,,0.572518,,,parm file = FW2O_p25.mat
86896MD01_016K_M04_multi_20180712_160000Z_4187,2018_UnivMD_Maryland_86896_Dep01_20180711,86896MD01_016K_M04_multi_20180712_160000Z.aif,,100187.536263,100191.999743,interval,animal,,Balaenoptera physalus,,,,,,,,,,,,,,,machine,,,0.659809,,,parm file = FW2O_p25.mat
86896MD01_016K_M04_multi_20180712_160000Z_4192,2018_UnivMD_Maryland_86896_Dep01_20180711,86896MD01_016K_M04_multi_20180712_160000Z.aif,,100214.408263,100218.871743,interval,animal,,Balaenoptera physalus,,,,,,,,,,,,,,,machine,,,0.510064,,,parm file = FW2O_p25.mat
86896MD01_016K_M04_multi_20180712_161500Z_4348,2018_UnivMD_Maryland_86896_Dep01_20180711,86896MD01_016K_M04_multi_20180712_161500Z.aif,,101597.011971,101602.828021,interval,animal,,Balaenoptera physalus,,,,,,,,,,,,,,,machine,,,0.560636,,,parm file = FW2O_p25.mat
86896MD01_016K_M04_multi_20180712_164500Z_4475,2018_UnivMD_Maryland_86896_Dep01_20180711,86896MD01_016K_M04_multi_20180712_164500Z.aif,,103326.016263,103330.479743,interval,animal,,Balaenoptera physalus,,,,,,,,,,,,,,,machine,,,0.524459,,,parm file = FW2O_p25.mat
86896MD01_016K_M04_multi_20180712_164500Z_4481,2018_UnivMD_Maryland_86896_Dep01_20180711,86896MD01_016K_M04_multi_20180712_164500Z.aif,,103376.696263,103381.159743,interval,animal,,Balaenoptera physalus,,,,,,,,,,,,,,,machine,,,0.514358,,,parm file = FW2O_p25.mat
86896MD01_016K_M04_multi_20180712_170000Z_4498,2018_UnivMD_Maryland_86896_Dep01_20180711,86896MD01_016K_M04_multi_20180712_170000Z.aif,,103507.752256,103512.215736,interval,animal,,Balaenoptera physalus,,,,,,,,,,,,,,,machine,,,0.516747,,,parm file = FW2O_p25.mat
86896MD01_016K_M04_multi_20180712_170000Z_4516,2018_UnivMD_Maryland_86896_Dep01_20180711,86896MD01_016K_M04_multi_20180712_170000Z.aif,,103834.467971,103840.284021,interval,animal,,Balaenoptera physalus,,,,,,,,,,,,,,,machine,,,0.568340,,,parm file = FW2O_p25.mat
86896MD01_016K_M04_multi_20180712_170000Z_4521,2018_UnivMD_Maryland_86896_Dep01_20180711,86896MD01_016K_M04_multi_20180712_170000Z.aif,,103881.051971,103886.868021,interval,animal,,Balaenoptera physalus,,,,,,,,,,,,,,,machine,,,0.507894,,,parm file = FW2O_p25.mat
86896MD01_016K_M04_multi_20180712_194500Z_4636,2018_UnivMD_Maryland_86896_Dep01_20180711,86896MD01_016K_M04_multi_20180712_194500Z.aif,,113959.467978,113965.284028,interval,animal,,Balaenoptera physalus,,,,,,,,,,,,,,,machine,,,0.556570,,,parm file = FW2O_p25.mat
86896MD01_016K_M04_multi_20180712_200000Z_4651,2018_UnivMD_Maryland_86896_Dep01_20180711,86896MD01_016K_M04_multi_20180712_200000Z.aif,,115144.619971,115150.436021,interval,animal,,Balaenoptera physalus,,,,,,,,,,,,,,,machine,,,0.520976,,,parm file = FW2O_p25.mat
86896MD01_016K_M04_multi_20180712_201500Z_4663,2018_UnivMD_Maryland_86896_Dep01_20180711,86896MD01_016K_M04_multi_20180712_201500Z.aif,,115811.939975,115817.756025,interval,animal,,Balaenoptera physalus,,,,,,,,,,,,,,,machine,,,0.517338,,,parm file = FW2O_p25.mat
86896MD01_016K_M04_multi_20180713_070000Z_4789,2018_UnivMD_Maryland_86896_Dep01_20180711,86896MD01_016K_M04_multi_20180713_070000Z.aif,,154074.083149,154078.140859,interval,animal,,Balaenoptera physalus,,,,,,,,,,,,,,,machine,,,0.541088,,,parm file = FW2O_p25.mat
86896MD01_016K_M04_multi_20180713_104500Z_4810,2018_UnivMD_Maryland_86896_Dep01_20180711,86896MD01_016K_M04_multi_20180713_104500Z.aif,,167766.467978,167772.284028,interval,animal,,Balaenoptera physalus,,,,,,,,,,,,,,,machine,,,0.593087,,,parm file = FW2O_p25.mat
86896MD01_016K_M04_multi_20180713_204500Z_4932,2018_UnivMD_Maryland_86896_Dep01_20180711,86896MD01_016K_M04_multi_20180713_204500Z.aif,,204172.947971,204178.764021,interval,animal,,Balaenoptera physalus,,,,,,,,,,,,,,,machine,,,0.536469,,,parm file = FW2O_p25.mat
86896MD01_016K_M04_multi_20180713_210000Z_4982,2018_UnivMD_Maryland_86896_Dep01_20180711,86896MD01_016K_M04_multi_20180713_210000Z.aif,,204657.251975,204663.068025,interval,animal,,Balaenoptera physalus,,,,,,,,,,,,,,,machine,,,0.646797,,,parm file = FW2O_p25.mat
86896MD01_016K_M04_multi_20180713_210000Z_5056,2018_UnivMD_Maryland_86896_Dep01_20180711,86896MD01_016K_M04_multi_20180713_210000Z.aif,,204980.027975,204985.844025,interval,animal,,Balaenoptera physalus,,,,,,,,,,,,,,,machine,,,0.544553,,,parm file = FW2O_p25.mat
86896MD01_016K_M04_multi_20180714_010000Z_5120,2018_UnivMD_Maryland_86896_Dep01_20180711,86896MD01_016K_M04_multi_20180714_010000Z.aif,,218787.563149,218791.620859,interval,animal,,Balaenoptera physalus,,,,,,,,,,,,,,,machine,,,0.553470,,,parm file = FW2O_p25.mat
86896MD01_016K_M04_multi_20180714_024500Z_5141,2018_UnivMD_Maryland_86896_Dep01_20180711,86896MD01_016K_M04_multi_20180714_024500Z.aif,,225624.483971,225630.300021,interval,animal,,Balaenoptera physalus,,,,,,,,,,,,,,,machine,,,0.541893,,,parm file = FW2O_p25.mat
86896MD01_016K_M04_multi_20180714_064500Z_5163,2018_UnivMD_Maryland_86896_Dep01_20180711,86896MD01_016K_M04_multi_20180714_064500Z.aif,,239443.939975,239449.756025,interval,animal,,Balaenoptera physalus,,,,,,,,,,,,,,,machine,,,0.500140,,,parm file = FW2O_p25.mat
86896MD01_016K_M04_multi_20180714_064500Z_5164,2018_UnivMD_Maryland_86896_Dep01_20180711,86896MD01_016K_M04_multi_20180714_064500Z.aif,,240104.347975,240110.164025,interval,animal,,Balaenoptera physalus,,,,,,,,,,,,,,,machine,,,0.507998,,,parm file = FW2O_p25.mat
86896MD01_016K_M04_multi_20180714_100000Z_5204,2018_UnivMD_Maryland_86896_Dep01_20180711,86896MD01_016K_M04_multi_20180714_100000Z.aif,,251314.931978,251320.748028,interval,animal,,Balaenoptera physalus,,,,,,,,,,,,,,,machine,,,0.554037,,,parm file = FW2O_p25.mat
86896MD01_016K_M04_multi_20180714_100000Z_5205,2018_UnivMD_Maryland_86896_Dep01_20180711,86896MD01_016K_M04_multi_20180714_100000Z.aif,,251326.699978,251332.516028,interval,animal,,Balaenoptera physalus,,,,,,,,,,,,,,,machine,,,0.590089,,,parm file = FW2O_p25.mat
86896MD01_016K_M04_multi_20180714_103000Z_5222,2018_UnivMD_Maryland_86896_Dep01_20180711,86896MD01_016K_M04_multi_20180714_103000Z.aif,,253336.603975,253342.420025,interval,animal,,Balaenoptera physalus,,,,,,,,,,,,,,,machine,,,0.515886,,,parm file = FW2O_p25.mat
86896MD01_016K_M04_multi_20180714_110000Z_5230,2018_UnivMD_Maryland_86896_Dep01_20180711,86896MD01_016K_M04_multi_20180714_110000Z.aif,,254747.523971,254753.340021,interval,animal,,Balaenoptera physalus,,,,,,,,,,,,,,,machine,,,0.509074,,,parm file = FW2O_p25.mat
86896MD01_016K_M04_multi_20180714_134500Z_5268,2018_UnivMD_Maryland_86896_Dep01_20180711,86896MD01_016K_M04_multi_20180714_134500Z.aif,,264875.595978,264881.412028,interval,animal,,Balaenoptera physalus,,,,,,,,,,,,,,,machine,,,0.541927,,,parm file = FW2O_p25.mat
86896MD01_016K_M04_multi_20180714_200000Z_5473,2018_UnivMD_Maryland_86896_Dep01_20180711,86896MD01_016K_M04_multi_20180714_200000Z.aif,,287116.547971,287122.364021,interval,animal,,Balaenoptera physalus,,,,,,,,,,,,,,,machine,,,0.500554,,,parm file = FW2O_p25.mat
86896MD01_016K_M04_multi_20180715_013000Z_5548,2018_UnivMD_Maryland_86896_Dep01_20180711,86896MD01_016K_M04_multi_20180715_013000Z.aif,,307098.035975,307103.852025,interval,animal,,Balaenoptera physalus,,,,,,,,,,,,,,,machine,,,0.521621,,,parm file = FW2O_p25.mat
86896MD01_016K_M04_multi_20180715_071500Z_5624,2018_UnivMD_Maryland_86896_Dep01_20180711,86896MD01_016K_M04_multi_20180715_071500Z.aif,,328115.443971,328121.260021,interval,animal,,Balaenoptera physalus,,,,,,,,,,,,,,,machine,,,0.501378,,,parm file = FW2O_p25.mat
86896MD01_016K_M04_multi_20180715_074500Z_5646,2018_UnivMD_Maryland_86896_Dep01_20180711,86896MD01_016K_M04_multi_20180715_074500Z.aif,,330142.747978,330148.564028,interval,animal,,Balaenoptera physalus,,,,,,,,,,,,,,,machine,,,0.547381,,,parm file = FW2O_p25.mat
86896MD01_016K_M04_multi_20180715_083000Z_5670,2018_UnivMD_Maryland_86896_Dep01_20180711,86896MD01_016K_M04_multi_20180715_083000Z.aif,,332139.331978,332145.148028,interval,animal,,Balaenoptera physalus,,,,,,,,,,,,,,,machine,,,0.524861,,,parm file = FW2O_p25.mat
86896MD01_016K_M04_multi_20180715_163000Z_5775,2018_UnivMD_Maryland_86896_Dep01_20180711,86896MD01_016K_M04_multi_20180715_163000Z.aif,,361400.595975,361406.412025,interval,animal,,Balaenoptera physalus,,,,,,,,,,,,,,,machine,,,0.510947,,,parm file = FW2O_p25.mat
86896MD01_016K_M04_multi_20180715_163000Z_5776,2018_UnivMD_Maryland_86896_Dep01_20180711,86896MD01_016K_M04_multi_20180715_163000Z.aif,,361406.739975,361412.556025,interval,animal,,Balaenoptera physalus,,,,,,,,,,,,,,,machine,,,0.508256,,,parm file = FW2O_p25.mat
86896MD01_016K_M04_multi_20180715_173000Z_5820,2018_UnivMD_Maryland_86896_Dep01_20180711,86896MD01_016K_M04_multi_20180715_173000Z.aif,,364669.107978,364674.924028,interval,animal,,Balaenoptera physalus,,,,,,,,,,,,,,,machine,,,0.556193,,,parm file = FW2O_p25.mat
86896MD01_016K_M04_multi_20180715_210000Z_6048,2018_UnivMD_Maryland_86896_Dep01_20180711,86896MD01_016K_M04_multi_20180715_210000Z.aif,,377610.579975,377616.396025,interval,animal,,Balaenoptera physalus,,,,,,,,,,,,,,,machine,,,0.524265,,,parm file = FW2O_p25.mat
86896MD01_016K_M04_multi_20180719_151500Z_6169,2018_UnivMD_Maryland_86896_Dep01_20180711,86896MD01_016K_M04_multi_20180719_151500Z.aif,,702848.971978,702854.788028,interval,animal,,Balaenoptera physalus,,,,,,,,,,,,,,,machine,,,0.563095,,,parm file = FW2O_p25.mat
86896MD01_016K_M04_multi_20180720_014500Z_6318,2018_UnivMD_Maryland_86896_Dep01_20180711,86896MD01_016K_M04_multi_20180720_014500Z.aif,,740513.307978,740519.124028,interval,animal,,Balaenoptera physalus,,,,,,,,,,,,,,,machine,,,0.548181,,,parm file = FW2O_p25.mat
86896MD01_016K_M04_multi_20180720_020000Z_6338,2018_UnivMD_Maryland_86896_Dep01_20180711,86896MD01_016K_M04_multi_20180720_020000Z.aif,,740762.371971,740768.188021,interval,animal,,Balaenoptera physalus,,,,,,,,,,,,,,,machine,,,0.605324,,,parm file = FW2O_p25.mat
86896MD01_016K_M04_multi_20180720_021500Z_6499,2018_UnivMD_Maryland_86896_Dep01_20180711,86896MD01_016K_M04_multi_20180720_021500Z.aif,,741703.579975,741709.396025,interval,animal,,Balaenoptera physalus,,,,,,,,,,,,,,,machine,,,0.509537,,,parm file = FW2O_p25.mat
86896MD01_016K_M04_multi_20180720_021500Z_6549,2018_UnivMD_Maryland_86896_Dep01_20180711,86896MD01_016K_M04_multi_20180720_021500Z.aif,,741948.291975,741954.108025,interval,animal,,Balaenoptera physalus,,,,,,,,,,,,,,,machine,,,0.522772,,,parm file = FW2O_p25.mat
86896MD01_016K_M04_multi_20180720_023000Z_6733,2018_UnivMD_Maryland_86896_Dep01_20180711,86896MD01_016K_M04_multi_20180720_023000Z.aif,,742831.395978,742837.212028,interval,animal,,Balaenoptera physalus,,,,,,,,,,,,,,,machine,,,0.541707,,,parm file = FW2O_p25.mat
86896MD01_016K_M04_multi_20180720_023000Z_6772,2018_UnivMD_Maryland_86896_Dep01_20180711,86896MD01_016K_M04_multi_20180720_023000Z.aif,,742959.635978,742965.452028,interval,animal,,Balaenoptera physalus,,,,,,,,,,,,,,,machine,,,0.541817,,,parm file = FW2O_p25.mat
86896MD01_016K_M04_multi_20180720_024500Z_6902,2018_UnivMD_Maryland_86896_Dep01_20180711,86896MD01_016K_M04_multi_20180720_024500Z.aif,,743417.315971,743423.132021,interval,animal,,Balaenoptera physalus,,,,,,,,,,,,,,,machine,,,0.647875,,,parm file = FW2O_p25.mat
86896MD01_016K_M04_multi_20180720_024500Z_6923,2018_UnivMD_Maryland_86896_Dep01_20180711,86896MD01_016K_M04_multi_20180720_024500Z.aif,,743493.851971,743499.668021,interval,animal,,Balaenoptera physalus,,,,,,,,,,,,,,,machine,,,0.617255,,,parm file = FW2O_p25.mat
86896MD01_016K_M04_multi_20180720_024500Z_7090,2018_UnivMD_Maryland_86896_Dep01_20180711,86896MD01_016K_M04_multi_20180720_024500Z.aif,,744253.323971,744259.140021,interval,animal,,Balaenoptera physalus,,,,,,,,,,,,,,,machine,,,0.592135,,,parm file = FW2O_p25.mat
86896MD01_016K_M04_multi_20180720_030000Z_7194,2018_UnivMD_Maryland_86896_Dep01_20180711,86896MD01_016K_M04_multi_20180720_030000Z.aif,,744570.219975,744576.036025,interval,animal,,Balaenoptera physalus,,,,,,,,,,,,,,,machine,,,0.598873,,,parm file = FW2O_p25.mat
86896MD01_016K_M04_multi_20180720_031500Z_7455,2018_UnivMD_Maryland_86896_Dep01_20180711,86896MD01_016K_M04_multi_20180720_031500Z.aif,,745896.155978,745901.972028,interval,animal,,Balaenoptera physalus,,,,,,,,,,,,,,,machine,,,0.562772,,,parm file = FW2O_p25.mat
86896MD01_016K_M04_multi_20180720_033000Z_7540,2018_UnivMD_Maryland_86896_Dep01_20180711,86896MD01_016K_M04_multi_20180720_033000Z.aif,,746375.851971,746381.668021,interval,animal,,Balaenoptera physalus,,,,,,,,,,,,,,,machine,,,0.552763,,,parm file = FW2O_p25.mat
86896MD01_016K_M04_multi_20180720_033000Z_7606,2018_UnivMD_Maryland_86896_Dep01_20180711,86896MD01_016K_M04_multi_20180720_033000Z.aif,,746685.323971,746691.140021,interval,animal,,Balaenoptera physalus,,,,,,,,,,,,,,,machine,,,0.547244,,,parm file = FW2O_p25.mat
86896MD01_016K_M04_multi_20180720_034500Z_7684,2018_UnivMD_Maryland_86896_Dep01_20180711,86896MD01_016K_M04_multi_20180720_034500Z.aif,,747128.155975,747133.972025,interval,animal,,Balaenoptera physalus,,,,,,,,,,,,,,,machine,,,0.530892,,,parm file = FW2O_p25.mat
86896MD01_016K_M04_multi_20180720_034500Z_7691,2018_UnivMD_Maryland_86896_Dep01_20180711,86896MD01_016K_M04_multi_20180720_034500Z.aif,,747161.427975,747167.244025,interval,animal,,Balaenoptera physalus,,,,,,,,,,,,,,,machine,,,0.550456,,,parm file = FW2O_p25.mat
86896MD01_016K_M04_multi_20180720_034500Z_7721,2018_UnivMD_Maryland_86896_Dep01_20180711,86896MD01_016K_M04_multi_20180720_034500Z.aif,,747463.987975,747469.804025,interval,animal,,Balaenoptera physalus,,,,,,,,,,,,,,,machine,,,0.530474,,,parm file = FW2O_p25.mat
86896MD01_016K_M04_multi_20180720_034500Z_7730,2018_UnivMD_Maryland_86896_Dep01_20180711,86896MD01_016K_M04_multi_20180720_034500Z.aif,,747548.203975,747554.020025,interval,animal,,Balaenoptera physalus,,,,,,,,,,,,,,,machine,,,0.738090,,,parm file = FW2O_p25.mat
86896MD01_016K_M04_multi_20180720_034500Z_7760,2018_UnivMD_Maryland_86896_Dep01_20180711,86896MD01_016K_M04_multi_20180720_034500Z.aif,,747724.059975,747729.876025,interval,animal,,Balaenoptera physalus,,,,,,,,,,,,,,,machine,,,0.519277,,,parm file = FW2O_p25.mat
86896MD01_016K_M04_multi_20180720_041500Z_8028,2018_UnivMD_Maryland_86896_Dep01_20180711,86896MD01_016K_M04_multi_20180720_041500Z.aif,,749670.731971,749676.548021,interval,animal,,Balaenoptera physalus,,,,,,,,,,,,,,,machine,,,0.568862,,,parm file = FW2O_p25.mat
86896MD01_016K_M04_multi_20180720_080000Z_8070,2018_UnivMD_Maryland_86896_Dep01_20180711,86896MD01_016K_M04_multi_20180720_080000Z.aif,,762552.811971,762558.628021,interval,animal,,Balaenoptera physalus,,,,,,,,,,,,,,,machine,,,0.507207,,,parm file = FW2O_p25.mat
86896MD01_016K_M04_multi_20180720_171500Z_8165,2018_UnivMD_Maryland_86896_Dep01_20180711,86896MD01_016K_M04_multi_20180720_171500Z.aif,,796140.779975,796146.596025,interval,animal,,Balaenoptera physalus,,,,,,,,,,,,,,,machine,,,0.504253,,,parm file = FW2O_p25.mat
86896MD01_016K_M04_multi_20180721_143000Z_8382,2018_UnivMD_Maryland_86896_Dep01_20180711,86896MD01_016K_M04_multi_20180721_143000Z.aif,,872693.515978,872699.332028,interval,animal,,Balaenoptera physalus,,,,,,,,,,,,,,,machine,,,0.595853,,,parm file = FW2O_p25.mat
86896MD01_016K_M04_multi_20180721_183000Z_8479,2018_UnivMD_Maryland_86896_Dep01_20180711,86896MD01_016K_M04_multi_20180721_183000Z.aif,,886580.704256,886585.167736,interval,animal,,Balaenoptera physalus,,,,,,,,,,,,,,,machine,,,0.504159,,,parm file = FW2O_p25.mat
86896MD01_016K_M04_multi_20180722_041500Z_8525,2018_UnivMD_Maryland_86896_Dep01_20180711,86896MD01_016K_M04_multi_20180722_041500Z.aif,,922050.275142,922054.332852,interval,animal,,Balaenoptera physalus,,,,,,,,,,,,,,,machine,,,0.511883,,,parm file = FW2O_p25.mat
86896MD01_016K_M04_multi_20180722_111500Z_8780,2018_UnivMD_Maryland_86896_Dep01_20180711,86896MD01_016K_M04_multi_20180722_111500Z.aif,,947003.667975,947009.484025,interval,animal,,Balaenoptera physalus,,,,,,,,,,,,,,,machine,,,0.534919,,,parm file = FW2O_p25.mat
86896MD01_016K_M04_multi_20180722_111500Z_8799,2018_UnivMD_Maryland_86896_Dep01_20180711,86896MD01_016K_M04_multi_20180722_111500Z.aif,,947693.771975,947699.588025,interval,animal,,Balaenoptera physalus,,,,,,,,,,,,,,,machine,,,0.744308,,,parm file = FW2O_p25.mat
86896MD01_016K_M04_multi_20180722_121500Z_8892,2018_UnivMD_Maryland_86896_Dep01_20180711,86896MD01_016K_M04_multi_20180722_121500Z.aif,,950424.227978,950430.044028,interval,animal,,Balaenoptera physalus,,,,,,,,,,,,,,,machine,,,0.572687,,,parm file = FW2O_p25.mat
86896MD01_016K_M04_multi_20180722_154500Z_9044,2018_UnivMD_Maryland_86896_Dep01_20180711,86896MD01_016K_M04_multi_20180722_154500Z.aif,,963061.347975,963067.164025,interval,animal,,Balaenoptera physalus,,,,,,,,,,,,,,,machine,,,0.517992,,,parm file = FW2O_p25.mat
86896MD01_016K_M04_multi_20180722_173000Z_9074,2018_UnivMD_Maryland_86896_Dep01_20180711,86896MD01_016K_M04_multi_20180722_173000Z.aif,,969928.579978,969934.396028,interval,animal,,Balaenoptera physalus,,,,,,,,,,,,,,,machine,,,0.625871,,,parm file = FW2O_p25.mat
86896MD01_016K_M04_multi_20180722_213000Z_9249,2018_UnivMD_Maryland_86896_Dep01_20180711,86896MD01_016K_M04_multi_20180722_213000Z.aif,,984255.883971,984261.700021,interval,animal,,Balaenoptera physalus,,,,,,,,,,,,,,,machine,,,0.571617,,,parm file = FW2O_p25.mat
86896MD01_016K_M04_multi_20180722_213000Z_9267,2018_UnivMD_Maryland_86896_Dep01_20180711,86896MD01_016K_M04_multi_20180722_213000Z.aif,,984565.867971,984571.684021,interval,animal,,Balaenoptera physalus,,,,,,,,,,,,,,,machine,,,0.581536,,,parm file = FW2O_p25.mat
86896MD01_016K_M04_multi_20180722_221500Z_9356,2018_UnivMD_Maryland_86896_Dep01_20180711,86896MD01_016K_M04_multi_20180722_221500Z.aif,,986591.379971,986597.196021,interval,animal,,Balaenoptera physalus,,,,,,,,,,,,,,,machine,,,0.549468,,,parm file = FW2O_p25.mat
86896MD01_016K_M04_multi_20180723_041500Z_9745,2018_UnivMD_Maryland_86896_Dep01_20180711,86896MD01_016K_M04_multi_20180723_041500Z.aif,,1008591.723971,1008597.540021,interval,animal,,Balaenoptera physalus,,,,,,,,,,,,,,,machine,,,0.553987,,,parm file = FW2O_p25.mat
86896MD01_016K_M04_multi_20180723_043000Z_9759,2018_UnivMD_Maryland_86896_Dep01_20180711,86896MD01_016K_M04_multi_20180723_043000Z.aif,,1009304.859975,1009310.676025,interval,animal,,Balaenoptera physalus,,,,,,,,,,,,,,,machine,,,0.574844,,,parm file = FW2O_p25.mat
86896MD01_016K_M04_multi_20180723_043000Z_9769,2018_UnivMD_Maryland_86896_Dep01_20180711,86896MD01_016K_M04_multi_20180723_043000Z.aif,,1009655.283975,1009661.100025,interval,animal,,Balaenoptera physalus,,,,,,,,,,,,,,,machine,,,0.505714,,,parm file = FW2O_p25.mat
86896MD01_016K_M04_multi_20180723_043000Z_9770,2018_UnivMD_Maryland_86896_Dep01_20180711,86896MD01_016K_M04_multi_20180723_043000Z.aif,,1009744.875975,1009750.692025,interval,animal,,Balaenoptera physalus,,,,,,,,,,,,,,,machine,,,0.518868,,,parm file = FW2O_p25.mat
86896MD01_016K_M04_multi_20180723_080000Z_9881,2018_UnivMD_Maryland_86896_Dep01_20180711,86896MD01_016K_M04_multi_20180723_080000Z.aif,,1021962.195971,1021968.012021,interval,animal,,Balaenoptera physalus,,,,,,,,,,,,,,,machine,,,0.518859,,,parm file = FW2O_p25.mat
86896MD01_016K_M04_multi_20180723_130000Z_9983,2018_UnivMD_Maryland_86896_Dep01_20180711,86896MD01_016K_M04_multi_20180723_130000Z.aif,,1040160.579978,1040166.396028,interval,animal,,Balaenoptera physalus,,,,,,,,,,,,,,,machine,,,0.530854,,,parm file = FW2O_p25.mat
86896MD01_016K_M04_multi_20180723_230000Z_10122,2018_UnivMD_Maryland_86896_Dep01_20180711,86896MD01_016K_M04_multi_20180723_230000Z.aif,,1075683.555142,1075687.612852,interval,animal,,Balaenoptera physalus,,,,,,,,,,,,,,,machine,,,0.555641,,,parm file = FW2O_p25.mat
86896MD01_016K_M04_multi_20180723_230000Z_10126,2018_UnivMD_Maryland_86896_Dep01_20180711,86896MD01_016K_M04_multi_20180723_230000Z.aif,,1075970.643971,1075976.460021,interval,animal,,Balaenoptera physalus,,,,,,,,,,,,,,,machine,,,0.576741,,,parm file = FW2O_p25.mat
86896MD01_016K_M04_multi_20180724_000000Z_10152,2018_UnivMD_Maryland_86896_Dep01_20180711,86896MD01_016K_M04_multi_20180724_000000Z.aif,,1079344.475145,1079348.532855,interval,animal,,Balaenoptera physalus,,,,,,,,,,,,,,,machine,,,0.573180,,,parm file = FW2O_p25.mat
86896MD01_016K_M04_multi_20180724_000000Z_10155,2018_UnivMD_Maryland_86896_Dep01_20180711,86896MD01_016K_M04_multi_20180724_000000Z.aif,,1079781.419145,1079785.476855,interval,animal,,Balaenoptera physalus,,,,,,,,,,,,,,,machine,,,0.517402,,,parm file = FW2O_p25.mat
86896MD01_016K_M04_multi_20180724_040000Z_10240,2018_UnivMD_Maryland_86896_Dep01_20180711,86896MD01_016K_M04_multi_20180724_040000Z.aif,,1093980.227149,1093984.284859,interval,animal,,Balaenoptera physalus,,,,,,,,,,,,,,,machine,,,0.673391,,,parm file = FW2O_p25.mat
86896MD01_016K_M04_multi_20180724_051500Z_10272,2018_UnivMD_Maryland_86896_Dep01_20180711,86896MD01_016K_M04_multi_20180724_051500Z.aif,,1098431.483975,1098437.300025,interval,animal,,Balaenoptera physalus,,,,,,,,,,,,,,,machine,,,0.523959,,,parm file = FW2O_p25.mat
86896MD01_016K_M04_multi_20180724_083000Z_10341,2018_UnivMD_Maryland_86896_Dep01_20180711,86896MD01_016K_M04_multi_20180724_083000Z.aif,,1110449.560263,1110454.023743,interval,animal,,Balaenoptera physalus,,,,,,,,,,,,,,,machine,,,0.543736,,,parm file = FW2O_p25.mat
86896MD01_016K_M04_multi_20180724_100000Z_10375,2018_UnivMD_Maryland_86896_Dep01_20180711,86896MD01_016K_M04_multi_20180724_100000Z.aif,,1115983.131149,1115987.188859,interval,animal,,Balaenoptera physalus,,,,,,,,,,,,,,,machine,,,0.532396,,,parm file = FW2O_p25.mat
86896MD01_016K_M04_multi_20180724_213000Z_10585,2018_UnivMD_Maryland_86896_Dep01_20180711,86896MD01_016K_M04_multi_20180724_213000Z.aif,,1157234.811971,1157240.628021,interval,animal,,Balaenoptera physalus,,,,,,,,,,,,,,,machine,,,0.529215,,,parm file = FW2O_p25.mat
86896MD01_016K_M04_multi_20180724_220000Z_10597,2018_UnivMD_Maryland_86896_Dep01_20180711,86896MD01_016K_M04_multi_20180724_220000Z.aif,,1158738.907978,1158744.724028,interval,animal,,Balaenoptera physalus,,,,,,,,,,,,,,,machine,,,0.517532,,,parm file = FW2O_p25.mat
86896MD01_016K_M04_multi_20180724_231500Z_10672,2018_UnivMD_Maryland_86896_Dep01_20180711,86896MD01_016K_M04_multi_20180724_231500Z.aif,,1163302.131975,1163307.948025,interval,animal,,Balaenoptera physalus,,,,,,,,,,,,,,,machine,,,0.531182,,,parm file = FW2O_p25.mat
86896MD01_016K_M04_multi_20180724_233000Z_10692,2018_UnivMD_Maryland_86896_Dep01_20180711,86896MD01_016K_M04_multi_20180724_233000Z.aif,,1163979.691978,1163985.508028,interval,animal,,Balaenoptera physalus,,,,,,,,,,,,,,,machine,,,0.607968,,,parm file = FW2O_p25.mat
86896MD01_016K_M04_multi_20180725_003000Z_10732,2018_UnivMD_Maryland_86896_Dep01_20180711,86896MD01_016K_M04_multi_20180725_003000Z.aif,,1167758.099971,1167763.916021,interval,animal,,Balaenoptera physalus,,,,,,,,,,,,,,,machine,,,0.504697,,,parm file = FW2O_p25.mat
86896MD01_016K_M04_multi_20180725_031500Z_10805,2018_UnivMD_Maryland_86896_Dep01_20180711,86896MD01_016K_M04_multi_20180725_031500Z.aif,,1177992.147978,1177997.964028,interval,animal,,Balaenoptera physalus,,,,,,,,,,,,,,,machine,,,0.555911,,,parm file = FW2O_p25.mat
86896MD01_016K_M04_multi_20180725_034500Z_10819,2018_UnivMD_Maryland_86896_Dep01_20180711,86896MD01_016K_M04_multi_20180725_034500Z.aif,,1179642.915975,1179648.732025,interval,animal,,Balaenoptera physalus,,,,,,,,,,,,,,,machine,,,0.523273,,,parm file = FW2O_p25.mat
86896MD01_016K_M04_multi_20180725_051500Z_10924,2018_UnivMD_Maryland_86896_Dep01_20180711,86896MD01_016K_M04_multi_20180725_051500Z.aif,,1185019.619975,1185025.436025,interval,animal,,Balaenoptera physalus,,,,,,,,,,,,,,,machine,,,0.505631,,,parm file = FW2O_p25.mat
86896MD01_016K_M04_multi_20180725_053000Z_10940,2018_UnivMD_Maryland_86896_Dep01_20180711,86896MD01_016K_M04_multi_20180725_053000Z.aif,,1185954.803149,1185958.860859,interval,animal,,Balaenoptera physalus,,,,,,,,,,,,,,,machine,,,0.565994,,,parm file = FW2O_p25.mat
86896MD01_016K_M04_multi_20180725_054500Z_10947,2018_UnivMD_Maryland_86896_Dep01_20180711,86896MD01_016K_M04_multi_20180725_054500Z.aif,,1186356.819971,1186362.636021,interval,animal,,Balaenoptera physalus,,,,,,,,,,,,,,,machine,,,0.669103,,,parm file = FW2O_p25.mat
86896MD01_016K_M04_multi_20180725_054500Z_10950,2018_UnivMD_Maryland_86896_Dep01_20180711,86896MD01_016K_M04_multi_20180725_054500Z.aif,,1186436.683971,1186442.500021,interval,animal,,Balaenoptera physalus,,,,,,,,,,,,,,,machine,,,0.575191,,,parm file = FW2O_p25.mat
86896MD01_016K_M04_multi_20180725_141500Z_11182,2018_UnivMD_Maryland_86896_Dep01_20180711,86896MD01_016K_M04_multi_20180725_141500Z.aif,,1216865.699975,1216871.516025,interval,animal,,Balaenoptera physalus,,,,,,,,,,,,,,,machine,,,0.554857,,,parm file = FW2O_p25.mat
86896MD01_016K_M04_multi_20180725_193000Z_11417,2018_UnivMD_Maryland_86896_Dep01_20180711,86896MD01_016K_M04_multi_20180725_193000Z.aif,,1236059.299975,1236065.116025,interval,animal,,Balaenoptera physalus,,,,,,,,,,,,,,,machine,,,0.529840,,,parm file = FW2O_p25.mat
86896MD01_016K_M04_multi_20180725_193000Z_11418,2018_UnivMD_Maryland_86896_Dep01_20180711,86896MD01_016K_M04_multi_20180725_193000Z.aif,,1236085.659975,1236091.476025,interval,animal,,Balaenoptera physalus,,,,,,,,,,,,,,,machine,,,0.530456,,,parm file = FW2O_p25.mat
86896MD01_016K_M04_multi_20180725_194500Z_11419,2018_UnivMD_Maryland_86896_Dep01_20180711,86896MD01_016K_M04_multi_20180725_194500Z.aif,,1236720.731978,1236726.548028,interval,animal,,Balaenoptera physalus,,,,,,,,,,,,,,,machine,,,0.524398,,,parm file = FW2O_p25.mat
86896MD01_016K_M04_multi_20180726_013000Z_11504,2018_UnivMD_Maryland_86896_Dep01_20180711,86896MD01_016K_M04_multi_20180726_013000Z.aif,,1257460.659975,1257466.476025,interval,animal,,Balaenoptera physalus,,,,,,,,,,,,,,,machine,,,0.560030,,,parm file = FW2O_p25.mat
86896MD01_016K_M04_multi_20180726_160000Z_11819,2018_UnivMD_Maryland_86896_Dep01_20180711,86896MD01_016K_M04_multi_20180726_160000Z.aif,,1309582.843978,1309588.660028,interval,animal,,Balaenoptera physalus,,,,,,,,,,,,,,,machine,,,0.561526,,,parm file = FW2O_p25.mat
86896MD01_016K_M04_multi_20180726_160000Z_11820,2018_UnivMD_Maryland_86896_Dep01_20180711,86896MD01_016K_M04_multi_20180726_160000Z.aif,,1310359.211978,1310365.028028,interval,animal,,Balaenoptera physalus,,,,,,,,,,,,,,,machine,,,0.560138,,,parm file = FW2O_p25.mat
86896MD01_016K_M04_multi_20180726_161500Z_11822,2018_UnivMD_Maryland_86896_Dep01_20180711,86896MD01_016K_M04_multi_20180726_161500Z.aif,,1310509.723971,1310515.540021,interval,animal,,Balaenoptera physalus,,,,,,,,,,,,,,,machine,,,0.547474,,,parm file = FW2O_p25.mat
86896MD01_016K_M04_multi_20180726_183000Z_11877,2018_UnivMD_Maryland_86896_Dep01_20180711,86896MD01_016K_M04_multi_20180726_183000Z.aif,,1319249.395971,1319255.212021,interval,animal,,Balaenoptera physalus,,,,,,,,,,,,,,,machine,,,0.506094,,,parm file = FW2O_p25.mat
86896MD01_016K_M04_multi_20180726_190000Z_11884,2018_UnivMD_Maryland_86896_Dep01_20180711,86896MD01_016K_M04_multi_20180726_190000Z.aif,,1321156.395978,1321162.212028,interval,animal,,Balaenoptera physalus,,,,,,,,,,,,,,,machine,,,0.513072,,,parm file = FW2O_p25.mat
86896MD01_016K_M04_multi_20180726_220000Z_11904,2018_UnivMD_Maryland_86896_Dep01_20180711,86896MD01_016K_M04_multi_20180726_220000Z.aif,,1331964.075978,1331969.892028,interval,animal,,Balaenoptera physalus,,,,,,,,,,,,,,,machine,,,0.535423,,,parm file = FW2O_p25.mat
86896MD01_016K_M04_multi_20180727_033000Z_12045,2018_UnivMD_Maryland_86896_Dep01_20180711,86896MD01_016K_M04_multi_20180727_033000Z.aif,,1351424.907971,1351430.724021,interval,animal,,Balaenoptera physalus,,,,,,,,,,,,,,,machine,,,0.530000,,,parm file = FW2O_p25.mat
86896MD01_016K_M04_multi_20180727_050000Z_12097,2018_UnivMD_Maryland_86896_Dep01_20180711,86896MD01_016K_M04_multi_20180727_050000Z.aif,,1357057.331971,1357063.148021,interval,animal,,Balaenoptera physalus,,,,,,,,,,,,,,,machine,,,0.546477,,,parm file = FW2O_p25.mat
86896MD01_016K_M04_multi_20180727_050000Z_12109,2018_UnivMD_Maryland_86896_Dep01_20180711,86896MD01_016K_M04_multi_20180727_050000Z.aif,,1357134.123971,1357139.940021,interval,animal,,Balaenoptera physalus,,,,,,,,,,,,,,,machine,,,0.564413,,,parm file = FW2O_p25.mat
86896MD01_016K_M04_multi_20180727_081500Z_12178,2018_UnivMD_Maryland_86896_Dep01_20180711,86896MD01_016K_M04_multi_20180727_081500Z.aif,,1368868.171975,1368873.988025,interval,animal,,Balaenoptera physalus,,,,,,,,,,,,,,,machine,,,0.562405,,,parm file = FW2O_p25.mat
86896MD01_016K_M04_multi_20180727_134500Z_12214,2018_UnivMD_Maryland_86896_Dep01_20180711,86896MD01_016K_M04_multi_20180727_134500Z.aif,,1388193.595978,1388199.412028,interval,animal,,Balaenoptera physalus,,,,,,,,,,,,,,,machine,,,0.609519,,,parm file = FW2O_p25.mat
86896MD01_016K_M04_multi_20180727_184500Z_12367,2018_UnivMD_Maryland_86896_Dep01_20180711,86896MD01_016K_M04_multi_20180727_184500Z.aif,,1406078.411975,1406084.228025,interval,animal,,Balaenoptera physalus,,,,,,,,,,,,,,,machine,,,0.527422,,,parm file = FW2O_p25.mat
86896MD01_016K_M04_multi_20180727_184500Z_12379,2018_UnivMD_Maryland_86896_Dep01_20180711,86896MD01_016K_M04_multi_20180727_184500Z.aif,,1406674.059975,1406679.876025,interval,animal,,Balaenoptera physalus,,,,,,,,,,,,,,,machine,,,0.501535,,,parm file = FW2O_p25.mat
86896MD01_016K_M04_multi_20180727_210000Z_12447,2018_UnivMD_Maryland_86896_Dep01_20180711,86896MD01_016K_M04_multi_20180727_210000Z.aif,,1414283.355975,1414289.172025,interval,animal,,Balaenoptera physalus,,,,,,,,,,,,,,,machine,,,0.505644,,,parm file = FW2O_p25.mat
86896MD01_016K_M04_multi_20180727_224500Z_12617,2018_UnivMD_Maryland_86896_Dep01_20180711,86896MD01_016K_M04_multi_20180727_224500Z.aif,,1420750.507978,1420756.324028,interval,animal,,Balaenoptera physalus,,,,,,,,,,,,,,,machine,,,0.580983,,,parm file = FW2O_p25.mat
86896MD01_016K_M04_multi_20180727_230000Z_12641,2018_UnivMD_Maryland_86896_Dep01_20180711,86896MD01_016K_M04_multi_20180727_230000Z.aif,,1421270.131971,1421275.948021,interval,animal,,Balaenoptera physalus,,,,,,,,,,,,,,,machine,,,0.541854,,,parm file = FW2O_p25.mat
86896MD01_016K_M04_multi_20180727_230000Z_12643,2018_UnivMD_Maryland_86896_Dep01_20180711,86896MD01_016K_M04_multi_20180727_230000Z.aif,,1421284.211971,1421290.028021,interval,animal,,Balaenoptera physalus,,,,,,,,,,,,,,,machine,,,0.555254,,,parm file = FW2O_p25.mat
86896MD01_016K_M04_multi_20180728_004500Z_12659,2018_UnivMD_Maryland_86896_Dep01_20180711,86896MD01_016K_M04_multi_20180728_004500Z.aif,,1428173.203975,1428179.020025,interval,animal,,Balaenoptera physalus,,,,,,,,,,,,,,,machine,,,0.531563,,,parm file = FW2O_p25.mat
86896MD01_016K_M04_multi_20180729_013000Z_12879,2018_UnivMD_Maryland_86896_Dep01_20180711,86896MD01_016K_M04_multi_20180729_013000Z.aif,,1516641.467975,1516647.284025,interval,animal,,Balaenoptera physalus,,,,,,,,,,,,,,,machine,,,0.531208,,,parm file = FW2O_p25.mat
86896MD01_016K_M04_multi_20180729_234500Z_12980,2018_UnivMD_Maryland_86896_Dep01_20180711,86896MD01_016K_M04_multi_20180729_234500Z.aif,,1596899.139971,1596904.956021,interval,animal,,Balaenoptera physalus,,,,,,,,,,,,,,,machine,,,0.518367,,,parm file = FW2O_p25.mat
86896MD01_016K_M04_multi_20180730_183000Z_13060,2018_UnivMD_Maryland_86896_Dep01_20180711,86896MD01_016K_M04_multi_20180730_183000Z.aif,,1664725.251971,1664731.068021,interval,animal,,Balaenoptera physalus,,,,,,,,,,,,,,,machine,,,0.506337,,,parm file = FW2O_p25.mat
86896MD01_016K_M04_multi_20180730_184500Z_13061,2018_UnivMD_Maryland_86896_Dep01_20180711,86896MD01_016K_M04_multi_20180730_184500Z.aif,,1665003.603145,1665007.660855,interval,animal,,Balaenoptera physalus,,,,,,,,,,,,,,,machine,,,0.549487,,,parm file = FW2O_p25.mat
86896MD01_016K_M04_multi_20180730_184500Z_13074,2018_UnivMD_Maryland_86896_Dep01_20180711,86896MD01_016K_M04_multi_20180730_184500Z.aif,,1665402.043975,1665407.860025,interval,animal,,Balaenoptera physalus,,,,,,,,,,,,,,,machine,,,0.721974,,,parm file = FW2O_p25.mat
86896MD01_016K_M04_multi_20180730_194500Z_13089,2018_UnivMD_Maryland_86896_Dep01_20180711,86896MD01_016K_M04_multi_20180730_194500Z.aif,,1669008.443978,1669014.260028,interval,animal,,Balaenoptera physalus,,,,,,,,,,,,,,,machine,,,0.517712,,,parm file = FW2O_p25.mat
86896MD01_016K_M04_multi_20180731_124500Z_13282,2018_UnivMD_Maryland_86896_Dep01_20180711,86896MD01_016K_M04_multi_20180731_124500Z.aif,,1730166.979975,1730172.796025,interval,animal,,Balaenoptera physalus,,,,,,,,,,,,,,,machine,,,0.505166,,,parm file = FW2O_p25.mat
86896MD01_016K_M04_multi_20180731_174500Z_13421,2018_UnivMD_Maryland_86896_Dep01_20180711,86896MD01_016K_M04_multi_20180731_174500Z.aif,,1748604.947971,1748610.764021,interval,animal,,Balaenoptera physalus,,,,,,,,,,,,,,,machine,,,0.518323,,,parm file = FW2O_p25.mat
86896MD01_016K_M04_multi_20180731_210000Z_13694,2018_UnivMD_Maryland_86896_Dep01_20180711,86896MD01_016K_M04_multi_20180731_210000Z.aif,,1759695.731975,1759701.548025,interval,animal,,Balaenoptera physalus,,,,,,,,,,,,,,,machine,,,0.517889,,,parm file = FW2O_p25.mat
86896MD01_016K_M04_multi_20180731_211500Z_13773,2018_UnivMD_Maryland_86896_Dep01_20180711,86896MD01_016K_M04_multi_20180731_211500Z.aif,,1760835.323978,1760841.140028,interval,animal,,Balaenoptera physalus,,,,,,,,,,,,,,,machine,,,0.507362,,,parm file = FW2O_p25.mat
86896MD01_016K_M04_multi_20180731_213000Z_13837,2018_UnivMD_Maryland_86896_Dep01_20180711,86896MD01_016K_M04_multi_20180731_213000Z.aif,,1761413.819971,1761419.636021,interval,animal,,Balaenoptera physalus,,,,,,,,,,,,,,,machine,,,0.566561,,,parm file = FW2O_p25.mat
86896MD01_016K_M04_multi_20180731_214500Z_13876,2018_UnivMD_Maryland_86896_Dep01_20180711,86896MD01_016K_M04_multi_20180731_214500Z.aif,,1762214.755975,1762220.572025,interval,animal,,Balaenoptera physalus,,,,,,,,,,,,,,,machine,,,0.622436,,,parm file = FW2O_p25.mat
86896MD01_016K_M04_multi_20180801_014500Z_14000,2018_UnivMD_Maryland_86896_Dep01_20180711,86896MD01_016K_M04_multi_20180801_014500Z.aif,,1777494.539978,1777500.356028,interval,animal,,Balaenoptera physalus,,,,,,,,,,,,,,,machine,,,0.507493,,,parm file = FW2O_p25.mat
86896MD01_016K_M04_multi_20180801_041500Z_14085,2018_UnivMD_Maryland_86896_Dep01_20180711,86896MD01_016K_M04_multi_20180801_041500Z.aif,,1785797.267971,1785803.084021,interval,animal,,Balaenoptera physalus,,,,,,,,,,,,,,,machine,,,0.536171,,,parm file = FW2O_p25.mat
86896MD01_016K_M04_multi_20180801_084500Z_14111,2018_UnivMD_Maryland_86896_Dep01_20180711,86896MD01_016K_M04_multi_20180801_084500Z.aif,,1801812.963971,1801818.780021,interval,animal,,Balaenoptera physalus,,,,,,,,,,,,,,,machine,,,0.524150,,,parm file = FW2O_p25.mat
86896MD01_016K_M04_multi_20180801_114500Z_14161,2018_UnivMD_Maryland_86896_Dep01_20180711,86896MD01_016K_M04_multi_20180801_114500Z.aif,,1812945.219971,1812951.036021,interval,animal,,Balaenoptera physalus,,,,,,,,,,,,,,,machine,,,0.511713,,,parm file = FW2O_p25.mat
86896MD01_016K_M04_multi_20180801_114500Z_14171,2018_UnivMD_Maryland_86896_Dep01_20180711,86896MD01_016K_M04_multi_20180801_114500Z.aif,,1813057.331971,1813063.148021,interval,animal,,Balaenoptera physalus,,,,,,,,,,,,,,,machine,,,0.522972,,,parm file = FW2O_p25.mat
86896MD01_016K_M04_multi_20180801_120000Z_14228,2018_UnivMD_Maryland_86896_Dep01_20180711,86896MD01_016K_M04_multi_20180801_120000Z.aif,,1814127.555975,1814133.372025,interval,animal,,Balaenoptera physalus,,,,,,,,,,,,,,,machine,,,0.550144,,,parm file = FW2O_p25.mat
86896MD01_016K_M04_multi_20180801_121500Z_14265,2018_UnivMD_Maryland_86896_Dep01_20180711,86896MD01_016K_M04_multi_20180801_121500Z.aif,,1814603.923978,1814609.740028,interval,animal,,Balaenoptera physalus,,,,,,,,,,,,,,,machine,,,0.531623,,,parm file = FW2O_p25.mat
86896MD01_016K_M04_multi_20180801_203000Z_14429,2018_UnivMD_Maryland_86896_Dep01_20180711,86896MD01_016K_M04_multi_20180801_203000Z.aif,,1844146.243978,1844152.060028,interval,animal,,Balaenoptera physalus,,,,,,,,,,,,,,,machine,,,0.508212,,,parm file = FW2O_p25.mat
86896MD01_016K_M04_multi_20180801_214500Z_14480,2018_UnivMD_Maryland_86896_Dep01_20180711,86896MD01_016K_M04_multi_20180801_214500Z.aif,,1848656.739975,1848662.556025,interval,animal,,Balaenoptera physalus,,,,,,,,,,,,,,,machine,,,0.504516,,,parm file = FW2O_p25.mat
86896MD01_016K_M04_multi_20180802_000000Z_14506,2018_UnivMD_Maryland_86896_Dep01_20180711,86896MD01_016K_M04_multi_20180802_000000Z.aif,,1857058.275975,1857064.092025,interval,animal,,Balaenoptera physalus,,,,,,,,,,,,,,,machine,,,0.541996,,,parm file = FW2O_p25.mat
86896MD01_016K_M04_multi_20180803_080000Z_14745,2018_UnivMD_Maryland_86896_Dep01_20180711,86896MD01_016K_M04_multi_20180803_080000Z.aif,,1971913.731971,1971919.548021,interval,animal,,Balaenoptera physalus,,,,,,,,,,,,,,,machine,,,0.517078,,,parm file = FW2O_p25.mat
86896MD01_016K_M04_multi_20180803_080000Z_14771,2018_UnivMD_Maryland_86896_Dep01_20180711,86896MD01_016K_M04_multi_20180803_080000Z.aif,,1972199.395971,1972205.212021,interval,animal,,Balaenoptera physalus,,,,,,,,,,,,,,,machine,,,0.502797,,,parm file = FW2O_p25.mat
86896MD01_016K_M04_multi_20180803_081500Z_14853,2018_UnivMD_Maryland_86896_Dep01_20180711,86896MD01_016K_M04_multi_20180803_081500Z.aif,,1973325.931975,1973331.748025,interval,animal,,Balaenoptera physalus,,,,,,,,,,,,,,,machine,,,0.628131,,,parm file = FW2O_p25.mat
86896MD01_016K_M04_multi_20180804_081500Z_15154,2018_UnivMD_Maryland_86896_Dep01_20180711,86896MD01_016K_M04_multi_20180804_081500Z.aif,,2059806.051975,2059811.868025,interval,animal,,Balaenoptera physalus,,,,,,,,,,,,,,,machine,,,0.545017,,,parm file = FW2O_p25.mat
86896MD01_016K_M04_multi_20180804_200000Z_15247,2018_UnivMD_Maryland_86896_Dep01_20180711,86896MD01_016K_M04_multi_20180804_200000Z.aif,,2101886.171971,2101891.988021,interval,animal,,Balaenoptera physalus,,,,,,,,,,,,,,,machine,,,0.530883,,,parm file = FW2O_p25.mat
86896MD01_016K_M04_multi_20180804_221500Z_15296,2018_UnivMD_Maryland_86896_Dep01_20180711,86896MD01_016K_M04_multi_20180804_221500Z.aif,,2109849.739971,2109855.556021,interval,animal,,Balaenoptera physalus,,,,,,,,,,,,,,,machine,,,0.539646,,,parm file = FW2O_p25.mat
86896MD01_016K_M04_multi_20180805_053000Z_15411,2018_UnivMD_Maryland_86896_Dep01_20180711,86896MD01_016K_M04_multi_20180805_053000Z.aif,,2136341.491149,2136345.548859,interval,animal,,Balaenoptera physalus,,,,,,,,,,,,,,,machine,,,0.529732,,,parm file = FW2O_p25.mat
86896MD01_016K_M04_multi_20180805_071500Z_15491,2018_UnivMD_Maryland_86896_Dep01_20180711,86896MD01_016K_M04_multi_20180805_071500Z.aif,,2142227.723971,2142233.540021,interval,animal,,Balaenoptera physalus,,,,,,,,,,,,,,,machine,,,0.561686,,,parm file = FW2O_p25.mat
86896MD01_016K_M04_multi_20180805_120000Z_15538,2018_UnivMD_Maryland_86896_Dep01_20180711,86896MD01_016K_M04_multi_20180805_120000Z.aif,,2159827.131975,2159832.948025,interval,animal,,Balaenoptera physalus,,,,,,,,,,,,,,,machine,,,0.562906,,,parm file = FW2O_p25.mat
86896MD01_016K_M04_multi_20180805_173000Z_15578,2018_UnivMD_Maryland_86896_Dep01_20180711,86896MD01_016K_M04_multi_20180805_173000Z.aif,,2179404.547149,2179408.604859,interval,animal,,Balaenoptera physalus,,,,,,,,,,,,,,,machine,,,0.595841,,,parm file = FW2O_p25.mat
86896MD01_016K_M04_multi_20180806_084500Z_15683,2018_UnivMD_Maryland_86896_Dep01_20180711,86896MD01_016K_M04_multi_20180806_084500Z.aif,,2234688.139971,2234693.956021,interval,animal,,Balaenoptera physalus,,,,,,,,,,,,,,,machine,,,0.564955,,,parm file = FW2O_p25.mat
86896MD01_016K_M04_multi_20180806_090000Z_15688,2018_UnivMD_Maryland_86896_Dep01_20180711,86896MD01_016K_M04_multi_20180806_090000Z.aif,,2234732.931975,2234738.748025,interval,animal,,Balaenoptera physalus,,,,,,,,,,,,,,,machine,,,0.565613,,,parm file = FW2O_p25.mat
86896MD01_016K_M04_multi_20180807_014500Z_15770,2018_UnivMD_Maryland_86896_Dep01_20180711,86896MD01_016K_M04_multi_20180807_014500Z.aif,,2295735.579978,2295741.396028,interval,animal,,Balaenoptera physalus,,,,,,,,,,,,,,,machine,,,0.550757,,,parm file = FW2O_p25.mat
86896MD01_016K_M04_multi_20180807_131500Z_15801,2018_UnivMD_Maryland_86896_Dep01_20180711,86896MD01_016K_M04_multi_20180807_131500Z.aif,,2336868.339971,2336874.156021,interval,animal,,Balaenoptera physalus,,,,,,,,,,,,,,,machine,,,0.532952,,,parm file = FW2O_p25.mat
86896MD01_016K_M04_multi_20180808_100000Z_15998,2018_UnivMD_Maryland_86896_Dep01_20180711,86896MD01_016K_M04_multi_20180808_100000Z.aif,,2411947.179978,2411952.996028,interval,animal,,Balaenoptera physalus,,,,,,,,,,,,,,,machine,,,0.543542,,,parm file = FW2O_p25.mat
86896MD01_016K_M04_multi_20180808_101500Z_16012,2018_UnivMD_Maryland_86896_Dep01_20180711,86896MD01_016K_M04_multi_20180808_101500Z.aif,,2412181.907971,2412187.724021,interval,animal,,Balaenoptera physalus,,,,,,,,,,,,,,,machine,,,0.591420,,,parm file = FW2O_p25.mat
86896MD01_016K_M04_multi_20180808_113000Z_16065,2018_UnivMD_Maryland_86896_Dep01_20180711,86896MD01_016K_M04_multi_20180808_113000Z.aif,,2417059.211978,2417065.028028,interval,animal,,Balaenoptera physalus,,,,,,,,,,,,,,,machine,,,0.533140,,,parm file = FW2O_p25.mat
86896MD01_016K_M04_multi_20180808_140000Z_16133,2018_UnivMD_Maryland_86896_Dep01_20180711,86896MD01_016K_M04_multi_20180808_140000Z.aif,,2426303.667971,2426309.484021,interval,animal,,Balaenoptera physalus,,,,,,,,,,,,,,,machine,,,0.532438,,,parm file = FW2O_p25.mat
86896MD01_016K_M04_multi_20180808_141500Z_16237,2018_UnivMD_Maryland_86896_Dep01_20180711,86896MD01_016K_M04_multi_20180808_141500Z.aif,,2427041.123975,2427046.940025,interval,animal,,Balaenoptera physalus,,,,,,,,,,,,,,,machine,,,0.538090,,,parm file = FW2O_p25.mat
86896MD01_016K_M04_multi_20180808_203000Z_16332,2018_UnivMD_Maryland_86896_Dep01_20180711,86896MD01_016K_M04_multi_20180808_203000Z.aif,,2448988.731978,2448994.548028,interval,animal,,Balaenoptera physalus,,,,,,,,,,,,,,,machine,,,0.547490,,,parm file = FW2O_p25.mat
86896MD01_016K_M04_multi_20180808_210000Z_16372,2018_UnivMD_Maryland_86896_Dep01_20180711,86896MD01_016K_M04_multi_20180808_210000Z.aif,,2450968.171975,2450973.988025,interval,animal,,Balaenoptera physalus,,,,,,,,,,,,,,,machine,,,0.519021,,,parm file = FW2O_p25.mat
86896MD01_016K_M04_multi_20180808_230000Z_16616,2018_UnivMD_Maryland_86896_Dep01_20180711,86896MD01_016K_M04_multi_20180808_230000Z.aif,,2458726.699971,2458732.516021,interval,animal,,Balaenoptera physalus,,,,,,,,,,,,,,,machine,,,0.545214,,,parm file = FW2O_p25.mat
86896MD01_016K_M04_multi_20180808_231500Z_16656,2018_UnivMD_Maryland_86896_Dep01_20180711,86896MD01_016K_M04_multi_20180808_231500Z.aif,,2458890.011975,2458895.828025,interval,animal,,Balaenoptera physalus,,,,,,,,,,,,,,,machine,,,0.508508,,,parm file = FW2O_p25.mat
86896MD01_016K_M04_multi_20180808_231500Z_16664,2018_UnivMD_Maryland_86896_Dep01_20180711,86896MD01_016K_M04_multi_20180808_231500Z.aif,,2458939.931975,2458945.748025,interval,animal,,Balaenoptera physalus,,,,,,,,,,,,,,,machine,,,0.506859,,,parm file = FW2O_p25.mat
86896MD01_016K_M04_multi_20180808_231500Z_16813,2018_UnivMD_Maryland_86896_Dep01_20180711,86896MD01_016K_M04_multi_20180808_231500Z.aif,,2459600.083975,2459605.900025,interval,animal,,Balaenoptera physalus,,,,,,,,,,,,,,,machine,,,0.662132,,,parm file = FW2O_p25.mat
86896MD01_016K_M04_multi_20180808_233000Z_16853,2018_UnivMD_Maryland_86896_Dep01_20180711,86896MD01_016K_M04_multi_20180808_233000Z.aif,,2459734.211978,2459740.028028,interval,animal,,Balaenoptera physalus,,,,,,,,,,,,,,,machine,,,0.635637,,,parm file = FW2O_p25.mat
86896MD01_016K_M04_multi_20180808_233000Z_17045,2018_UnivMD_Maryland_86896_Dep01_20180711,86896MD01_016K_M04_multi_20180808_233000Z.aif,,2460400.763978,2460406.580028,interval,animal,,Balaenoptera physalus,,,,,,,,,,,,,,,machine,,,0.586879,,,parm file = FW2O_p25.mat
86896MD01_016K_M04_multi_20180808_233000Z_17077,2018_UnivMD_Maryland_86896_Dep01_20180711,86896MD01_016K_M04_multi_20180808_233000Z.aif,,2460511.603978,2460517.420028,interval,animal,,Balaenoptera physalus,,,,,,,,,,,,,,,machine,,,0.739502,,,parm file = FW2O_p25.mat
86896MD01_016K_M04_multi_20180808_234500Z_17106,2018_UnivMD_Maryland_86896_Dep01_20180711,86896MD01_016K_M04_multi_20180808_234500Z.aif,,2460689.243971,2460695.060021,interval,animal,,Balaenoptera physalus,,,,,,,,,,,,,,,machine,,,0.552405,,,parm file = FW2O_p25.mat
86896MD01_016K_M04_multi_20180808_234500Z_17176,2018_UnivMD_Maryland_86896_Dep01_20180711,86896MD01_016K_M04_multi_20180808_234500Z.aif,,2461155.627971,2461161.444021,interval,animal,,Balaenoptera physalus,,,,,,,,,,,,,,,machine,,,0.510905,,,parm file = FW2O_p25.mat
86896MD01_016K_M04_multi_20180809_000000Z_17229,2018_UnivMD_Maryland_86896_Dep01_20180711,86896MD01_016K_M04_multi_20180809_000000Z.aif,,2461555.459975,2461561.276025,interval,animal,,Balaenoptera physalus,,,,,,,,,,,,,,,machine,,,0.663373,,,parm file = FW2O_p25.mat
86896MD01_016K_M04_multi_20180811_110000Z_17614,2018_UnivMD_Maryland_86896_Dep01_20180711,86896MD01_016K_M04_multi_20180811_110000Z.aif,,2674460.747971,2674466.564021,interval,animal,,Balaenoptera physalus,,,,,,,,,,,,,,,machine,,,0.557193,,,parm file = FW2O_p25.mat
86896MD01_016K_M04_multi_20180811_133000Z_17650,2018_UnivMD_Maryland_86896_Dep01_20180711,86896MD01_016K_M04_multi_20180811_133000Z.aif,,2683664.243975,2683670.060025,interval,animal,,Balaenoptera physalus,,,,,,,,,,,,,,,machine,,,0.520889,,,parm file = FW2O_p25.mat
86896MD01_016K_M04_multi_20180812_104500Z_17783,2018_UnivMD_Maryland_86896_Dep01_20180711,86896MD01_016K_M04_multi_20180812_104500Z.aif,,2760058.531978,2760064.348028,interval,animal,,Balaenoptera physalus,,,,,,,,,,,,,,,machine,,,0.567388,,,parm file = FW2O_p25.mat
86896MD01_016K_M04_multi_20180812_180000Z_17891,2018_UnivMD_Maryland_86896_Dep01_20180711,86896MD01_016K_M04_multi_20180812_180000Z.aif,,2786379.947975,2786385.764025,interval,animal,,Balaenoptera physalus,,,,,,,,,,,,,,,machine,,,0.514235,,,parm file = FW2O_p25.mat
86896MD01_016K_M04_multi_20180813_233000Z_18102,2018_UnivMD_Maryland_86896_Dep01_20180711,86896MD01_016K_M04_multi_20180813_233000Z.aif,,2891753.011149,2891757.068859,interval,animal,,Balaenoptera physalus,,,,,,,,,,,,,,,machine,,,0.514406,,,parm file = FW2O_p25.mat
86896MD01_016K_M04_multi_20180814_091500Z_18145,2018_UnivMD_Maryland_86896_Dep01_20180711,86896MD01_016K_M04_multi_20180814_091500Z.aif,,2927085.835978,2927091.652028,interval,animal,,Balaenoptera physalus,,,,,,,,,,,,,,,machine,,,0.527606,,,parm file = FW2O_p25.mat
86896MD01_016K_M04_multi_20180814_144500Z_18377,2018_UnivMD_Maryland_86896_Dep01_20180711,86896MD01_016K_M04_multi_20180814_144500Z.aif,,2947354.371142,2947358.428852,interval,animal,,Balaenoptera physalus,,,,,,,,,,,,,,,machine,,,0.516247,,,parm file = FW2O_p25.mat
86896MD01_016K_M04_multi_20180814_213000Z_18460,2018_UnivMD_Maryland_86896_Dep01_20180711,86896MD01_016K_M04_multi_20180814_213000Z.aif,,2971153.835971,2971159.652021,interval,animal,,Balaenoptera physalus,,,,,,,,,,,,,,,machine,,,0.563677,,,parm file = FW2O_p25.mat
86896MD01_016K_M04_multi_20180815_004500Z_18567,2018_UnivMD_Maryland_86896_Dep01_20180711,86896MD01_016K_M04_multi_20180815_004500Z.aif,,2983063.987975,2983069.804025,interval,animal,,Balaenoptera physalus,,,,,,,,,,,,,,,machine,,,0.572093,,,parm file = FW2O_p25.mat
86896MD01_016K_M04_multi_20180815_013000Z_18668,2018_UnivMD_Maryland_86896_Dep01_20180711,86896MD01_016K_M04_multi_20180815_013000Z.aif,,2985540.523975,2985546.340025,interval,animal,,Balaenoptera physalus,,,,,,,,,,,,,,,machine,,,0.578653,,,parm file = FW2O_p25.mat
86896MD01_016K_M04_multi_20180815_024500Z_18958,2018_UnivMD_Maryland_86896_Dep01_20180711,86896MD01_016K_M04_multi_20180815_024500Z.aif,,2990160.835971,2990166.652021,interval,animal,,Balaenoptera physalus,,,,,,,,,,,,,,,machine,,,0.551179,,,parm file = FW2O_p25.mat
86896MD01_016K_M04_multi_20180815_033000Z_19028,2018_UnivMD_Maryland_86896_Dep01_20180711,86896MD01_016K_M04_multi_20180815_033000Z.aif,,2992853.667971,2992859.484021,interval,animal,,Balaenoptera physalus,,,,,,,,,,,,,,,machine,,,0.508032,,,parm file = FW2O_p25.mat
86896MD01_016K_M04_multi_20180815_060000Z_19051,2018_UnivMD_Maryland_86896_Dep01_20180711,86896MD01_016K_M04_multi_20180815_060000Z.aif,,3001915.355975,3001921.172025,interval,animal,,Balaenoptera physalus,,,,,,,,,,,,,,,machine,,,0.517571,,,parm file = FW2O_p25.mat
86896MD01_016K_M04_multi_20180815_213000Z_19236,2018_UnivMD_Maryland_86896_Dep01_20180711,86896MD01_016K_M04_multi_20180815_213000Z.aif,,3057866.891971,3057872.708021,interval,animal,,Balaenoptera physalus,,,,,,,,,,,,,,,machine,,,0.509544,,,parm file = FW2O_p25.mat
86896MD01_016K_M04_multi_20180816_023000Z_19328,2018_UnivMD_Maryland_86896_Dep01_20180711,86896MD01_016K_M04_multi_20180816_023000Z.aif,,3076083.443978,3076089.260028,interval,animal,,Balaenoptera physalus,,,,,,,,,,,,,,,machine,,,0.526774,,,parm file = FW2O_p25.mat
86896MD01_016K_M04_multi_20180816_030000Z_19336,2018_UnivMD_Maryland_86896_Dep01_20180711,86896MD01_016K_M04_multi_20180816_030000Z.aif,,3077979.435975,3077985.252025,interval,animal,,Balaenoptera physalus,,,,,,,,,,,,,,,machine,,,0.543159,,,parm file = FW2O_p25.mat
86896MD01_016K_M04_multi_20180816_040000Z_19347,2018_UnivMD_Maryland_86896_Dep01_20180711,86896MD01_016K_M04_multi_20180816_040000Z.aif,,3080748.547978,3080754.364028,interval,animal,,Balaenoptera physalus,,,,,,,,,,,,,,,machine,,,0.508527,,,parm file = FW2O_p25.mat
86896MD01_016K_M04_multi_20180816_041500Z_19405,2018_UnivMD_Maryland_86896_Dep01_20180711,86896MD01_016K_M04_multi_20180816_041500Z.aif,,3082256.483971,3082262.300021,interval,animal,,Balaenoptera physalus,,,,,,,,,,,,,,,machine,,,0.528377,,,parm file = FW2O_p25.mat
86896MD01_016K_M04_multi_20180816_053000Z_19439,2018_UnivMD_Maryland_86896_Dep01_20180711,86896MD01_016K_M04_multi_20180816_053000Z.aif,,3086704.003978,3086709.820028,interval,animal,,Balaenoptera physalus,,,,,,,,,,,,,,,machine,,,0.552578,,,parm file = FW2O_p25.mat
86896MD01_016K_M04_multi_20180816_091500Z_19489,2018_UnivMD_Maryland_86896_Dep01_20180711,86896MD01_016K_M04_multi_20180816_091500Z.aif,,3099998.459978,3100004.276028,interval,animal,,Balaenoptera physalus,,,,,,,,,,,,,,,machine,,,0.534049,,,parm file = FW2O_p25.mat
86896MD01_016K_M04_multi_20180816_110000Z_19532,2018_UnivMD_Maryland_86896_Dep01_20180711,86896MD01_016K_M04_multi_20180816_110000Z.aif,,3106034.811971,3106040.628021,interval,animal,,Balaenoptera physalus,,,,,,,,,,,,,,,machine,,,0.507180,,,parm file = FW2O_p25.mat
86896MD01_016K_M04_multi_20180816_144500Z_19606,2018_UnivMD_Maryland_86896_Dep01_20180711,86896MD01_016K_M04_multi_20180816_144500Z.aif,,3119661.259971,3119667.076021,interval,animal,,Balaenoptera physalus,,,,,,,,,,,,,,,machine,,,0.502808,,,parm file = FW2O_p25.mat
86896MD01_016K_M04_multi_20180816_150000Z_19634,2018_UnivMD_Maryland_86896_Dep01_20180711,86896MD01_016K_M04_multi_20180816_150000Z.aif,,3120858.443975,3120864.260025,interval,animal,,Balaenoptera physalus,,,,,,,,,,,,,,,machine,,,0.573479,,,parm file = FW2O_p25.mat
86896MD01_016K_M04_multi_20180816_194500Z_19811,2018_UnivMD_Maryland_86896_Dep01_20180711,86896MD01_016K_M04_multi_20180816_194500Z.aif,,3138087.195978,3138093.012028,interval,animal,,Balaenoptera physalus,,,,,,,,,,,,,,,machine,,,0.513632,,,parm file = FW2O_p25.mat
86896MD01_016K_M04_multi_20180817_033000Z_19972,2018_UnivMD_Maryland_86896_Dep01_20180711,86896MD01_016K_M04_multi_20180817_033000Z.aif,,3165552.555971,3165558.372021,interval,animal,,Balaenoptera physalus,,,,,,,,,,,,,,,machine,,,0.514120,,,parm file = FW2O_p25.mat
86896MD01_016K_M04_multi_20180817_033000Z_19974,2018_UnivMD_Maryland_86896_Dep01_20180711,86896MD01_016K_M04_multi_20180817_033000Z.aif,,3165617.571971,3165623.388021,interval,animal,,Balaenoptera physalus,,,,,,,,,,,,,,,machine,,,0.512188,,,parm file = FW2O_p25.mat
86896MD01_016K_M04_multi_20180817_121500Z_20219,2018_UnivMD_Maryland_86896_Dep01_20180711,86896MD01_016K_M04_multi_20180817_121500Z.aif,,3197486.427978,3197492.244028,interval,animal,,Balaenoptera physalus,,,,,,,,,,,,,,,machine,,,0.550617,,,parm file = FW2O_p25.mat
86896MD01_016K_M04_multi_20180817_194500Z_20433,2018_UnivMD_Maryland_86896_Dep01_20180711,86896MD01_016K_M04_multi_20180817_194500Z.aif,,3224630.651149,3224634.708859,interval,animal,,Balaenoptera physalus,,,,,,,,,,,,,,,machine,,,0.571029,,,parm file = FW2O_p25.mat
86896MD01_016K_M04_multi_20180817_213000Z_20492,2018_UnivMD_Maryland_86896_Dep01_20180711,86896MD01_016K_M04_multi_20180817_213000Z.aif,,3230901.619971,3230907.436021,interval,animal,,Balaenoptera physalus,,,,,,,,,,,,,,,machine,,,0.537184,,,parm file = FW2O_p25.mat
86896MD01_016K_M04_multi_20180817_230000Z_20612,2018_UnivMD_Maryland_86896_Dep01_20180711,86896MD01_016K_M04_multi_20180817_230000Z.aif,,3235833.187971,3235839.004021,interval,animal,,Balaenoptera physalus,,,,,,,,,,,,,,,machine,,,0.596277,,,parm file = FW2O_p25.mat
86896MD01_016K_M04_multi_20180817_230000Z_20655,2018_UnivMD_Maryland_86896_Dep01_20180711,86896MD01_016K_M04_multi_20180817_230000Z.aif,,3236120.131971,3236125.948021,interval,animal,,Balaenoptera physalus,,,,,,,,,,,,,,,machine,,,0.525648,,,parm file = FW2O_p25.mat
86896MD01_016K_M04_multi_20180818_000000Z_20971,2018_UnivMD_Maryland_86896_Dep01_20180711,86896MD01_016K_M04_multi_20180818_000000Z.aif,,3239780.283975,3239786.100025,interval,animal,,Balaenoptera physalus,,,,,,,,,,,,,,,machine,,,0.653927,,,parm file = FW2O_p25.mat
86896MD01_016K_M04_multi_20180818_003000Z_21107,2018_UnivMD_Maryland_86896_Dep01_20180711,86896MD01_016K_M04_multi_20180818_003000Z.aif,,3241681.395971,3241687.212021,interval,animal,,Balaenoptera physalus,,,,,,,,,,,,,,,machine,,,0.539264,,,parm file = FW2O_p25.mat
86896MD01_016K_M04_multi_20180818_013000Z_21131,2018_UnivMD_Maryland_86896_Dep01_20180711,86896MD01_016K_M04_multi_20180818_013000Z.aif,,3245208.699975,3245214.516025,interval,animal,,Balaenoptera physalus,,,,,,,,,,,,,,,machine,,,0.699493,,,parm file = FW2O_p25.mat
86896MD01_016K_M04_multi_20180818_014500Z_21305,2018_UnivMD_Maryland_86896_Dep01_20180711,86896MD01_016K_M04_multi_20180818_014500Z.aif,,3246125.595978,3246131.412028,interval,animal,,Balaenoptera physalus,,,,,,,,,,,,,,,machine,,,0.852306,,,parm file = FW2O_p25.mat
86896MD01_016K_M04_multi_20180818_020000Z_21389,2018_UnivMD_Maryland_86896_Dep01_20180711,86896MD01_016K_M04_multi_20180818_020000Z.aif,,3246483.443971,3246489.260021,interval,animal,,Balaenoptera physalus,,,,,,,,,,,,,,,machine,,,0.577237,,,parm file = FW2O_p25.mat
86896MD01_016K_M04_multi_20180818_020000Z_21435,2018_UnivMD_Maryland_86896_Dep01_20180711,86896MD01_016K_M04_multi_20180818_020000Z.aif,,3246832.331971,3246838.148021,interval,animal,,Balaenoptera physalus,,,,,,,,,,,,,,,machine,,,0.762774,,,parm file = FW2O_p25.mat
86896MD01_016K_M04_multi_20180818_020000Z_21468,2018_UnivMD_Maryland_86896_Dep01_20180711,86896MD01_016K_M04_multi_20180818_020000Z.aif,,3246934.979971,3246940.796021,interval,animal,,Balaenoptera physalus,,,,,,,,,,,,,,,machine,,,0.721496,,,parm file = FW2O_p25.mat
86896MD01_016K_M04_multi_20180818_020000Z_21480,2018_UnivMD_Maryland_86896_Dep01_20180711,86896MD01_016K_M04_multi_20180818_020000Z.aif,,3247028.923971,3247034.740021,interval,animal,,Balaenoptera physalus,,,,,,,,,,,,,,,machine,,,0.797942,,,parm file = FW2O_p25.mat
86896MD01_016K_M04_multi_20180818_021500Z_21621,2018_UnivMD_Maryland_86896_Dep01_20180711,86896MD01_016K_M04_multi_20180818_021500Z.aif,,3247995.219975,3248001.036025,interval,animal,,Balaenoptera physalus,,,,,,,,,,,,,,,machine,,,0.735106,,,parm file = FW2O_p25.mat
86896MD01_016K_M04_multi_20180818_041500Z_22043,2018_UnivMD_Maryland_86896_Dep01_20180711,86896MD01_016K_M04_multi_20180818_041500Z.aif,,3255064.163971,3255069.980021,interval,animal,,Balaenoptera physalus,,,,,,,,,,,,,,,machine,,,0.512335,,,parm file = FW2O_p25.mat
86896MD01_016K_M04_multi_20180818_044500Z_22048,2018_UnivMD_Maryland_86896_Dep01_20180711,86896MD01_016K_M04_multi_20180818_044500Z.aif,,3256535.235978,3256541.052028,interval,animal,,Balaenoptera physalus,,,,,,,,,,,,,,,machine,,,0.551119,,,parm file = FW2O_p25.mat
86896MD01_016K_M04_multi_20180818_060000Z_22267,2018_UnivMD_Maryland_86896_Dep01_20180711,86896MD01_016K_M04_multi_20180818_060000Z.aif,,3261232.075975,3261237.892025,interval,animal,,Balaenoptera physalus,,,,,,,,,,,,,,,machine,,,0.616989,,,parm file = FW2O_p25.mat
86896MD01_016K_M04_multi_20180818_061500Z_22362,2018_UnivMD_Maryland_86896_Dep01_20180711,86896MD01_016K_M04_multi_20180818_061500Z.aif,,3261802.899978,3261808.716028,interval,animal,,Balaenoptera physalus,,,,,,,,,,,,,,,machine,,,0.624733,,,parm file = FW2O_p25.mat
86896MD01_016K_M04_multi_20180818_074500Z_22421,2018_UnivMD_Maryland_86896_Dep01_20180711,86896MD01_016K_M04_multi_20180818_074500Z.aif,,3267213.907978,3267219.724028,interval,animal,,Balaenoptera physalus,,,,,,,,,,,,,,,machine,,,0.661130,,,parm file = FW2O_p25.mat
86896MD01_016K_M04_multi_20180818_074500Z_22469,2018_UnivMD_Maryland_86896_Dep01_20180711,86896MD01_016K_M04_multi_20180818_074500Z.aif,,3267888.907978,3267894.724028,interval,animal,,Balaenoptera physalus,,,,,,,,,,,,,,,machine,,,0.559488,,,parm file = FW2O_p25.mat
86896MD01_016K_M04_multi_20180818_081500Z_22502,2018_UnivMD_Maryland_86896_Dep01_20180711,86896MD01_016K_M04_multi_20180818_081500Z.aif,,3269311.091975,3269316.908025,interval,animal,,Balaenoptera physalus,,,,,,,,,,,,,,,machine,,,0.743303,,,parm file = FW2O_p25.mat
86896MD01_016K_M04_multi_20180818_090000Z_22771,2018_UnivMD_Maryland_86896_Dep01_20180711,86896MD01_016K_M04_multi_20180818_090000Z.aif,,3271747.856260,3271752.319740,interval,animal,,Balaenoptera physalus,,,,,,,,,,,,,,,machine,,,0.818234,,,parm file = FW2O_p25.mat
86896MD01_016K_M04_multi_20180818_091500Z_22880,2018_UnivMD_Maryland_86896_Dep01_20180711,86896MD01_016K_M04_multi_20180818_091500Z.aif,,3273299.304263,3273303.767743,interval,animal,,Balaenoptera physalus,,,,,,,,,,,,,,,machine,,,0.641149,,,parm file = FW2O_p25.mat
86896MD01_016K_M04_multi_20180818_093000Z_22902,2018_UnivMD_Maryland_86896_Dep01_20180711,86896MD01_016K_M04_multi_20180818_093000Z.aif,,3273365.096256,3273369.559736,interval,animal,,Balaenoptera physalus,,,,,,,,,,,,,,,machine,,,0.851503,,,parm file = FW2O_p25.mat
86896MD01_016K_M04_multi_20180818_093000Z_23027,2018_UnivMD_Maryland_86896_Dep01_20180711,86896MD01_016K_M04_multi_20180818_093000Z.aif,,3273784.632256,3273789.095736,interval,animal,,Balaenoptera physalus,,,,,,,,,,,,,,,machine,,,0.843046,,,parm file = FW2O_p25.mat
86896MD01_016K_M04_multi_20180818_110000Z_23240,2018_UnivMD_Maryland_86896_Dep01_20180711,86896MD01_016K_M04_multi_20180818_110000Z.aif,,3279294.704256,3279299.167736,interval,animal,,Balaenoptera physalus,,,,,,,,,,,,,,,machine,,,0.869351,,,parm file = FW2O_p25.mat
86896MD01_016K_M04_multi_20180818_110000Z_23256,2018_UnivMD_Maryland_86896_Dep01_20180711,86896MD01_016K_M04_multi_20180818_110000Z.aif,,3279344.360256,3279348.823736,interval,animal,,Balaenoptera physalus,,,,,,,,,,,,,,,machine,,,0.780923,,,parm file = FW2O_p25.mat
86896MD01_016K_M04_multi_20180818_111500Z_23338,2018_UnivMD_Maryland_86896_Dep01_20180711,86896MD01_016K_M04_multi_20180818_111500Z.aif,,3279700.672260,3279705.135740,interval,animal,,Balaenoptera physalus,,,,,,,,,,,,,,,machine,,,0.833548,,,parm file = FW2O_p25.mat
86896MD01_016K_M04_multi_20180818_113000Z_23404,2018_UnivMD_Maryland_86896_Dep01_20180711,86896MD01_016K_M04_multi_20180818_113000Z.aif,,3280799.816263,3280804.279743,interval,animal,,Balaenoptera physalus,,,,,,,,,,,,,,,machine,,,0.781725,,,parm file = FW2O_p25.mat
86896MD01_016K_M04_multi_20180818_113000Z_23479,2018_UnivMD_Maryland_86896_Dep01_20180711,86896MD01_016K_M04_multi_20180818_113000Z.aif,,3281351.696263,3281356.159743,interval,animal,,Balaenoptera physalus,,,,,,,,,,,,,,,machine,,,0.831908,,,parm file = FW2O_p25.mat
86896MD01_016K_M04_multi_20180818_114500Z_23502,2018_UnivMD_Maryland_86896_Dep01_20180711,86896MD01_016K_M04_multi_20180818_114500Z.aif,,3281498.203971,3281504.020021,interval,animal,,Balaenoptera physalus,,,,,,,,,,,,,,,machine,,,0.658414,,,parm file = FW2O_p25.mat
86896MD01_016K_M04_multi_20180818_120000Z_23580,2018_UnivMD_Maryland_86896_Dep01_20180711,86896MD01_016K_M04_multi_20180818_120000Z.aif,,3282714.843975,3282720.660025,interval,animal,,Balaenoptera physalus,,,,,,,,,,,,,,,machine,,,0.871293,,,parm file = FW2O_p25.mat
86896MD01_016K_M04_multi_20180818_120000Z_23626,2018_UnivMD_Maryland_86896_Dep01_20180711,86896MD01_016K_M04_multi_20180818_120000Z.aif,,3282932.419975,3282938.236025,interval,animal,,Balaenoptera physalus,,,,,,,,,,,,,,,machine,,,0.775219,,,parm file = FW2O_p25.mat
86896MD01_016K_M04_multi_20180818_121500Z_23715,2018_UnivMD_Maryland_86896_Dep01_20180711,86896MD01_016K_M04_multi_20180818_121500Z.aif,,3283312.192263,3283316.655743,interval,animal,,Balaenoptera physalus,,,,,,,,,,,,,,,machine,,,0.876496,,,parm file = FW2O_p25.mat
86896MD01_016K_M04_multi_20180818_124500Z_23878,2018_UnivMD_Maryland_86896_Dep01_20180711,86896MD01_016K_M04_multi_20180818_124500Z.aif,,3285231.819975,3285237.636025,interval,animal,,Balaenoptera physalus,,,,,,,,,,,,,,,machine,,,0.625582,,,parm file = FW2O_p25.mat
86896MD01_016K_M04_multi_20180818_124500Z_23938,2018_UnivMD_Maryland_86896_Dep01_20180711,86896MD01_016K_M04_multi_20180818_124500Z.aif,,3285492.056260,3285496.519740,interval,animal,,Balaenoptera physalus,,,,,,,,,,,,,,,machine,,,0.876748,,,parm file = FW2O_p25.mat
86896MD01_016K_M04_multi_20180818_130000Z_24033,2018_UnivMD_Maryland_86896_Dep01_20180711,86896MD01_016K_M04_multi_20180818_130000Z.aif,,3286053.912263,3286058.375743,interval,animal,,Balaenoptera physalus,,,,,,,,,,,,,,,machine,,,0.540215,,,parm file = FW2O_p25.mat
86896MD01_016K_M04_multi_20180818_130000Z_24050,2018_UnivMD_Maryland_86896_Dep01_20180711,86896MD01_016K_M04_multi_20180818_130000Z.aif,,3286230.627978,3286236.444028,interval,animal,,Balaenoptera physalus,,,,,,,,,,,,,,,machine,,,0.788988,,,parm file = FW2O_p25.mat
86896MD01_016K_M04_multi_20180818_130000Z_24071,2018_UnivMD_Maryland_86896_Dep01_20180711,86896MD01_016K_M04_multi_20180818_130000Z.aif,,3286300.251978,3286306.068028,interval,animal,,Balaenoptera physalus,,,,,,,,,,,,,,,machine,,,0.824632,,,parm file = FW2O_p25.mat
86896MD01_016K_M04_multi_20180818_130000Z_24079,2018_UnivMD_Maryland_86896_Dep01_20180711,86896MD01_016K_M04_multi_20180818_130000Z.aif,,3286323.200263,3286327.663743,interval,animal,,Balaenoptera physalus,,,,,,,,,,,,,,,machine,,,0.788837,,,parm file = FW2O_p25.mat
86896MD01_016K_M04_multi_20180818_130000Z_24097,2018_UnivMD_Maryland_86896_Dep01_20180711,86896MD01_016K_M04_multi_20180818_130000Z.aif,,3286383.555149,3286387.612859,interval,animal,,Balaenoptera physalus,,,,,,,,,,,,,,,machine,,,0.631679,,,parm file = FW2O_p25.mat
86896MD01_016K_M04_multi_20180818_131500Z_24180,2018_UnivMD_Maryland_86896_Dep01_20180711,86896MD01_016K_M04_multi_20180818_131500Z.aif,,3286971.923971,3286977.740021,interval,animal,,Balaenoptera physalus,,,,,,,,,,,,,,,machine,,,0.753983,,,parm file = FW2O_p25.mat
86896MD01_016K_M04_multi_20180818_131500Z_24224,2018_UnivMD_Maryland_86896_Dep01_20180711,86896MD01_016K_M04_multi_20180818_131500Z.aif,,3287108.355971,3287114.172021,interval,animal,,Balaenoptera physalus,,,,,,,,,,,,,,,machine,,,0.681998,,,parm file = FW2O_p25.mat
86896MD01_016K_M04_multi_20180818_131500Z_24247,2018_UnivMD_Maryland_86896_Dep01_20180711,86896MD01_016K_M04_multi_20180818_131500Z.aif,,3287191.712256,3287196.175736,interval,animal,,Balaenoptera physalus,,,,,,,,,,,,,,,machine,,,0.750097,,,parm file = FW2O_p25.mat
86896MD01_016K_M04_multi_20180818_131500Z_24264,2018_UnivMD_Maryland_86896_Dep01_20180711,86896MD01_016K_M04_multi_20180818_131500Z.aif,,3287242.912256,3287247.375736,interval,animal,,Balaenoptera physalus,,,,,,,,,,,,,,,machine,,,0.887211,,,parm file = FW2O_p25.mat
86896MD01_016K_M04_multi_20180818_131500Z_24301,2018_UnivMD_Maryland_86896_Dep01_20180711,86896MD01_016K_M04_multi_20180818_131500Z.aif,,3287492.315971,3287498.132021,interval,animal,,Balaenoptera physalus,,,,,,,,,,,,,,,machine,,,0.828764,,,parm file = FW2O_p25.mat
86896MD01_016K_M04_multi_20180818_133000Z_24388,2018_UnivMD_Maryland_86896_Dep01_20180711,86896MD01_016K_M04_multi_20180818_133000Z.aif,,3288452.979975,3288458.796025,interval,animal,,Balaenoptera physalus,,,,,,,,,,,,,,,machine,,,0.559950,,,parm file = FW2O_p25.mat
86896MD01_016K_M04_multi_20180818_134500Z_24450,2018_UnivMD_Maryland_86896_Dep01_20180711,86896MD01_016K_M04_multi_20180818_134500Z.aif,,3288719.360263,3288723.823743,interval,animal,,Balaenoptera physalus,,,,,,,,,,,,,,,machine,,,0.806819,,,parm file = FW2O_p25.mat
86896MD01_016K_M04_multi_20180818_134500Z_24454,2018_UnivMD_Maryland_86896_Dep01_20180711,86896MD01_016K_M04_multi_20180818_134500Z.aif,,3288734.720263,3288739.183743,interval,animal,,Balaenoptera physalus,,,,,,,,,,,,,,,machine,,,0.898446,,,parm file = FW2O_p25.mat
86896MD01_016K_M04_multi_20180818_134500Z_24515,2018_UnivMD_Maryland_86896_Dep01_20180711,86896MD01_016K_M04_multi_20180818_134500Z.aif,,3289071.832263,3289076.295743,interval,animal,,Balaenoptera physalus,,,,,,,,,,,,,,,machine,,,0.859161,,,parm file = FW2O_p25.mat
86896MD01_016K_M04_multi_20180818_143000Z_24707,2018_UnivMD_Maryland_86896_Dep01_20180711,86896MD01_016K_M04_multi_20180818_143000Z.aif,,3291428.576263,3291433.039743,interval,animal,,Balaenoptera physalus,,,,,,,,,,,,,,,machine,,,0.847507,,,parm file = FW2O_p25.mat
86896MD01_016K_M04_multi_20180818_143000Z_24727,2018_UnivMD_Maryland_86896_Dep01_20180711,86896MD01_016K_M04_multi_20180818_143000Z.aif,,3291590.187978,3291596.004028,interval,animal,,Balaenoptera physalus,,,,,,,,,,,,,,,machine,,,0.702833,,,parm file = FW2O_p25.mat
86896MD01_016K_M04_multi_20180818_143000Z_24766,2018_UnivMD_Maryland_86896_Dep01_20180711,86896MD01_016K_M04_multi_20180818_143000Z.aif,,3291713.728263,3291718.191743,interval,animal,,Balaenoptera physalus,,,,,,,,,,,,,,,machine,,,0.836184,,,parm file = FW2O_p25.mat
86896MD01_016K_M04_multi_20180818_143000Z_24848,2018_UnivMD_Maryland_86896_Dep01_20180711,86896MD01_016K_M04_multi_20180818_143000Z.aif,,3292108.696263,3292113.159743,interval,animal,,Balaenoptera physalus,,,,,,,,,,,,,,,machine,,,0.816038,,,parm file = FW2O_p25.mat
86896MD01_016K_M04_multi_20180818_144500Z_25001,2018_UnivMD_Maryland_86896_Dep01_20180711,86896MD01_016K_M04_multi_20180818_144500Z.aif,,3292719.448256,3292723.911736,interval,animal,,Balaenoptera physalus,,,,,,,,,,,,,,,machine,,,0.815666,,,parm file = FW2O_p25.mat
86896MD01_016K_M04_multi_20180818_150000Z_25072,2018_UnivMD_Maryland_86896_Dep01_20180711,86896MD01_016K_M04_multi_20180818_150000Z.aif,,3293108.099975,3293113.916025,interval,animal,,Balaenoptera physalus,,,,,,,,,,,,,,,machine,,,0.702141,,,parm file = FW2O_p25.mat
86896MD01_016K_M04_multi_20180818_150000Z_25143,2018_UnivMD_Maryland_86896_Dep01_20180711,86896MD01_016K_M04_multi_20180818_150000Z.aif,,3293519.307145,3293523.364855,interval,animal,,Balaenoptera physalus,,,,,,,,,,,,,,,machine,,,0.720891,,,parm file = FW2O_p25.mat
86896MD01_016K_M04_multi_20180818_151500Z_25239,2018_UnivMD_Maryland_86896_Dep01_20180711,86896MD01_016K_M04_multi_20180818_151500Z.aif,,3294013.384263,3294017.847743,interval,animal,,Balaenoptera physalus,,,,,,,,,,,,,,,machine,,,0.817976,,,parm file = FW2O_p25.mat
86896MD01_016K_M04_multi_20180818_153000Z_25468,2018_UnivMD_Maryland_86896_Dep01_20180711,86896MD01_016K_M04_multi_20180818_153000Z.aif,,3295504.259971,3295510.076021,interval,animal,,Balaenoptera physalus,,,,,,,,,,,,,,,machine,,,0.637496,,,parm file = FW2O_p25.mat
86896MD01_016K_M04_multi_20180818_154500Z_25543,2018_UnivMD_Maryland_86896_Dep01_20180711,86896MD01_016K_M04_multi_20180818_154500Z.aif,,3296009.811975,3296015.628025,interval,animal,,Balaenoptera physalus,,,,,,,,,,,,,,,machine,,,0.798599,,,parm file = FW2O_p25.mat
86896MD01_016K_M04_multi_20180818_160000Z_25557,2018_UnivMD_Maryland_86896_Dep01_20180711,86896MD01_016K_M04_multi_20180818_160000Z.aif,,3296749.683149,3296753.740859,interval,animal,,Balaenoptera physalus,,,,,,,,,,,,,,,machine,,,0.632530,,,parm file = FW2O_p25.mat
86896MD01_016K_M04_multi_20180818_170000Z_25708,2018_UnivMD_Maryland_86896_Dep01_20180711,86896MD01_016K_M04_multi_20180818_170000Z.aif,,3300504.803142,3300508.860852,interval,animal,,Balaenoptera physalus,,,,,,,,,,,,,,,machine,,,0.520424,,,parm file = FW2O_p25.mat
86896MD01_016K_M04_multi_20180818_171500Z_25834,2018_UnivMD_Maryland_86896_Dep01_20180711,86896MD01_016K_M04_multi_20180818_171500Z.aif,,3301565.955975,3301571.772025,interval,animal,,Balaenoptera physalus,,,,,,,,,,,,,,,machine,,,0.862893,,,parm file = FW2O_p25.mat
86896MD01_016K_M04_multi_20180818_180000Z_25924,2018_UnivMD_Maryland_86896_Dep01_20180711,86896MD01_016K_M04_multi_20180818_180000Z.aif,,3304778.923975,3304784.740025,interval,animal,,Balaenoptera physalus,,,,,,,,,,,,,,,machine,,,0.634405,,,parm file = FW2O_p25.mat
86896MD01_016K_M04_multi_20180818_194500Z_26037,2018_UnivMD_Maryland_86896_Dep01_20180711,86896MD01_016K_M04_multi_20180818_194500Z.aif,,3310665.891149,3310669.948859,interval,animal,,Balaenoptera physalus,,,,,,,,,,,,,,,machine,,,0.780222,,,parm file = FW2O_p25.mat
86896MD01_016K_M04_multi_20180818_203000Z_26271,2018_UnivMD_Maryland_86896_Dep01_20180711,86896MD01_016K_M04_multi_20180818_203000Z.aif,,3313064.664263,3313069.127743,interval,animal,,Balaenoptera physalus,,,,,,,,,,,,,,,machine,,,0.703743,,,parm file = FW2O_p25.mat
86896MD01_016K_M04_multi_20180818_204500Z_26409,2018_UnivMD_Maryland_86896_Dep01_20180711,86896MD01_016K_M04_multi_20180818_204500Z.aif,,3314487.819142,3314491.876852,interval,animal,,Balaenoptera physalus,,,,,,,,,,,,,,,machine,,,0.549438,,,parm file = FW2O_p25.mat
86896MD01_016K_M04_multi_20180818_204500Z_26418,2018_UnivMD_Maryland_86896_Dep01_20180711,86896MD01_016K_M04_multi_20180818_204500Z.aif,,3314660.235971,3314666.052021,interval,animal,,Balaenoptera physalus,,,,,,,,,,,,,,,machine,,,0.607150,,,parm file = FW2O_p25.mat
86896MD01_016K_M04_multi_20180818_210000Z_26449,2018_UnivMD_Maryland_86896_Dep01_20180711,86896MD01_016K_M04_multi_20180818_210000Z.aif,,3314763.304260,3314767.767740,interval,animal,,Balaenoptera physalus,,,,,,,,,,,,,,,machine,,,0.593211,,,parm file = FW2O_p25.mat
86896MD01_016K_M04_multi_20180818_210000Z_26497,2018_UnivMD_Maryland_86896_Dep01_20180711,86896MD01_016K_M04_multi_20180818_210000Z.aif,,3315437.371975,3315443.188025,interval,animal,,Balaenoptera physalus,,,,,,,,,,,,,,,machine,,,0.652440,,,parm file = FW2O_p25.mat
86896MD01_016K_M04_multi_20180818_211500Z_26597,2018_UnivMD_Maryland_86896_Dep01_20180711,86896MD01_016K_M04_multi_20180818_211500Z.aif,,3316170.219978,3316176.036028,interval,animal,,Balaenoptera physalus,,,,,,,,,,,,,,,machine,,,0.698269,,,parm file = FW2O_p25.mat
86896MD01_016K_M04_multi_20180818_213000Z_26681,2018_UnivMD_Maryland_86896_Dep01_20180711,86896MD01_016K_M04_multi_20180818_213000Z.aif,,3316640.555142,3316644.612852,interval,animal,,Balaenoptera physalus,,,,,,,,,,,,,,,machine,,,0.861855,,,parm file = FW2O_p25.mat
86896MD01_016K_M04_multi_20180818_213000Z_26807,2018_UnivMD_Maryland_86896_Dep01_20180711,86896MD01_016K_M04_multi_20180818_213000Z.aif,,3317374.224256,3317378.687736,interval,animal,,Balaenoptera physalus,,,,,,,,,,,,,,,machine,,,0.849117,,,parm file = FW2O_p25.mat
86896MD01_016K_M04_multi_20180818_221500Z_27007,2018_UnivMD_Maryland_86896_Dep01_20180711,86896MD01_016K_M04_multi_20180818_221500Z.aif,,3319274.560256,3319279.023736,interval,animal,,Balaenoptera physalus,,,,,,,,,,,,,,,machine,,,0.623962,,,parm file = FW2O_p25.mat
86896MD01_016K_M04_multi_20180818_223000Z_27065,2018_UnivMD_Maryland_86896_Dep01_20180711,86896MD01_016K_M04_multi_20180818_223000Z.aif,,3320455.203975,3320461.020025,interval,animal,,Balaenoptera physalus,,,,,,,,,,,,,,,machine,,,0.528239,,,parm file = FW2O_p25.mat
86896MD01_016K_M04_multi_20180819_000000Z_27121,2018_UnivMD_Maryland_86896_Dep01_20180711,86896MD01_016K_M04_multi_20180819_000000Z.aif,,3326340.123145,3326344.180855,interval,animal,,Balaenoptera physalus,,,,,,,,,,,,,,,machine,,,0.562802,,,parm file = FW2O_p25.mat
86896MD01_016K_M04_multi_20180819_121500Z_27356,2018_UnivMD_Maryland_86896_Dep01_20180711,86896MD01_016K_M04_multi_20180819_121500Z.aif,,3370038.251149,3370042.308859,interval,animal,,Balaenoptera physalus,,,,,,,,,,,,,,,machine,,,0.589525,,,parm file = FW2O_p25.mat
86896MD01_016K_M04_multi_20180819_163000Z_27573,2018_UnivMD_Maryland_86896_Dep01_20180711,86896MD01_016K_M04_multi_20180819_163000Z.aif,,3385617.403975,3385623.220025,interval,animal,,Balaenoptera physalus,,,,,,,,,,,,,,,machine,,,0.516355,,,parm file = FW2O_p25.mat
86896MD01_016K_M04_multi_20180819_184500Z_27602,2018_UnivMD_Maryland_86896_Dep01_20180711,86896MD01_016K_M04_multi_20180819_184500Z.aif,,3393773.459975,3393779.276025,interval,animal,,Balaenoptera physalus,,,,,,,,,,,,,,,machine,,,0.528365,,,parm file = FW2O_p25.mat
86896MD01_016K_M04_multi_20180820_030000Z_27767,2018_UnivMD_Maryland_86896_Dep01_20180711,86896MD01_016K_M04_multi_20180820_030000Z.aif,,3422870.643975,3422876.460025,interval,animal,,Balaenoptera physalus,,,,,,,,,,,,,,,machine,,,0.561057,,,parm file = FW2O_p25.mat
86896MD01_016K_M04_multi_20180820_044500Z_27808,2018_UnivMD_Maryland_86896_Dep01_20180711,86896MD01_016K_M04_multi_20180820_044500Z.aif,,3429144.283978,3429150.100028,interval,animal,,Balaenoptera physalus,,,,,,,,,,,,,,,machine,,,0.526301,,,parm file = FW2O_p25.mat
86896MD01_016K_M04_multi_20180820_223000Z_28094,2018_UnivMD_Maryland_86896_Dep01_20180711,86896MD01_016K_M04_multi_20180820_223000Z.aif,,3493165.611975,3493171.428025,interval,animal,,Balaenoptera physalus,,,,,,,,,,,,,,,machine,,,0.596480,,,parm file = FW2O_p25.mat
86896MD01_016K_M04_multi_20180821_054500Z_28196,2018_UnivMD_Maryland_86896_Dep01_20180711,86896MD01_016K_M04_multi_20180821_054500Z.aif,,3519833.611971,3519839.428021,interval,animal,,Balaenoptera physalus,,,,,,,,,,,,,,,machine,,,0.520116,,,parm file = FW2O_p25.mat
86896MD01_016K_M04_multi_20180821_084500Z_28240,2018_UnivMD_Maryland_86896_Dep01_20180711,86896MD01_016K_M04_multi_20180821_084500Z.aif,,3530424.483971,3530430.300021,interval,animal,,Balaenoptera physalus,,,,,,,,,,,,,,,machine,,,0.572258,,,parm file = FW2O_p25.mat
86896MD01_016K_M04_multi_20180821_131500Z_28461,2018_UnivMD_Maryland_86896_Dep01_20180711,86896MD01_016K_M04_multi_20180821_131500Z.aif,,3546399.851142,3546403.908852,interval,animal,,Balaenoptera physalus,,,,,,,,,,,,,,,machine,,,0.618750,,,parm file = FW2O_p25.mat
86896MD01_016K_M04_multi_20180821_144500Z_28672,2018_UnivMD_Maryland_86896_Dep01_20180711,86896MD01_016K_M04_multi_20180821_144500Z.aif,,3552282.160256,3552286.623736,interval,animal,,Balaenoptera physalus,,,,,,,,,,,,,,,machine,,,0.515672,,,parm file = FW2O_p25.mat
86896MD01_016K_M04_multi_20180821_151500Z_28726,2018_UnivMD_Maryland_86896_Dep01_20180711,86896MD01_016K_M04_multi_20180821_151500Z.aif,,3553356.051978,3553361.868028,interval,animal,,Balaenoptera physalus,,,,,,,,,,,,,,,machine,,,0.520833,,,parm file = FW2O_p25.mat
86896MD01_016K_M04_multi_20180821_153000Z_28794,2018_UnivMD_Maryland_86896_Dep01_20180711,86896MD01_016K_M04_multi_20180821_153000Z.aif,,3554786.683971,3554792.500021,interval,animal,,Balaenoptera physalus,,,,,,,,,,,,,,,machine,,,0.560914,,,parm file = FW2O_p25.mat
86896MD01_016K_M04_multi_20180821_170000Z_29118,2018_UnivMD_Maryland_86896_Dep01_20180711,86896MD01_016K_M04_multi_20180821_170000Z.aif,,3559788.763142,3559792.820852,interval,animal,,Balaenoptera physalus,,,,,,,,,,,,,,,machine,,,0.503132,,,parm file = FW2O_p25.mat
86896MD01_016K_M04_multi_20180821_180000Z_29277,2018_UnivMD_Maryland_86896_Dep01_20180711,86896MD01_016K_M04_multi_20180821_180000Z.aif,,3563593.336260,3563597.799740,interval,animal,,Balaenoptera physalus,,,,,,,,,,,,,,,machine,,,0.565580,,,parm file = FW2O_p25.mat
86896MD01_016K_M04_multi_20180821_180000Z_29280,2018_UnivMD_Maryland_86896_Dep01_20180711,86896MD01_016K_M04_multi_20180821_180000Z.aif,,3563651.440260,3563655.903740,interval,animal,,Balaenoptera physalus,,,,,,,,,,,,,,,machine,,,0.526278,,,parm file = FW2O_p25.mat
86896MD01_016K_M04_multi_20180821_180000Z_29297,2018_UnivMD_Maryland_86896_Dep01_20180711,86896MD01_016K_M04_multi_20180821_180000Z.aif,,3563942.939145,3563946.996855,interval,animal,,Balaenoptera physalus,,,,,,,,,,,,,,,machine,,,0.574524,,,parm file = FW2O_p25.mat
86896MD01_016K_M04_multi_20180821_181500Z_29327,2018_UnivMD_Maryland_86896_Dep01_20180711,86896MD01_016K_M04_multi_20180821_181500Z.aif,,3564442.400263,3564446.863743,interval,animal,,Balaenoptera physalus,,,,,,,,,,,,,,,machine,,,0.576437,,,parm file = FW2O_p25.mat
86896MD01_016K_M04_multi_20180821_183000Z_29413,2018_UnivMD_Maryland_86896_Dep01_20180711,86896MD01_016K_M04_multi_20180821_183000Z.aif,,3565735.259142,3565739.316852,interval,animal,,Balaenoptera physalus,,,,,,,,,,,,,,,machine,,,0.573771,,,parm file = FW2O_p25.mat
86896MD01_016K_M04_multi_20180821_184500Z_29423,2018_UnivMD_Maryland_86896_Dep01_20180711,86896MD01_016K_M04_multi_20180821_184500Z.aif,,3565907.328260,3565911.791740,interval,animal,,Balaenoptera physalus,,,,,,,,,,,,,,,machine,,,0.541987,,,parm file = FW2O_p25.mat
86896MD01_016K_M04_multi_20180821_190000Z_29506,2018_UnivMD_Maryland_86896_Dep01_20180711,86896MD01_016K_M04_multi_20180821_190000Z.aif,,3566995.163149,3566999.220859,interval,animal,,Balaenoptera physalus,,,,,,,,,,,,,,,machine,,,0.631614,,,parm file = FW2O_p25.mat
86896MD01_016K_M04_multi_20180821_190000Z_29534,2018_UnivMD_Maryland_86896_Dep01_20180711,86896MD01_016K_M04_multi_20180821_190000Z.aif,,3567227.067149,3567231.124859,interval,animal,,Balaenoptera physalus,,,,,,,,,,,,,,,machine,,,0.509462,,,parm file = FW2O_p25.mat
86896MD01_016K_M04_multi_20180821_191500Z_29622,2018_UnivMD_Maryland_86896_Dep01_20180711,86896MD01_016K_M04_multi_20180821_191500Z.aif,,3568035.947142,3568040.004852,interval,animal,,Balaenoptera physalus,,,,,,,,,,,,,,,machine,,,0.554265,,,parm file = FW2O_p25.mat
86896MD01_016K_M04_multi_20180821_191500Z_29672,2018_UnivMD_Maryland_86896_Dep01_20180711,86896MD01_016K_M04_multi_20180821_191500Z.aif,,3568388.931142,3568392.988852,interval,animal,,Balaenoptera physalus,,,,,,,,,,,,,,,machine,,,0.501780,,,parm file = FW2O_p25.mat
86896MD01_016K_M04_multi_20180821_191500Z_29677,2018_UnivMD_Maryland_86896_Dep01_20180711,86896MD01_016K_M04_multi_20180821_191500Z.aif,,3568427.835142,3568431.892852,interval,animal,,Balaenoptera physalus,,,,,,,,,,,,,,,machine,,,0.507868,,,parm file = FW2O_p25.mat
86896MD01_016K_M04_multi_20180821_193000Z_29718,2018_UnivMD_Maryland_86896_Dep01_20180711,86896MD01_016K_M04_multi_20180821_193000Z.aif,,3568749.339145,3568753.396855,interval,animal,,Balaenoptera physalus,,,,,,,,,,,,,,,machine,,,0.525193,,,parm file = FW2O_p25.mat
86896MD01_016K_M04_multi_20180821_193000Z_29760,2018_UnivMD_Maryland_86896_Dep01_20180711,86896MD01_016K_M04_multi_20180821_193000Z.aif,,3569093.627145,3569097.684855,interval,animal,,Balaenoptera physalus,,,,,,,,,,,,,,,machine,,,0.541412,,,parm file = FW2O_p25.mat
86896MD01_016K_M04_multi_20180821_193000Z_29769,2018_UnivMD_Maryland_86896_Dep01_20180711,86896MD01_016K_M04_multi_20180821_193000Z.aif,,3569155.571145,3569159.628855,interval,animal,,Balaenoptera physalus,,,,,,,,,,,,,,,machine,,,0.509022,,,parm file = FW2O_p25.mat
86896MD01_016K_M04_multi_20180821_194500Z_29828,2018_UnivMD_Maryland_86896_Dep01_20180711,86896MD01_016K_M04_multi_20180821_194500Z.aif,,3569629.883149,3569633.940859,interval,animal,,Balaenoptera physalus,,,,,,,,,,,,,,,machine,,,0.558910,,,parm file = FW2O_p25.mat
86896MD01_016K_M04_multi_20180821_194500Z_29860,2018_UnivMD_Maryland_86896_Dep01_20180711,86896MD01_016K_M04_multi_20180821_194500Z.aif,,3569861.539149,3569865.596859,interval,animal,,Balaenoptera physalus,,,,,,,,,,,,,,,machine,,,0.542791,,,parm file = FW2O_p25.mat
86896MD01_016K_M04_multi_20180821_194500Z_29869,2018_UnivMD_Maryland_86896_Dep01_20180711,86896MD01_016K_M04_multi_20180821_194500Z.aif,,3569957.019149,3569961.076859,interval,animal,,Balaenoptera physalus,,,,,,,,,,,,,,,machine,,,0.516795,,,parm file = FW2O_p25.mat
86896MD01_016K_M04_multi_20180821_200000Z_29904,2018_UnivMD_Maryland_86896_Dep01_20180711,86896MD01_016K_M04_multi_20180821_200000Z.aif,,3570345.587142,3570349.644852,interval,animal,,Balaenoptera physalus,,,,,,,,,,,,,,,machine,,,0.599719,,,parm file = FW2O_p25.mat
86896MD01_016K_M04_multi_20180821_200000Z_29914,2018_UnivMD_Maryland_86896_Dep01_20180711,86896MD01_016K_M04_multi_20180821_200000Z.aif,,3570449.763142,3570453.820852,interval,animal,,Balaenoptera physalus,,,,,,,,,,,,,,,machine,,,0.563867,,,parm file = FW2O_p25.mat
86896MD01_016K_M04_multi_20180821_200000Z_29930,2018_UnivMD_Maryland_86896_Dep01_20180711,86896MD01_016K_M04_multi_20180821_200000Z.aif,,3570629.971142,3570634.028852,interval,animal,,Balaenoptera physalus,,,,,,,,,,,,,,,machine,,,0.522735,,,parm file = FW2O_p25.mat
86896MD01_016K_M04_multi_20180821_200000Z_29956,2018_UnivMD_Maryland_86896_Dep01_20180711,86896MD01_016K_M04_multi_20180821_200000Z.aif,,3570843.963142,3570848.020852,interval,animal,,Balaenoptera physalus,,,,,,,,,,,,,,,machine,,,0.517969,,,parm file = FW2O_p25.mat
86896MD01_016K_M04_multi_20180821_200000Z_29993,2018_UnivMD_Maryland_86896_Dep01_20180711,86896MD01_016K_M04_multi_20180821_200000Z.aif,,3571184.155142,3571188.212852,interval,animal,,Balaenoptera physalus,,,,,,,,,,,,,,,machine,,,0.515973,,,parm file = FW2O_p25.mat
86896MD01_016K_M04_multi_20180821_201500Z_30046,2018_UnivMD_Maryland_86896_Dep01_20180711,86896MD01_016K_M04_multi_20180821_201500Z.aif,,3571957.955145,3571962.012855,interval,animal,,Balaenoptera physalus,,,,,,,,,,,,,,,machine,,,0.559932,,,parm file = FW2O_p25.mat
86896MD01_016K_M04_multi_20180821_203000Z_30063,2018_UnivMD_Maryland_86896_Dep01_20180711,86896MD01_016K_M04_multi_20180821_203000Z.aif,,3572229.035149,3572233.092859,interval,animal,,Balaenoptera physalus,,,,,,,,,,,,,,,machine,,,0.621517,,,parm file = FW2O_p25.mat
86896MD01_016K_M04_multi_20180821_203000Z_30084,2018_UnivMD_Maryland_86896_Dep01_20180711,86896MD01_016K_M04_multi_20180821_203000Z.aif,,3572508.811149,3572512.868859,interval,animal,,Balaenoptera physalus,,,,,,,,,,,,,,,machine,,,0.609535,,,parm file = FW2O_p25.mat
86896MD01_016K_M04_multi_20180821_203000Z_30105,2018_UnivMD_Maryland_86896_Dep01_20180711,86896MD01_016K_M04_multi_20180821_203000Z.aif,,3572701.811149,3572705.868859,interval,animal,,Balaenoptera physalus,,,,,,,,,,,,,,,machine,,,0.577057,,,parm file = FW2O_p25.mat
86896MD01_016K_M04_multi_20180821_203000Z_30111,2018_UnivMD_Maryland_86896_Dep01_20180711,86896MD01_016K_M04_multi_20180821_203000Z.aif,,3572754.803149,3572758.860859,interval,animal,,Balaenoptera physalus,,,,,,,,,,,,,,,machine,,,0.528048,,,parm file = FW2O_p25.mat
86896MD01_016K_M04_multi_20180821_204500Z_30192,2018_UnivMD_Maryland_86896_Dep01_20180711,86896MD01_016K_M04_multi_20180821_204500Z.aif,,3573591.067142,3573595.124852,interval,animal,,Balaenoptera physalus,,,,,,,,,,,,,,,machine,,,0.503811,,,parm file = FW2O_p25.mat
86896MD01_016K_M04_multi_20180821_211500Z_30358,2018_UnivMD_Maryland_86896_Dep01_20180711,86896MD01_016K_M04_multi_20180821_211500Z.aif,,3575088.507149,3575092.564859,interval,animal,,Balaenoptera physalus,,,,,,,,,,,,,,,machine,,,0.555853,,,parm file = FW2O_p25.mat
86896MD01_016K_M04_multi_20180821_214500Z_30396,2018_UnivMD_Maryland_86896_Dep01_20180711,86896MD01_016K_M04_multi_20180821_214500Z.aif,,3576950.963145,3576955.020855,interval,animal,,Balaenoptera physalus,,,,,,,,,,,,,,,machine,,,0.564352,,,parm file = FW2O_p25.mat
86896MD01_016K_M04_multi_20180821_214500Z_30403,2018_UnivMD_Maryland_86896_Dep01_20180711,86896MD01_016K_M04_multi_20180821_214500Z.aif,,3577010.912260,3577015.375740,interval,animal,,Balaenoptera physalus,,,,,,,,,,,,,,,machine,,,0.558791,,,parm file = FW2O_p25.mat
86896MD01_016K_M04_multi_20180821_214500Z_30426,2018_UnivMD_Maryland_86896_Dep01_20180711,86896MD01_016K_M04_multi_20180821_214500Z.aif,,3577306.395975,3577312.212025,interval,animal,,Balaenoptera physalus,,,,,,,,,,,,,,,machine,,,0.548622,,,parm file = FW2O_p25.mat
86896MD01_016K_M04_multi_20180821_224500Z_30492,2018_UnivMD_Maryland_86896_Dep01_20180711,86896MD01_016K_M04_multi_20180821_224500Z.aif,,3580406.595149,3580410.652859,interval,animal,,Balaenoptera physalus,,,,,,,,,,,,,,,machine,,,0.662134,,,parm file = FW2O_p25.mat
86896MD01_016K_M04_multi_20180821_233000Z_30570,2018_UnivMD_Maryland_86896_Dep01_20180711,86896MD01_016K_M04_multi_20180821_233000Z.aif,,3583161.115149,3583165.172859,interval,animal,,Balaenoptera physalus,,,,,,,,,,,,,,,machine,,,0.613833,,,parm file = FW2O_p25.mat
86896MD01_016K_M04_multi_20180821_234500Z_30593,2018_UnivMD_Maryland_86896_Dep01_20180711,86896MD01_016K_M04_multi_20180821_234500Z.aif,,3583956.563971,3583962.380021,interval,animal,,Balaenoptera physalus,,,,,,,,,,,,,,,machine,,,0.585610,,,parm file = FW2O_p25.mat
86896MD01_016K_M04_multi_20180821_234500Z_30597,2018_UnivMD_Maryland_86896_Dep01_20180711,86896MD01_016K_M04_multi_20180821_234500Z.aif,,3584019.192256,3584023.655736,interval,animal,,Balaenoptera physalus,,,,,,,,,,,,,,,machine,,,0.613175,,,parm file = FW2O_p25.mat
86896MD01_016K_M04_multi_20180821_234500Z_30606,2018_UnivMD_Maryland_86896_Dep01_20180711,86896MD01_016K_M04_multi_20180821_234500Z.aif,,3584149.939142,3584153.996852,interval,animal,,Balaenoptera physalus,,,,,,,,,,,,,,,machine,,,0.501936,,,parm file = FW2O_p25.mat
86896MD01_016K_M04_multi_20180822_003000Z_30650,2018_UnivMD_Maryland_86896_Dep01_20180711,86896MD01_016K_M04_multi_20180822_003000Z.aif,,3586862.883971,3586868.700021,interval,animal,,Balaenoptera physalus,,,,,,,,,,,,,,,machine,,,0.515469,,,parm file = FW2O_p25.mat
86896MD01_016K_M04_multi_20180822_014500Z_30737,2018_UnivMD_Maryland_86896_Dep01_20180711,86896MD01_016K_M04_multi_20180822_014500Z.aif,,3591542.315978,3591548.132028,interval,animal,,Balaenoptera physalus,,,,,,,,,,,,,,,machine,,,0.502511,,,parm file = FW2O_p25.mat
86896MD01_016K_M04_multi_20180822_094500Z_30843,2018_UnivMD_Maryland_86896_Dep01_20180711,86896MD01_016K_M04_multi_20180822_094500Z.aif,,3620411.171975,3620416.988025,interval,animal,,Balaenoptera physalus,,,,,,,,,,,,,,,machine,,,0.539450,,,parm file = FW2O_p25.mat
86896MD01_016K_M04_multi_20180822_094500Z_30846,2018_UnivMD_Maryland_86896_Dep01_20180711,86896MD01_016K_M04_multi_20180822_094500Z.aif,,3620626.699975,3620632.516025,interval,animal,,Balaenoptera physalus,,,,,,,,,,,,,,,machine,,,0.512366,,,parm file = FW2O_p25.mat
86896MD01_016K_M04_multi_20180822_100000Z_30853,2018_UnivMD_Maryland_86896_Dep01_20180711,86896MD01_016K_M04_multi_20180822_100000Z.aif,,3620973.291978,3620979.108028,interval,animal,,Balaenoptera physalus,,,,,,,,,,,,,,,machine,,,0.605924,,,parm file = FW2O_p25.mat
86896MD01_016K_M04_multi_20180822_101500Z_31012,2018_UnivMD_Maryland_86896_Dep01_20180711,86896MD01_016K_M04_multi_20180822_101500Z.aif,,3622239.331971,3622245.148021,interval,animal,,Balaenoptera physalus,,,,,,,,,,,,,,,machine,,,0.537941,,,parm file = FW2O_p25.mat
86896MD01_016K_M04_multi_20180822_103000Z_31100,2018_UnivMD_Maryland_86896_Dep01_20180711,86896MD01_016K_M04_multi_20180822_103000Z.aif,,3622912.027975,3622917.844025,interval,animal,,Balaenoptera physalus,,,,,,,,,,,,,,,machine,,,0.543222,,,parm file = FW2O_p25.mat
86896MD01_016K_M04_multi_20180822_103000Z_31109,2018_UnivMD_Maryland_86896_Dep01_20180711,86896MD01_016K_M04_multi_20180822_103000Z.aif,,3622995.987975,3623001.804025,interval,animal,,Balaenoptera physalus,,,,,,,,,,,,,,,machine,,,0.510009,,,parm file = FW2O_p25.mat
86896MD01_016K_M04_multi_20180822_104500Z_31145,2018_UnivMD_Maryland_86896_Dep01_20180711,86896MD01_016K_M04_multi_20180822_104500Z.aif,,3623420.808263,3623425.271743,interval,animal,,Balaenoptera physalus,,,,,,,,,,,,,,,machine,,,0.654115,,,parm file = FW2O_p25.mat
86896MD01_016K_M04_multi_20180822_124500Z_31274,2018_UnivMD_Maryland_86896_Dep01_20180711,86896MD01_016K_M04_multi_20180822_124500Z.aif,,3630989.664260,3630994.127740,interval,animal,,Balaenoptera physalus,,,,,,,,,,,,,,,machine,,,0.653201,,,parm file = FW2O_p25.mat
86896MD01_016K_M04_multi_20180822_134500Z_31335,2018_UnivMD_Maryland_86896_Dep01_20180711,86896MD01_016K_M04_multi_20180822_134500Z.aif,,3634580.027978,3634585.844028,interval,animal,,Balaenoptera physalus,,,,,,,,,,,,,,,machine,,,0.519029,,,parm file = FW2O_p25.mat
86896MD01_016K_M04_multi_20180822_140000Z_31370,2018_UnivMD_Maryland_86896_Dep01_20180711,86896MD01_016K_M04_multi_20180822_140000Z.aif,,3635804.203142,3635808.260852,interval,animal,,Balaenoptera physalus,,,,,,,,,,,,,,,machine,,,0.554108,,,parm file = FW2O_p25.mat
86896MD01_016K_M04_multi_20180822_144500Z_31394,2018_UnivMD_Maryland_86896_Dep01_20180711,86896MD01_016K_M04_multi_20180822_144500Z.aif,,3637883.611971,3637889.428021,interval,animal,,Balaenoptera physalus,,,,,,,,,,,,,,,machine,,,0.525478,,,parm file = FW2O_p25.mat
86896MD01_016K_M04_multi_20180822_193000Z_31557,2018_UnivMD_Maryland_86896_Dep01_20180711,86896MD01_016K_M04_multi_20180822_193000Z.aif,,3655561.859975,3655567.676025,interval,animal,,Balaenoptera physalus,,,,,,,,,,,,,,,machine,,,0.551994,,,parm file = FW2O_p25.mat
86896MD01_016K_M04_multi_20180822_211500Z_31797,2018_UnivMD_Maryland_86896_Dep01_20180711,86896MD01_016K_M04_multi_20180822_211500Z.aif,,3661684.211978,3661690.028028,interval,animal,,Balaenoptera physalus,,,,,,,,,,,,,,,machine,,,0.555910,,,parm file = FW2O_p25.mat
86896MD01_016K_M04_multi_20180822_214500Z_31907,2018_UnivMD_Maryland_86896_Dep01_20180711,86896MD01_016K_M04_multi_20180822_214500Z.aif,,3663835.403975,3663841.220025,interval,animal,,Balaenoptera physalus,,,,,,,,,,,,,,,machine,,,0.523878,,,parm file = FW2O_p25.mat
86896MD01_016K_M04_multi_20180822_223000Z_32018,2018_UnivMD_Maryland_86896_Dep01_20180711,86896MD01_016K_M04_multi_20180822_223000Z.aif,,3666191.891975,3666197.708025,interval,animal,,Balaenoptera physalus,,,,,,,,,,,,,,,machine,,,0.516634,,,parm file = FW2O_p25.mat
86896MD01_016K_M04_multi_20180822_224500Z_32065,2018_UnivMD_Maryland_86896_Dep01_20180711,86896MD01_016K_M04_multi_20180822_224500Z.aif,,3667376.531978,3667382.348028,interval,animal,,Balaenoptera physalus,,,,,,,,,,,,,,,machine,,,0.505683,,,parm file = FW2O_p25.mat
86896MD01_016K_M04_multi_20180822_231500Z_32132,2018_UnivMD_Maryland_86896_Dep01_20180711,86896MD01_016K_M04_multi_20180822_231500Z.aif,,3668775.163975,3668780.980025,interval,animal,,Balaenoptera physalus,,,,,,,,,,,,,,,machine,,,0.501694,,,parm file = FW2O_p25.mat
86896MD01_016K_M04_multi_20180822_234500Z_32188,2018_UnivMD_Maryland_86896_Dep01_20180711,86896MD01_016K_M04_multi_20180822_234500Z.aif,,3670283.611971,3670289.428021,interval,animal,,Balaenoptera physalus,,,,,,,,,,,,,,,machine,,,0.511570,,,parm file = FW2O_p25.mat
86896MD01_016K_M04_multi_20180822_234500Z_32194,2018_UnivMD_Maryland_86896_Dep01_20180711,86896MD01_016K_M04_multi_20180822_234500Z.aif,,3670538.307971,3670544.124021,interval,animal,,Balaenoptera physalus,,,,,,,,,,,,,,,machine,,,0.515731,,,parm file = FW2O_p25.mat
86896MD01_016K_M04_multi_20180822_234500Z_32218,2018_UnivMD_Maryland_86896_Dep01_20180711,86896MD01_016K_M04_multi_20180822_234500Z.aif,,3671005.203971,3671011.020021,interval,animal,,Balaenoptera physalus,,,,,,,,,,,,,,,machine,,,0.505930,,,parm file = FW2O_p25.mat
86896MD01_016K_M04_multi_20180823_001500Z_32250,2018_UnivMD_Maryland_86896_Dep01_20180711,86896MD01_016K_M04_multi_20180823_001500Z.aif,,3672438.395978,3672444.212028,interval,animal,,Balaenoptera physalus,,,,,,,,,,,,,,,machine,,,0.550859,,,parm file = FW2O_p25.mat
86896MD01_016K_M04_multi_20180823_023000Z_32447,2018_UnivMD_Maryland_86896_Dep01_20180711,86896MD01_016K_M04_multi_20180823_023000Z.aif,,3680230.203978,3680236.020028,interval,animal,,Balaenoptera physalus,,,,,,,,,,,,,,,machine,,,0.564863,,,parm file = FW2O_p25.mat
86896MD01_016K_M04_multi_20180823_033000Z_32536,2018_UnivMD_Maryland_86896_Dep01_20180711,86896MD01_016K_M04_multi_20180823_033000Z.aif,,3684514.675971,3684520.492021,interval,animal,,Balaenoptera physalus,,,,,,,,,,,,,,,machine,,,0.583202,,,parm file = FW2O_p25.mat
86896MD01_016K_M04_multi_20180823_050000Z_32742,2018_UnivMD_Maryland_86896_Dep01_20180711,86896MD01_016K_M04_multi_20180823_050000Z.aif,,3689987.883971,3689993.700021,interval,animal,,Balaenoptera physalus,,,,,,,,,,,,,,,machine,,,0.501830,,,parm file = FW2O_p25.mat
86896MD01_016K_M04_multi_20180823_051500Z_32761,2018_UnivMD_Maryland_86896_Dep01_20180711,86896MD01_016K_M04_multi_20180823_051500Z.aif,,3690544.363975,3690550.180025,interval,animal,,Balaenoptera physalus,,,,,,,,,,,,,,,machine,,,0.502591,,,parm file = FW2O_p25.mat
86896MD01_016K_M04_multi_20180823_053000Z_32765,2018_UnivMD_Maryland_86896_Dep01_20180711,86896MD01_016K_M04_multi_20180823_053000Z.aif,,3690973.883978,3690979.700028,interval,animal,,Balaenoptera physalus,,,,,,,,,,,,,,,machine,,,0.561600,,,parm file = FW2O_p25.mat
86896MD01_016K_M04_multi_20180823_054500Z_32823,2018_UnivMD_Maryland_86896_Dep01_20180711,86896MD01_016K_M04_multi_20180823_054500Z.aif,,3692454.691971,3692460.508021,interval,animal,,Balaenoptera physalus,,,,,,,,,,,,,,,machine,,,0.506451,,,parm file = FW2O_p25.mat
86896MD01_016K_M04_multi_20180823_061500Z_32870,2018_UnivMD_Maryland_86896_Dep01_20180711,86896MD01_016K_M04_multi_20180823_061500Z.aif,,3693879.691978,3693885.508028,interval,animal,,Balaenoptera physalus,,,,,,,,,,,,,,,machine,,,0.504307,,,parm file = FW2O_p25.mat
86896MD01_016K_M04_multi_20180823_063000Z_32915,2018_UnivMD_Maryland_86896_Dep01_20180711,86896MD01_016K_M04_multi_20180823_063000Z.aif,,3695384.299971,3695390.116021,interval,animal,,Balaenoptera physalus,,,,,,,,,,,,,,,machine,,,0.541999,,,parm file = FW2O_p25.mat
86896MD01_016K_M04_multi_20180823_073000Z_33039,2018_UnivMD_Maryland_86896_Dep01_20180711,86896MD01_016K_M04_multi_20180823_073000Z.aif,,3698887.283975,3698893.100025,interval,animal,,Balaenoptera physalus,,,,,,,,,,,,,,,machine,,,0.541436,,,parm file = FW2O_p25.mat
86896MD01_016K_M04_multi_20180823_074500Z_33069,2018_UnivMD_Maryland_86896_Dep01_20180711,86896MD01_016K_M04_multi_20180823_074500Z.aif,,3699111.515978,3699117.332028,interval,animal,,Balaenoptera physalus,,,,,,,,,,,,,,,machine,,,0.510751,,,parm file = FW2O_p25.mat
86896MD01_016K_M04_multi_20180823_074500Z_33077,2018_UnivMD_Maryland_86896_Dep01_20180711,86896MD01_016K_M04_multi_20180823_074500Z.aif,,3699594.539978,3699600.356028,interval,animal,,Balaenoptera physalus,,,,,,,,,,,,,,,machine,,,0.513219,,,parm file = FW2O_p25.mat
86896MD01_016K_M04_multi_20180823_083000Z_33131,2018_UnivMD_Maryland_86896_Dep01_20180711,86896MD01_016K_M04_multi_20180823_083000Z.aif,,3701746.755978,3701752.572028,interval,animal,,Balaenoptera physalus,,,,,,,,,,,,,,,machine,,,0.512025,,,parm file = FW2O_p25.mat
86896MD01_016K_M04_multi_20180823_103000Z_33334,2018_UnivMD_Maryland_86896_Dep01_20180711,86896MD01_016K_M04_multi_20180823_103000Z.aif,,3708928.323975,3708934.140025,interval,animal,,Balaenoptera physalus,,,,,,,,,,,,,,,machine,,,0.521700,,,parm file = FW2O_p25.mat
86896MD01_016K_M04_multi_20180823_103000Z_33365,2018_UnivMD_Maryland_86896_Dep01_20180711,86896MD01_016K_M04_multi_20180823_103000Z.aif,,3709654.003975,3709659.820025,interval,animal,,Balaenoptera physalus,,,,,,,,,,,,,,,machine,,,0.516936,,,parm file = FW2O_p25.mat
86896MD01_016K_M04_multi_20180823_104500Z_33400,2018_UnivMD_Maryland_86896_Dep01_20180711,86896MD01_016K_M04_multi_20180823_104500Z.aif,,3710394.027978,3710399.844028,interval,animal,,Balaenoptera physalus,,,,,,,,,,,,,,,machine,,,0.573826,,,parm file = FW2O_p25.mat
86896MD01_016K_M04_multi_20180823_130000Z_33516,2018_UnivMD_Maryland_86896_Dep01_20180711,86896MD01_016K_M04_multi_20180823_130000Z.aif,,3718506.216263,3718510.679743,interval,animal,,Balaenoptera physalus,,,,,,,,,,,,,,,machine,,,0.668357,,,parm file = FW2O_p25.mat
86896MD01_016K_M04_multi_20180823_163000Z_33783,2018_UnivMD_Maryland_86896_Dep01_20180711,86896MD01_016K_M04_multi_20180823_163000Z.aif,,3730778.411975,3730784.228025,interval,animal,,Balaenoptera physalus,,,,,,,,,,,,,,,machine,,,0.524006,,,parm file = FW2O_p25.mat
86896MD01_016K_M04_multi_20180823_181500Z_33961,2018_UnivMD_Maryland_86896_Dep01_20180711,86896MD01_016K_M04_multi_20180823_181500Z.aif,,3737487.451978,3737493.268028,interval,animal,,Balaenoptera physalus,,,,,,,,,,,,,,,machine,,,0.527976,,,parm file = FW2O_p25.mat
86896MD01_016K_M04_multi_20180823_183000Z_33970,2018_UnivMD_Maryland_86896_Dep01_20180711,86896MD01_016K_M04_multi_20180823_183000Z.aif,,3737813.307971,3737819.124021,interval,animal,,Balaenoptera physalus,,,,,,,,,,,,,,,machine,,,0.505193,,,parm file = FW2O_p25.mat
86896MD01_016K_M04_multi_20180823_203000Z_34077,2018_UnivMD_Maryland_86896_Dep01_20180711,86896MD01_016K_M04_multi_20180823_203000Z.aif,,3744974.139978,3744979.956028,interval,animal,,Balaenoptera physalus,,,,,,,,,,,,,,,machine,,,0.526513,,,parm file = FW2O_p25.mat
86896MD01_016K_M04_multi_20180823_210000Z_34124,2018_UnivMD_Maryland_86896_Dep01_20180711,86896MD01_016K_M04_multi_20180823_210000Z.aif,,3747272.523975,3747278.340025,interval,animal,,Balaenoptera physalus,,,,,,,,,,,,,,,machine,,,0.512869,,,parm file = FW2O_p25.mat
86896MD01_016K_M04_multi_20180823_213000Z_34173,2018_UnivMD_Maryland_86896_Dep01_20180711,86896MD01_016K_M04_multi_20180823_213000Z.aif,,3748682.675971,3748688.492021,interval,animal,,Balaenoptera physalus,,,,,,,,,,,,,,,machine,,,0.505510,,,parm file = FW2O_p25.mat
86896MD01_016K_M04_multi_20180823_220000Z_34231,2018_UnivMD_Maryland_86896_Dep01_20180711,86896MD01_016K_M04_multi_20180823_220000Z.aif,,3750686.939978,3750692.756028,interval,animal,,Balaenoptera physalus,,,,,,,,,,,,,,,machine,,,0.503294,,,parm file = FW2O_p25.mat
86896MD01_016K_M04_multi_20180823_220000Z_34236,2018_UnivMD_Maryland_86896_Dep01_20180711,86896MD01_016K_M04_multi_20180823_220000Z.aif,,3750749.139978,3750754.956028,interval,animal,,Balaenoptera physalus,,,,,,,,,,,,,,,machine,,,0.530121,,,parm file = FW2O_p25.mat
86896MD01_016K_M04_multi_20180823_231500Z_34490,2018_UnivMD_Maryland_86896_Dep01_20180711,86896MD01_016K_M04_multi_20180823_231500Z.aif,,3755636.171975,3755641.988025,interval,animal,,Balaenoptera physalus,,,,,,,,,,,,,,,machine,,,0.500534,,,parm file = FW2O_p25.mat
86896MD01_016K_M04_multi_20180823_233000Z_34505,2018_UnivMD_Maryland_86896_Dep01_20180711,86896MD01_016K_M04_multi_20180823_233000Z.aif,,3755792.315978,3755798.132028,interval,animal,,Balaenoptera physalus,,,,,,,,,,,,,,,machine,,,0.525181,,,parm file = FW2O_p25.mat
86896MD01_016K_M04_multi_20180823_234500Z_34603,2018_UnivMD_Maryland_86896_Dep01_20180711,86896MD01_016K_M04_multi_20180823_234500Z.aif,,3757225.507971,3757231.324021,interval,animal,,Balaenoptera physalus,,,,,,,,,,,,,,,machine,,,0.514782,,,parm file = FW2O_p25.mat
86896MD01_016K_M04_multi_20180824_000000Z_34636,2018_UnivMD_Maryland_86896_Dep01_20180711,86896MD01_016K_M04_multi_20180824_000000Z.aif,,3757936.603975,3757942.420025,interval,animal,,Balaenoptera physalus,,,,,,,,,,,,,,,machine,,,0.513894,,,parm file = FW2O_p25.mat
86896MD01_016K_M04_multi_20180824_001500Z_34666,2018_UnivMD_Maryland_86896_Dep01_20180711,86896MD01_016K_M04_multi_20180824_001500Z.aif,,3758656.395978,3758662.212028,interval,animal,,Balaenoptera physalus,,,,,,,,,,,,,,,machine,,,0.532890,,,parm file = FW2O_p25.mat
86896MD01_016K_M04_multi_20180824_003000Z_34752,2018_UnivMD_Maryland_86896_Dep01_20180711,86896MD01_016K_M04_multi_20180824_003000Z.aif,,3760095.731971,3760101.548021,interval,animal,,Balaenoptera physalus,,,,,,,,,,,,,,,machine,,,0.609305,,,parm file = FW2O_p25.mat
86896MD01_016K_M04_multi_20180824_004500Z_34812,2018_UnivMD_Maryland_86896_Dep01_20180711,86896MD01_016K_M04_multi_20180824_004500Z.aif,,3760894.363975,3760900.180025,interval,animal,,Balaenoptera physalus,,,,,,,,,,,,,,,machine,,,0.534516,,,parm file = FW2O_p25.mat
86896MD01_016K_M04_multi_20180824_011500Z_34871,2018_UnivMD_Maryland_86896_Dep01_20180711,86896MD01_016K_M04_multi_20180824_011500Z.aif,,3762213.139971,3762218.956021,interval,animal,,Balaenoptera physalus,,,,,,,,,,,,,,,machine,,,0.612650,,,parm file = FW2O_p25.mat
86896MD01_016K_M04_multi_20180824_011500Z_34910,2018_UnivMD_Maryland_86896_Dep01_20180711,86896MD01_016K_M04_multi_20180824_011500Z.aif,,3762328.835971,3762334.652021,interval,animal,,Balaenoptera physalus,,,,,,,,,,,,,,,machine,,,0.557409,,,parm file = FW2O_p25.mat
86896MD01_016K_M04_multi_20180824_021500Z_35075,2018_UnivMD_Maryland_86896_Dep01_20180711,86896MD01_016K_M04_multi_20180824_021500Z.aif,,3765813.651975,3765819.468025,interval,animal,,Balaenoptera physalus,,,,,,,,,,,,,,,machine,,,0.532109,,,parm file = FW2O_p25.mat
86896MD01_016K_M04_multi_20180824_031500Z_35300,2018_UnivMD_Maryland_86896_Dep01_20180711,86896MD01_016K_M04_multi_20180824_031500Z.aif,,3769498.883978,3769504.700028,interval,animal,,Balaenoptera physalus,,,,,,,,,,,,,,,machine,,,0.575126,,,parm file = FW2O_p25.mat
86896MD01_016K_M04_multi_20180824_040000Z_35434,2018_UnivMD_Maryland_86896_Dep01_20180711,86896MD01_016K_M04_multi_20180824_040000Z.aif,,3772284.635978,3772290.452028,interval,animal,,Balaenoptera physalus,,,,,,,,,,,,,,,machine,,,0.544348,,,parm file = FW2O_p25.mat
86896MD01_016K_M04_multi_20180824_040000Z_35449,2018_UnivMD_Maryland_86896_Dep01_20180711,86896MD01_016K_M04_multi_20180824_040000Z.aif,,3772332.251978,3772338.068028,interval,animal,,Balaenoptera physalus,,,,,,,,,,,,,,,machine,,,0.521458,,,parm file = FW2O_p25.mat
86896MD01_016K_M04_multi_20180824_041500Z_35481,2018_UnivMD_Maryland_86896_Dep01_20180711,86896MD01_016K_M04_multi_20180824_041500Z.aif,,3773685.579971,3773691.396021,interval,animal,,Balaenoptera physalus,,,,,,,,,,,,,,,machine,,,0.611530,,,parm file = FW2O_p25.mat
86896MD01_016K_M04_multi_20180824_063000Z_35738,2018_UnivMD_Maryland_86896_Dep01_20180711,86896MD01_016K_M04_multi_20180824_063000Z.aif,,3780935.235971,3780941.052021,interval,animal,,Balaenoptera physalus,,,,,,,,,,,,,,,machine,,,0.504875,,,parm file = FW2O_p25.mat
86896MD01_016K_M04_multi_20180824_064500Z_35774,2018_UnivMD_Maryland_86896_Dep01_20180711,86896MD01_016K_M04_multi_20180824_064500Z.aif,,3782290.355975,3782296.172025,interval,animal,,Balaenoptera physalus,,,,,,,,,,,,,,,machine,,,0.565646,,,parm file = FW2O_p25.mat
86896MD01_016K_M04_multi_20180824_090000Z_36055,2018_UnivMD_Maryland_86896_Dep01_20180711,86896MD01_016K_M04_multi_20180824_090000Z.aif,,3790194.539975,3790200.356025,interval,animal,,Balaenoptera physalus,,,,,,,,,,,,,,,machine,,,0.535495,,,parm file = FW2O_p25.mat
86896MD01_016K_M04_multi_20180824_100000Z_36126,2018_UnivMD_Maryland_86896_Dep01_20180711,86896MD01_016K_M04_multi_20180824_100000Z.aif,,3794029.515978,3794035.332028,interval,animal,,Balaenoptera physalus,,,,,,,,,,,,,,,machine,,,0.506032,,,parm file = FW2O_p25.mat
86896MD01_016K_M04_multi_20180824_103000Z_36212,2018_UnivMD_Maryland_86896_Dep01_20180711,86896MD01_016K_M04_multi_20180824_103000Z.aif,,3795953.411975,3795959.228025,interval,animal,,Balaenoptera physalus,,,,,,,,,,,,,,,machine,,,0.517266,,,parm file = FW2O_p25.mat
86896MD01_016K_M04_multi_20180824_120000Z_36394,2018_UnivMD_Maryland_86896_Dep01_20180711,86896MD01_016K_M04_multi_20180824_120000Z.aif,,3801042.915975,3801048.732025,interval,animal,,Balaenoptera physalus,,,,,,,,,,,,,,,machine,,,0.506817,,,parm file = FW2O_p25.mat
86896MD01_016K_M04_multi_20180824_121500Z_36399,2018_UnivMD_Maryland_86896_Dep01_20180711,86896MD01_016K_M04_multi_20180824_121500Z.aif,,3801616.547978,3801622.364028,interval,animal,,Balaenoptera physalus,,,,,,,,,,,,,,,machine,,,0.510098,,,parm file = FW2O_p25.mat
86896MD01_016K_M04_multi_20180824_124500Z_36497,2018_UnivMD_Maryland_86896_Dep01_20180711,86896MD01_016K_M04_multi_20180824_124500Z.aif,,3804096.155975,3804101.972025,interval,animal,,Balaenoptera physalus,,,,,,,,,,,,,,,machine,,,0.514028,,,parm file = FW2O_p25.mat
86896MD01_016K_M04_multi_20180824_211500Z_36957,2018_UnivMD_Maryland_86896_Dep01_20180711,86896MD01_016K_M04_multi_20180824_211500Z.aif,,3834643.427978,3834649.244028,interval,animal,,Balaenoptera physalus,,,,,,,,,,,,,,,machine,,,0.543760,,,parm file = FW2O_p25.mat
86896MD01_016K_M04_multi_20180824_220000Z_36999,2018_UnivMD_Maryland_86896_Dep01_20180711,86896MD01_016K_M04_multi_20180824_220000Z.aif,,3837378.491978,3837384.308028,interval,animal,,Balaenoptera physalus,,,,,,,,,,,,,,,machine,,,0.502435,,,parm file = FW2O_p25.mat
86896MD01_016K_M04_multi_20180824_221500Z_37016,2018_UnivMD_Maryland_86896_Dep01_20180711,86896MD01_016K_M04_multi_20180824_221500Z.aif,,3838124.139971,3838129.956021,interval,animal,,Balaenoptera physalus,,,,,,,,,,,,,,,machine,,,0.512032,,,parm file = FW2O_p25.mat
86896MD01_016K_M04_multi_20180824_231500Z_37135,2018_UnivMD_Maryland_86896_Dep01_20180711,86896MD01_016K_M04_multi_20180824_231500Z.aif,,3841741.803975,3841747.620025,interval,animal,,Balaenoptera physalus,,,,,,,,,,,,,,,machine,,,0.522138,,,parm file = FW2O_p25.mat
86896MD01_016K_M04_multi_20180824_233000Z_37141,2018_UnivMD_Maryland_86896_Dep01_20180711,86896MD01_016K_M04_multi_20180824_233000Z.aif,,3842282.675978,3842288.492028,interval,animal,,Balaenoptera physalus,,,,,,,,,,,,,,,machine,,,0.508869,,,parm file = FW2O_p25.mat
86896MD01_016K_M04_multi_20180824_234500Z_37185,2018_UnivMD_Maryland_86896_Dep01_20180711,86896MD01_016K_M04_multi_20180824_234500Z.aif,,3843766.803971,3843772.620021,interval,animal,,Balaenoptera physalus,,,,,,,,,,,,,,,machine,,,0.509919,,,parm file = FW2O_p25.mat
86896MD01_016K_M04_multi_20180825_000000Z_37206,2018_UnivMD_Maryland_86896_Dep01_20180711,86896MD01_016K_M04_multi_20180825_000000Z.aif,,3844531.395975,3844537.212025,interval,animal,,Balaenoptera physalus,,,,,,,,,,,,,,,machine,,,0.507196,,,parm file = FW2O_p25.mat
86896MD01_016K_M04_multi_20180825_001500Z_37230,2018_UnivMD_Maryland_86896_Dep01_20180711,86896MD01_016K_M04_multi_20180825_001500Z.aif,,3845295.475978,3845301.292028,interval,animal,,Balaenoptera physalus,,,,,,,,,,,,,,,machine,,,0.518712,,,parm file = FW2O_p25.mat
86896MD01_016K_M04_multi_20180825_003000Z_37263,2018_UnivMD_Maryland_86896_Dep01_20180711,86896MD01_016K_M04_multi_20180825_003000Z.aif,,3846004.771971,3846010.588021,interval,animal,,Balaenoptera physalus,,,,,,,,,,,,,,,machine,,,0.500752,,,parm file = FW2O_p25.mat
86896MD01_016K_M04_multi_20180825_004500Z_37334,2018_UnivMD_Maryland_86896_Dep01_20180711,86896MD01_016K_M04_multi_20180825_004500Z.aif,,3847409.555975,3847415.372025,interval,animal,,Balaenoptera physalus,,,,,,,,,,,,,,,machine,,,0.570138,,,parm file = FW2O_p25.mat
86896MD01_016K_M04_multi_20180825_014500Z_37491,2018_UnivMD_Maryland_86896_Dep01_20180711,86896MD01_016K_M04_multi_20180825_014500Z.aif,,3850236.771978,3850242.588028,interval,animal,,Balaenoptera physalus,,,,,,,,,,,,,,,machine,,,0.502260,,,parm file = FW2O_p25.mat
86896MD01_016K_M04_multi_20180825_014500Z_37515,2018_UnivMD_Maryland_86896_Dep01_20180711,86896MD01_016K_M04_multi_20180825_014500Z.aif,,3850312.027978,3850317.844028,interval,animal,,Balaenoptera physalus,,,,,,,,,,,,,,,machine,,,0.506523,,,parm file = FW2O_p25.mat
86896MD01_016K_M04_multi_20180825_020000Z_37575,2018_UnivMD_Maryland_86896_Dep01_20180711,86896MD01_016K_M04_multi_20180825_020000Z.aif,,3851164.931971,3851170.748021,interval,animal,,Balaenoptera physalus,,,,,,,,,,,,,,,machine,,,0.573672,,,parm file = FW2O_p25.mat
86896MD01_016K_M04_multi_20180825_020000Z_37583,2018_UnivMD_Maryland_86896_Dep01_20180711,86896MD01_016K_M04_multi_20180825_020000Z.aif,,3851665.099971,3851670.916021,interval,animal,,Balaenoptera physalus,,,,,,,,,,,,,,,machine,,,0.532790,,,parm file = FW2O_p25.mat
86896MD01_016K_M04_multi_20180825_020000Z_37595,2018_UnivMD_Maryland_86896_Dep01_20180711,86896MD01_016K_M04_multi_20180825_020000Z.aif,,3851692.235971,3851698.052021,interval,animal,,Balaenoptera physalus,,,,,,,,,,,,,,,machine,,,0.503329,,,parm file = FW2O_p25.mat
86896MD01_016K_M04_multi_20180825_021500Z_37642,2018_UnivMD_Maryland_86896_Dep01_20180711,86896MD01_016K_M04_multi_20180825_021500Z.aif,,3852409.723975,3852415.540025,interval,animal,,Balaenoptera physalus,,,,,,,,,,,,,,,machine,,,0.542943,,,parm file = FW2O_p25.mat
86896MD01_016K_M04_multi_20180825_043000Z_37865,2018_UnivMD_Maryland_86896_Dep01_20180711,86896MD01_016K_M04_multi_20180825_043000Z.aif,,3860385.579975,3860391.396025,interval,animal,,Balaenoptera physalus,,,,,,,,,,,,,,,machine,,,0.501305,,,parm file = FW2O_p25.mat
86896MD01_016K_M04_multi_20180825_063000Z_38076,2018_UnivMD_Maryland_86896_Dep01_20180711,86896MD01_016K_M04_multi_20180825_063000Z.aif,,3867443.003971,3867448.820021,interval,animal,,Balaenoptera physalus,,,,,,,,,,,,,,,machine,,,0.508137,,,parm file = FW2O_p25.mat
86896MD01_016K_M04_multi_20180825_080000Z_38250,2018_UnivMD_Maryland_86896_Dep01_20180711,86896MD01_016K_M04_multi_20180825_080000Z.aif,,3873192.403971,3873198.220021,interval,animal,,Balaenoptera physalus,,,,,,,,,,,,,,,machine,,,0.528838,,,parm file = FW2O_p25.mat
86896MD01_016K_M04_multi_20180825_090000Z_38371,2018_UnivMD_Maryland_86896_Dep01_20180711,86896MD01_016K_M04_multi_20180825_090000Z.aif,,3876582.251975,3876588.068025,interval,animal,,Balaenoptera physalus,,,,,,,,,,,,,,,machine,,,0.508529,,,parm file = FW2O_p25.mat
86896MD01_016K_M04_multi_20180825_091500Z_38403,2018_UnivMD_Maryland_86896_Dep01_20180711,86896MD01_016K_M04_multi_20180825_091500Z.aif,,3877563.395978,3877569.212028,interval,animal,,Balaenoptera physalus,,,,,,,,,,,,,,,machine,,,0.531410,,,parm file = FW2O_p25.mat
86896MD01_016K_M04_multi_20180825_093000Z_38425,2018_UnivMD_Maryland_86896_Dep01_20180711,86896MD01_016K_M04_multi_20180825_093000Z.aif,,3878915.699971,3878921.516021,interval,animal,,Balaenoptera physalus,,,,,,,,,,,,,,,machine,,,0.550667,,,parm file = FW2O_p25.mat
86896MD01_016K_M04_multi_20180825_103000Z_38496,2018_UnivMD_Maryland_86896_Dep01_20180711,86896MD01_016K_M04_multi_20180825_103000Z.aif,,3882139.675975,3882145.492025,interval,animal,,Balaenoptera physalus,,,,,,,,,,,,,,,machine,,,0.504078,,,parm file = FW2O_p25.mat
86896MD01_016K_M04_multi_20180825_104500Z_38523,2018_UnivMD_Maryland_86896_Dep01_20180711,86896MD01_016K_M04_multi_20180825_104500Z.aif,,3883219.619978,3883225.436028,interval,animal,,Balaenoptera physalus,,,,,,,,,,,,,,,machine,,,0.518711,,,parm file = FW2O_p25.mat
86896MD01_016K_M04_multi_20180825_141500Z_38821,2018_UnivMD_Maryland_86896_Dep01_20180711,86896MD01_016K_M04_multi_20180825_141500Z.aif,,3895300.507975,3895306.324025,interval,animal,,Balaenoptera physalus,,,,,,,,,,,,,,,machine,,,0.550948,,,parm file = FW2O_p25.mat
86896MD01_016K_M04_multi_20180825_174500Z_39114,2018_UnivMD_Maryland_86896_Dep01_20180711,86896MD01_016K_M04_multi_20180825_174500Z.aif,,3908378.923971,3908384.740021,interval,animal,,Balaenoptera physalus,,,,,,,,,,,,,,,machine,,,0.546940,,,parm file = FW2O_p25.mat
86896MD01_016K_M04_multi_20180825_223000Z_39312,2018_UnivMD_Maryland_86896_Dep01_20180711,86896MD01_016K_M04_multi_20180825_223000Z.aif,,3924920.899975,3924926.716025,interval,animal,,Balaenoptera physalus,,,,,,,,,,,,,,,machine,,,0.512266,,,parm file = FW2O_p25.mat
86896MD01_016K_M04_multi_20180825_234500Z_39418,2018_UnivMD_Maryland_86896_Dep01_20180711,86896MD01_016K_M04_multi_20180825_234500Z.aif,,3929916.467971,3929922.284021,interval,animal,,Balaenoptera physalus,,,,,,,,,,,,,,,machine,,,0.540450,,,parm file = FW2O_p25.mat
86896MD01_016K_M04_multi_20180826_020000Z_39630,2018_UnivMD_Maryland_86896_Dep01_20180711,86896MD01_016K_M04_multi_20180826_020000Z.aif,,3937804.259971,3937810.076021,interval,animal,,Balaenoptera physalus,,,,,,,,,,,,,,,machine,,,0.509612,,,parm file = FW2O_p25.mat
86896MD01_016K_M04_multi_20180826_024500Z_39700,2018_UnivMD_Maryland_86896_Dep01_20180711,86896MD01_016K_M04_multi_20180826_024500Z.aif,,3940670.387971,3940676.204021,interval,animal,,Balaenoptera physalus,,,,,,,,,,,,,,,machine,,,0.544061,,,parm file = FW2O_p25.mat
86896MD01_016K_M04_multi_20180826_051500Z_39878,2018_UnivMD_Maryland_86896_Dep01_20180711,86896MD01_016K_M04_multi_20180826_051500Z.aif,,3949374.227975,3949380.044025,interval,animal,,Balaenoptera physalus,,,,,,,,,,,,,,,machine,,,0.503936,,,parm file = FW2O_p25.mat
86896MD01_016K_M04_multi_20180826_051500Z_39884,2018_UnivMD_Maryland_86896_Dep01_20180711,86896MD01_016K_M04_multi_20180826_051500Z.aif,,3949653.235975,3949659.052025,interval,animal,,Balaenoptera physalus,,,,,,,,,,,,,,,machine,,,0.501662,,,parm file = FW2O_p25.mat
86896MD01_016K_M04_multi_20180826_063000Z_40011,2018_UnivMD_Maryland_86896_Dep01_20180711,86896MD01_016K_M04_multi_20180826_063000Z.aif,,3954294.539971,3954300.356021,interval,animal,,Balaenoptera physalus,,,,,,,,,,,,,,,machine,,,0.567617,,,parm file = FW2O_p25.mat
86896MD01_016K_M04_multi_20180826_063000Z_40023,2018_UnivMD_Maryland_86896_Dep01_20180711,86896MD01_016K_M04_multi_20180826_063000Z.aif,,3954373.627971,3954379.444021,interval,animal,,Balaenoptera physalus,,,,,,,,,,,,,,,machine,,,0.521016,,,parm file = FW2O_p25.mat
86896MD01_016K_M04_multi_20180826_063000Z_40026,2018_UnivMD_Maryland_86896_Dep01_20180711,86896MD01_016K_M04_multi_20180826_063000Z.aif,,3954396.923971,3954402.740021,interval,animal,,Balaenoptera physalus,,,,,,,,,,,,,,,machine,,,0.500109,,,parm file = FW2O_p25.mat
86896MD01_016K_M04_multi_20180826_071500Z_40115,2018_UnivMD_Maryland_86896_Dep01_20180711,86896MD01_016K_M04_multi_20180826_071500Z.aif,,3956447.523971,3956453.340021,interval,animal,,Balaenoptera physalus,,,,,,,,,,,,,,,machine,,,0.537649,,,parm file = FW2O_p25.mat
86896MD01_016K_M04_multi_20180826_073000Z_40181,2018_UnivMD_Maryland_86896_Dep01_20180711,86896MD01_016K_M04_multi_20180826_073000Z.aif,,3957960.323975,3957966.140025,interval,animal,,Balaenoptera physalus,,,,,,,,,,,,,,,machine,,,0.508415,,,parm file = FW2O_p25.mat
86896MD01_016K_M04_multi_20180826_074500Z_40190,2018_UnivMD_Maryland_86896_Dep01_20180711,86896MD01_016K_M04_multi_20180826_074500Z.aif,,3958599.227978,3958605.044028,interval,animal,,Balaenoptera physalus,,,,,,,,,,,,,,,machine,,,0.517585,,,parm file = FW2O_p25.mat
86896MD01_016K_M04_multi_20180826_084500Z_40359,2018_UnivMD_Maryland_86896_Dep01_20180711,86896MD01_016K_M04_multi_20180826_084500Z.aif,,3962232.251971,3962238.068021,interval,animal,,Balaenoptera physalus,,,,,,,,,,,,,,,machine,,,0.503516,,,parm file = FW2O_p25.mat
86896MD01_016K_M04_multi_20180826_091500Z_40435,2018_UnivMD_Maryland_86896_Dep01_20180711,86896MD01_016K_M04_multi_20180826_091500Z.aif,,3964397.779978,3964403.596028,interval,animal,,Balaenoptera physalus,,,,,,,,,,,,,,,machine,,,0.504174,,,parm file = FW2O_p25.mat
86896MD01_016K_M04_multi_20180826_091500Z_40436,2018_UnivMD_Maryland_86896_Dep01_20180711,86896MD01_016K_M04_multi_20180826_091500Z.aif,,3964402.387978,3964408.204028,interval,animal,,Balaenoptera physalus,,,,,,,,,,,,,,,machine,,,0.504366,,,parm file = FW2O_p25.mat
86896MD01_016K_M04_multi_20180826_091500Z_40440,2018_UnivMD_Maryland_86896_Dep01_20180711,86896MD01_016K_M04_multi_20180826_091500Z.aif,,3964448.715978,3964454.532028,interval,animal,,Balaenoptera physalus,,,,,,,,,,,,,,,machine,,,0.507681,,,parm file = FW2O_p25.mat
86896MD01_016K_M04_multi_20180826_103000Z_40578,2018_UnivMD_Maryland_86896_Dep01_20180711,86896MD01_016K_M04_multi_20180826_103000Z.aif,,3968709.891975,3968715.708025,interval,animal,,Balaenoptera physalus,,,,,,,,,,,,,,,machine,,,0.541778,,,parm file = FW2O_p25.mat
86896MD01_016K_M04_multi_20180826_103000Z_40587,2018_UnivMD_Maryland_86896_Dep01_20180711,86896MD01_016K_M04_multi_20180826_103000Z.aif,,3968864.499975,3968870.316025,interval,animal,,Balaenoptera physalus,,,,,,,,,,,,,,,machine,,,0.502995,,,parm file = FW2O_p25.mat
86896MD01_016K_M04_multi_20180826_111500Z_40667,2018_UnivMD_Maryland_86896_Dep01_20180711,86896MD01_016K_M04_multi_20180826_111500Z.aif,,3971504.347975,3971510.164025,interval,animal,,Balaenoptera physalus,,,,,,,,,,,,,,,machine,,,0.523792,,,parm file = FW2O_p25.mat
86896MD01_016K_M04_multi_20180826_123000Z_40787,2018_UnivMD_Maryland_86896_Dep01_20180711,86896MD01_016K_M04_multi_20180826_123000Z.aif,,3975706.907971,3975712.724021,interval,animal,,Balaenoptera physalus,,,,,,,,,,,,,,,machine,,,0.522308,,,parm file = FW2O_p25.mat
86896MD01_016K_M04_multi_20180826_123000Z_40798,2018_UnivMD_Maryland_86896_Dep01_20180711,86896MD01_016K_M04_multi_20180826_123000Z.aif,,3975921.667971,3975927.484021,interval,animal,,Balaenoptera physalus,,,,,,,,,,,,,,,machine,,,0.537244,,,parm file = FW2O_p25.mat
86896MD01_016K_M04_multi_20180826_130000Z_40837,2018_UnivMD_Maryland_86896_Dep01_20180711,86896MD01_016K_M04_multi_20180826_130000Z.aif,,3977993.771978,3977999.588028,interval,animal,,Balaenoptera physalus,,,,,,,,,,,,,,,machine,,,0.510733,,,parm file = FW2O_p25.mat
86896MD01_016K_M04_multi_20180826_140000Z_40945,2018_UnivMD_Maryland_86896_Dep01_20180711,86896MD01_016K_M04_multi_20180826_140000Z.aif,,3981435.744256,3981440.207736,interval,animal,,Balaenoptera physalus,,,,,,,,,,,,,,,machine,,,0.803620,,,parm file = FW2O_p25.mat
86896MD01_016K_M04_multi_20180826_141500Z_40993,2018_UnivMD_Maryland_86896_Dep01_20180711,86896MD01_016K_M04_multi_20180826_141500Z.aif,,3982239.496260,3982243.959740,interval,animal,,Balaenoptera physalus,,,,,,,,,,,,,,,machine,,,0.800672,,,parm file = FW2O_p25.mat
86896MD01_016K_M04_multi_20180826_144500Z_41054,2018_UnivMD_Maryland_86896_Dep01_20180711,86896MD01_016K_M04_multi_20180826_144500Z.aif,,3983808.443971,3983814.260021,interval,animal,,Balaenoptera physalus,,,,,,,,,,,,,,,machine,,,0.528498,,,parm file = FW2O_p25.mat
86896MD01_016K_M04_multi_20180826_150000Z_41098,2018_UnivMD_Maryland_86896_Dep01_20180711,86896MD01_016K_M04_multi_20180826_150000Z.aif,,3984692.315975,3984698.132025,interval,animal,,Balaenoptera physalus,,,,,,,,,,,,,,,machine,,,0.500666,,,parm file = FW2O_p25.mat
86896MD01_016K_M04_multi_20180826_160000Z_41154,2018_UnivMD_Maryland_86896_Dep01_20180711,86896MD01_016K_M04_multi_20180826_160000Z.aif,,3988123.883978,3988129.700028,interval,animal,,Balaenoptera physalus,,,,,,,,,,,,,,,machine,,,0.520392,,,parm file = FW2O_p25.mat
