mediaID,deploymentID,captureMethod,timestamp,filePath,filePublic,fileName,fileMediatype,samplingFrequency,bitDepth,gain,channels,mediaDuration,exifData,favorite,mediaComments
86896MD01_016K_M04_multi_20180711_123000Z.aif,2018_UnivMD_Maryland_86896_Dep01_20180711,dutyCycle,2018-07-11T12:44:35Z,\\Repnas\w\projects\2018_UnivMD_Maryland_86896\86896_MD01_20180711\86896_MD01_AIFF\86896MD01_016K_M04_multi_20180711\86896MD01_016K_M04_multi_20180711_123000Z.aif,FALSE,,audio/aif,16000,16,23.5,,,,,
86896MD01_016K_M04_multi_20180711_123000Z.aif,2018_UnivMD_Maryland_86896_Dep01_20180711,dutyCycle,2018-07-11T12:34:21Z,\\Repnas\w\projects\2018_UnivMD_Maryland_86896\86896_MD01_20180711\86896_MD01_AIFF\86896MD01_016K_M04_multi_20180711\86896MD01_016K_M04_multi_20180711_123000Z.aif,FALSE,,audio/aif,16000,16,23.5,,,,,
86896MD01_016K_M04_multi_20180711_124500Z.aif,2018_UnivMD_Maryland_86896_Dep01_20180711,dutyCycle,2018-07-11T12:53:54Z,\\Repnas\w\projects\2018_UnivMD_Maryland_86896\86896_MD01_20180711\86896_MD01_AIFF\86896MD01_016K_M04_multi_20180711\86896MD01_016K_M04_multi_20180711_124500Z.aif,FALSE,,audio/aif,16000,16,23.5,,,,,
86896MD01_016K_M04_multi_20180711_154500Z.aif,2018_UnivMD_Maryland_86896_Dep01_20180711,dutyCycle,2018-07-11T15:57:53Z,\\Repnas\w\projects\2018_UnivMD_Maryland_86896\86896_MD01_20180711\86896_MD01_AIFF\86896MD01_016K_M04_multi_20180711\86896MD01_016K_M04_multi_20180711_154500Z.aif,FALSE,,audio/aif,16000,16,23.5,,,,,
86896MD01_016K_M04_multi_20180711_154500Z.aif,2018_UnivMD_Maryland_86896_Dep01_20180711,dutyCycle,2018-07-11T15:52:39Z,\\Repnas\w\projects\2018_UnivMD_Maryland_86896\86896_MD01_20180711\86896_MD01_AIFF\86896MD01_016K_M04_multi_20180711\86896MD01_016K_M04_multi_20180711_154500Z.aif,FALSE,,audio/aif,16000,16,23.5,,,,,
86896MD01_016K_M04_multi_20180711_160000Z.aif,2018_UnivMD_Maryland_86896_Dep01_20180711,dutyCycle,2018-07-11T16:10:30Z,\\Repnas\w\projects\2018_UnivMD_Maryland_86896\86896_MD01_20180711\86896_MD01_AIFF\86896MD01_016K_M04_multi_20180711\86896MD01_016K_M04_multi_20180711_160000Z.aif,FALSE,,audio/aif,16000,16,23.5,,,,,
86896MD01_016K_M04_multi_20180711_160000Z.aif,2018_UnivMD_Maryland_86896_Dep01_20180711,dutyCycle,2018-07-11T16:05:22Z,\\Repnas\w\projects\2018_UnivMD_Maryland_86896\86896_MD01_20180711\86896_MD01_AIFF\86896MD01_016K_M04_multi_20180711\86896MD01_016K_M04_multi_20180711_160000Z.aif,FALSE,,audio/aif,16000,16,23.5,,,,,
86896MD01_016K_M04_multi_20180711_164500Z.aif,2018_UnivMD_Maryland_86896_Dep01_20180711,dutyCycle,2018-07-11T16:50:03Z,\\Repnas\w\projects\2018_UnivMD_Maryland_86896\86896_MD01_20180711\86896_MD01_AIFF\86896MD01_016K_M04_multi_20180711\86896MD01_016K_M04_multi_20180711_164500Z.aif,FALSE,,audio/aif,16000,16,23.5,,,,,
86896MD01_016K_M04_multi_20180711_171500Z.aif,2018_UnivMD_Maryland_86896_Dep01_20180711,dutyCycle,2018-07-11T17:26:37Z,\\Repnas\w\projects\2018_UnivMD_Maryland_86896\86896_MD01_20180711\86896_MD01_AIFF\86896MD01_016K_M04_multi_20180711\86896MD01_016K_M04_multi_20180711_171500Z.aif,FALSE,,audio/aif,16000,16,23.5,,,,,
86896MD01_016K_M04_multi_20180711_171500Z.aif,2018_UnivMD_Maryland_86896_Dep01_20180711,dutyCycle,2018-07-11T17:25:02Z,\\Repnas\w\projects\2018_UnivMD_Maryland_86896\86896_MD01_20180711\86896_MD01_AIFF\86896MD01_016K_M04_multi_20180711\86896MD01_016K_M04_multi_20180711_171500Z.aif,FALSE,,audio/aif,16000,16,23.5,,,,,
86896MD01_016K_M04_multi_20180712_000000Z.aif,2018_UnivMD_Maryland_86896_Dep01_20180711,dutyCycle,2018-07-12T00:06:02Z,\\Repnas\w\projects\2018_UnivMD_Maryland_86896\86896_MD01_20180711\86896_MD01_AIFF\86896MD01_016K_M04_multi_20180712\86896MD01_016K_M04_multi_20180712_000000Z.aif,FALSE,,audio/aif,16000,16,23.5,,,,,
86896MD01_016K_M04_multi_20180712_074500Z.aif,2018_UnivMD_Maryland_86896_Dep01_20180711,dutyCycle,2018-07-12T07:49:24Z,\\Repnas\w\projects\2018_UnivMD_Maryland_86896\86896_MD01_20180711\86896_MD01_AIFF\86896MD01_016K_M04_multi_20180712\86896MD01_016K_M04_multi_20180712_074500Z.aif,FALSE,,audio/aif,16000,16,23.5,,,,,
86896MD01_016K_M04_multi_20180712_093000Z.aif,2018_UnivMD_Maryland_86896_Dep01_20180711,dutyCycle,2018-07-12T09:35:31Z,\\Repnas\w\projects\2018_UnivMD_Maryland_86896\86896_MD01_20180711\86896_MD01_AIFF\86896MD01_016K_M04_multi_20180712\86896MD01_016K_M04_multi_20180712_093000Z.aif,FALSE,,audio/aif,16000,16,23.5,,,,,
86896MD01_016K_M04_multi_20180712_093000Z.aif,2018_UnivMD_Maryland_86896_Dep01_20180711,dutyCycle,2018-07-12T09:38:59Z,\\Repnas\w\projects\2018_UnivMD_Maryland_86896\86896_MD01_20180711\86896_MD01_AIFF\86896MD01_016K_M04_multi_20180712\86896MD01_016K_M04_multi_20180712_093000Z.aif,FALSE,,audio/aif,16000,16,23.5,,,,,
86896MD01_016K_M04_multi_20180712_094500Z.aif,2018_UnivMD_Maryland_86896_Dep01_20180711,dutyCycle,2018-07-12T09:52:00Z,\\Repnas\w\projects\2018_UnivMD_Maryland_86896\86896_MD01_20180711\86896_MD01_AIFF\86896MD01_016K_M04_multi_20180712\86896MD01_016K_M04_multi_20180712_094500Z.aif,FALSE,,audio/aif,16000,16,23.5,,,,,
86896MD01_016K_M04_multi_20180712_094500Z.aif,2018_UnivMD_Maryland_86896_Dep01_20180711,dutyCycle,2018-07-12T09:46:07Z,\\Repnas\w\projects\2018_UnivMD_Maryland_86896\86896_MD01_20180711\86896_MD01_AIFF\86896MD01_016K_M04_multi_20180712\86896MD01_016K_M04_multi_20180712_094500Z.aif,FALSE,,audio/aif,16000,16,23.5,,,,,
86896MD01_016K_M04_multi_20180712_100000Z.aif,2018_UnivMD_Maryland_86896_Dep01_20180711,dutyCycle,2018-07-12T10:03:59Z,\\Repnas\w\projects\2018_UnivMD_Maryland_86896\86896_MD01_20180711\86896_MD01_AIFF\86896MD01_016K_M04_multi_20180712\86896MD01_016K_M04_multi_20180712_100000Z.aif,FALSE,,audio/aif,16000,16,23.5,,,,,
86896MD01_016K_M04_multi_20180712_100000Z.aif,2018_UnivMD_Maryland_86896_Dep01_20180711,dutyCycle,2018-07-12T10:00:35Z,\\Repnas\w\projects\2018_UnivMD_Maryland_86896\86896_MD01_20180711\86896_MD01_AIFF\86896MD01_016K_M04_multi_20180712\86896MD01_016K_M04_multi_20180712_100000Z.aif,FALSE,,audio/aif,16000,16,23.5,,,,,
86896MD01_016K_M04_multi_20180712_100000Z.aif,2018_UnivMD_Maryland_86896_Dep01_20180711,dutyCycle,2018-07-12T10:05:21Z,\\Repnas\w\projects\2018_UnivMD_Maryland_86896\86896_MD01_20180711\86896_MD01_AIFF\86896MD01_016K_M04_multi_20180712\86896MD01_016K_M04_multi_20180712_100000Z.aif,FALSE,,audio/aif,16000,16,23.5,,,,,
86896MD01_016K_M04_multi_20180712_101500Z.aif,2018_UnivMD_Maryland_86896_Dep01_20180711,dutyCycle,2018-07-12T10:22:14Z,\\Repnas\w\projects\2018_UnivMD_Maryland_86896\86896_MD01_20180711\86896_MD01_AIFF\86896MD01_016K_M04_multi_20180712\86896MD01_016K_M04_multi_20180712_101500Z.aif,FALSE,,audio/aif,16000,16,23.5,,,,,
86896MD01_016K_M04_multi_20180712_101500Z.aif,2018_UnivMD_Maryland_86896_Dep01_20180711,dutyCycle,2018-07-12T10:29:10Z,\\Repnas\w\projects\2018_UnivMD_Maryland_86896\86896_MD01_20180711\86896_MD01_AIFF\86896MD01_016K_M04_multi_20180712\86896MD01_016K_M04_multi_20180712_101500Z.aif,FALSE,,audio/aif,16000,16,23.5,,,,,
86896MD01_016K_M04_multi_20180712_110000Z.aif,2018_UnivMD_Maryland_86896_Dep01_20180711,dutyCycle,2018-07-12T11:02:57Z,\\Repnas\w\projects\2018_UnivMD_Maryland_86896\86896_MD01_20180711\86896_MD01_AIFF\86896MD01_016K_M04_multi_20180712\86896MD01_016K_M04_multi_20180712_110000Z.aif,FALSE,,audio/aif,16000,16,23.5,,,,,
86896MD01_016K_M04_multi_20180712_111500Z.aif,2018_UnivMD_Maryland_86896_Dep01_20180711,dutyCycle,2018-07-12T11:24:44Z,\\Repnas\w\projects\2018_UnivMD_Maryland_86896\86896_MD01_20180711\86896_MD01_AIFF\86896MD01_016K_M04_multi_20180712\86896MD01_016K_M04_multi_20180712_111500Z.aif,FALSE,,audio/aif,16000,16,23.5,,,,,
86896MD01_016K_M04_multi_20180712_111500Z.aif,2018_UnivMD_Maryland_86896_Dep01_20180711,dutyCycle,2018-07-12T11:17:07Z,\\Repnas\w\projects\2018_UnivMD_Maryland_86896\86896_MD01_20180711\86896_MD01_AIFF\86896MD01_016K_M04_multi_20180712\86896MD01_016K_M04_multi_20180712_111500Z.aif,FALSE,,audio/aif,16000,16,23.5,,,,,
86896MD01_016K_M04_multi_20180712_114500Z.aif,2018_UnivMD_Maryland_86896_Dep01_20180711,dutyCycle,2018-07-12T11:56:36Z,\\Repnas\w\projects\2018_UnivMD_Maryland_86896\86896_MD01_20180711\86896_MD01_AIFF\86896MD01_016K_M04_multi_20180712\86896MD01_016K_M04_multi_20180712_114500Z.aif,FALSE,,audio/aif,16000,16,23.5,,,,,
86896MD01_016K_M04_multi_20180712_120000Z.aif,2018_UnivMD_Maryland_86896_Dep01_20180711,dutyCycle,2018-07-12T12:01:44Z,\\Repnas\w\projects\2018_UnivMD_Maryland_86896\86896_MD01_20180711\86896_MD01_AIFF\86896MD01_016K_M04_multi_20180712\86896MD01_016K_M04_multi_20180712_120000Z.aif,FALSE,,audio/aif,16000,16,23.5,,,,,
86896MD01_016K_M04_multi_20180712_120000Z.aif,2018_UnivMD_Maryland_86896_Dep01_20180711,dutyCycle,2018-07-12T12:14:08Z,\\Repnas\w\projects\2018_UnivMD_Maryland_86896\86896_MD01_20180711\86896_MD01_AIFF\86896MD01_016K_M04_multi_20180712\86896MD01_016K_M04_multi_20180712_120000Z.aif,FALSE,,audio/aif,16000,16,23.5,,,,,
86896MD01_016K_M04_multi_20180712_120000Z.aif,2018_UnivMD_Maryland_86896_Dep01_20180711,dutyCycle,2018-07-12T12:11:54Z,\\Repnas\w\projects\2018_UnivMD_Maryland_86896\86896_MD01_20180711\86896_MD01_AIFF\86896MD01_016K_M04_multi_20180712\86896MD01_016K_M04_multi_20180712_120000Z.aif,FALSE,,audio/aif,16000,16,23.5,,,,,
86896MD01_016K_M04_multi_20180712_121500Z.aif,2018_UnivMD_Maryland_86896_Dep01_20180711,dutyCycle,2018-07-12T12:27:19Z,\\Repnas\w\projects\2018_UnivMD_Maryland_86896\86896_MD01_20180711\86896_MD01_AIFF\86896MD01_016K_M04_multi_20180712\86896MD01_016K_M04_multi_20180712_121500Z.aif,FALSE,,audio/aif,16000,16,23.5,,,,,
86896MD01_016K_M04_multi_20180712_130000Z.aif,2018_UnivMD_Maryland_86896_Dep01_20180711,dutyCycle,2018-07-12T13:05:22Z,\\Repnas\w\projects\2018_UnivMD_Maryland_86896\86896_MD01_20180711\86896_MD01_AIFF\86896MD01_016K_M04_multi_20180712\86896MD01_016K_M04_multi_20180712_130000Z.aif,FALSE,,audio/aif,16000,16,23.5,,,,,
86896MD01_016K_M04_multi_20180712_130000Z.aif,2018_UnivMD_Maryland_86896_Dep01_20180711,dutyCycle,2018-07-12T13:13:46Z,\\Repnas\w\projects\2018_UnivMD_Maryland_86896\86896_MD01_20180711\86896_MD01_AIFF\86896MD01_016K_M04_multi_20180712\86896MD01_016K_M04_multi_20180712_130000Z.aif,FALSE,,audio/aif,16000,16,23.5,,,,,
86896MD01_016K_M04_multi_20180712_133000Z.aif,2018_UnivMD_Maryland_86896_Dep01_20180711,dutyCycle,2018-07-12T13:31:44Z,\\Repnas\w\projects\2018_UnivMD_Maryland_86896\86896_MD01_20180711\86896_MD01_AIFF\86896MD01_016K_M04_multi_20180712\86896MD01_016K_M04_multi_20180712_133000Z.aif,FALSE,,audio/aif,16000,16,23.5,,,,,
86896MD01_016K_M04_multi_20180712_133000Z.aif,2018_UnivMD_Maryland_86896_Dep01_20180711,dutyCycle,2018-07-12T13:30:52Z,\\Repnas\w\projects\2018_UnivMD_Maryland_86896\86896_MD01_20180711\86896_MD01_AIFF\86896MD01_016K_M04_multi_20180712\86896MD01_016K_M04_multi_20180712_133000Z.aif,FALSE,,audio/aif,16000,16,23.5,,,,,
86896MD01_016K_M04_multi_20180712_141500Z.aif,2018_UnivMD_Maryland_86896_Dep01_20180711,dutyCycle,2018-07-12T14:20:44Z,\\Repnas\w\projects\2018_UnivMD_Maryland_86896\86896_MD01_20180711\86896_MD01_AIFF\86896MD01_016K_M04_multi_20180712\86896MD01_016K_M04_multi_20180712_141500Z.aif,FALSE,,audio/aif,16000,16,23.5,,,,,
86896MD01_016K_M04_multi_20180712_141500Z.aif,2018_UnivMD_Maryland_86896_Dep01_20180711,dutyCycle,2018-07-12T14:19:15Z,\\Repnas\w\projects\2018_UnivMD_Maryland_86896\86896_MD01_20180711\86896_MD01_AIFF\86896MD01_016K_M04_multi_20180712\86896MD01_016K_M04_multi_20180712_141500Z.aif,FALSE,,audio/aif,16000,16,23.5,,,,,
86896MD01_016K_M04_multi_20180712_141500Z.aif,2018_UnivMD_Maryland_86896_Dep01_20180711,dutyCycle,2018-07-12T14:28:20Z,\\Repnas\w\projects\2018_UnivMD_Maryland_86896\86896_MD01_20180711\86896_MD01_AIFF\86896MD01_016K_M04_multi_20180712\86896MD01_016K_M04_multi_20180712_141500Z.aif,FALSE,,audio/aif,16000,16,23.5,,,,,
86896MD01_016K_M04_multi_20180712_141500Z.aif,2018_UnivMD_Maryland_86896_Dep01_20180711,dutyCycle,2018-07-12T14:24:45Z,\\Repnas\w\projects\2018_UnivMD_Maryland_86896\86896_MD01_20180711\86896_MD01_AIFF\86896MD01_016K_M04_multi_20180712\86896MD01_016K_M04_multi_20180712_141500Z.aif,FALSE,,audio/aif,16000,16,23.5,,,,,
86896MD01_016K_M04_multi_20180712_143000Z.aif,2018_UnivMD_Maryland_86896_Dep01_20180711,dutyCycle,2018-07-12T14:39:01Z,\\Repnas\w\projects\2018_UnivMD_Maryland_86896\86896_MD01_20180711\86896_MD01_AIFF\86896MD01_016K_M04_multi_20180712\86896MD01_016K_M04_multi_20180712_143000Z.aif,FALSE,,audio/aif,16000,16,23.5,,,,,
86896MD01_016K_M04_multi_20180712_144500Z.aif,2018_UnivMD_Maryland_86896_Dep01_20180711,dutyCycle,2018-07-12T14:55:07Z,\\Repnas\w\projects\2018_UnivMD_Maryland_86896\86896_MD01_20180711\86896_MD01_AIFF\86896MD01_016K_M04_multi_20180712\86896MD01_016K_M04_multi_20180712_144500Z.aif,FALSE,,audio/aif,16000,16,23.5,,,,,
86896MD01_016K_M04_multi_20180712_150000Z.aif,2018_UnivMD_Maryland_86896_Dep01_20180711,dutyCycle,2018-07-12T15:00:04Z,\\Repnas\w\projects\2018_UnivMD_Maryland_86896\86896_MD01_20180711\86896_MD01_AIFF\86896MD01_016K_M04_multi_20180712\86896MD01_016K_M04_multi_20180712_150000Z.aif,FALSE,,audio/aif,16000,16,23.5,,,,,
86896MD01_016K_M04_multi_20180712_151500Z.aif,2018_UnivMD_Maryland_86896_Dep01_20180711,dutyCycle,2018-07-12T15:16:01Z,\\Repnas\w\projects\2018_UnivMD_Maryland_86896\86896_MD01_20180711\86896_MD01_AIFF\86896MD01_016K_M04_multi_20180712\86896MD01_016K_M04_multi_20180712_151500Z.aif,FALSE,,audio/aif,16000,16,23.5,,,,,
86896MD01_016K_M04_multi_20180712_153000Z.aif,2018_UnivMD_Maryland_86896_Dep01_20180711,dutyCycle,2018-07-12T15:31:53Z,\\Repnas\w\projects\2018_UnivMD_Maryland_86896\86896_MD01_20180711\86896_MD01_AIFF\86896MD01_016K_M04_multi_20180712\86896MD01_016K_M04_multi_20180712_153000Z.aif,FALSE,,audio/aif,16000,16,23.5,,,,,
86896MD01_016K_M04_multi_20180712_154500Z.aif,2018_UnivMD_Maryland_86896_Dep01_20180711,dutyCycle,2018-07-12T15:59:06Z,\\Repnas\w\projects\2018_UnivMD_Maryland_86896\86896_MD01_20180711\86896_MD01_AIFF\86896MD01_016K_M04_multi_20180712\86896MD01_016K_M04_multi_20180712_154500Z.aif,FALSE,,audio/aif,16000,16,23.5,,,,,
86896MD01_016K_M04_multi_20180712_154500Z.aif,2018_UnivMD_Maryland_86896_Dep01_20180711,dutyCycle,2018-07-12T15:52:02Z,\\Repnas\w\projects\2018_UnivMD_Maryland_86896\86896_MD01_20180711\86896_MD01_AIFF\86896MD01_016K_M04_multi_20180712\86896MD01_016K_M04_multi_20180712_154500Z.aif,FALSE,,audio/aif,16000,16,23.5,,,,,
86896MD01_016K_M04_multi_20180712_154500Z.aif,2018_UnivMD_Maryland_86896_Dep01_20180711,dutyCycle,2018-07-12T15:59:36Z,\\Repnas\w\projects\2018_UnivMD_Maryland_86896\86896_MD01_20180711\86896_MD01_AIFF\86896MD01_016K_M04_multi_20180712\86896MD01_016K_M04_multi_20180712_154500Z.aif,FALSE,,audio/aif,16000,16,23.5,,,,,
86896MD01_016K_M04_multi_20180712_160000Z.aif,2018_UnivMD_Maryland_86896_Dep01_20180711,dutyCycle,2018-07-12T16:04:36Z,\\Repnas\w\projects\2018_UnivMD_Maryland_86896\86896_MD01_20180711\86896_MD01_AIFF\86896MD01_016K_M04_multi_20180712\86896MD01_016K_M04_multi_20180712_160000Z.aif,FALSE,,audio/aif,16000,16,23.5,,,,,
86896MD01_016K_M04_multi_20180712_163000Z.aif,2018_UnivMD_Maryland_86896_Dep01_20180711,dutyCycle,2018-07-12T16:30:47Z,\\Repnas\w\projects\2018_UnivMD_Maryland_86896\86896_MD01_20180711\86896_MD01_AIFF\86896MD01_016K_M04_multi_20180712\86896MD01_016K_M04_multi_20180712_163000Z.aif,FALSE,,audio/aif,16000,16,23.5,,,,,
86896MD01_016K_M04_multi_20180712_163000Z.aif,2018_UnivMD_Maryland_86896_Dep01_20180711,dutyCycle,2018-07-12T16:30:51Z,\\Repnas\w\projects\2018_UnivMD_Maryland_86896\86896_MD01_20180711\86896_MD01_AIFF\86896MD01_016K_M04_multi_20180712\86896MD01_016K_M04_multi_20180712_163000Z.aif,FALSE,,audio/aif,16000,16,23.5,,,,,
86896MD01_016K_M04_multi_20180712_163000Z.aif,2018_UnivMD_Maryland_86896_Dep01_20180711,dutyCycle,2018-07-12T16:36:40Z,\\Repnas\w\projects\2018_UnivMD_Maryland_86896\86896_MD01_20180711\86896_MD01_AIFF\86896MD01_016K_M04_multi_20180712\86896MD01_016K_M04_multi_20180712_163000Z.aif,FALSE,,audio/aif,16000,16,23.5,,,,,
86896MD01_016K_M04_multi_20180712_164500Z.aif,2018_UnivMD_Maryland_86896_Dep01_20180711,dutyCycle,2018-07-12T16:47:25Z,\\Repnas\w\projects\2018_UnivMD_Maryland_86896\86896_MD01_20180711\86896_MD01_AIFF\86896MD01_016K_M04_multi_20180712\86896MD01_016K_M04_multi_20180712_164500Z.aif,FALSE,,audio/aif,16000,16,23.5,,,,,
86896MD01_016K_M04_multi_20180712_200000Z.aif,2018_UnivMD_Maryland_86896_Dep01_20180711,dutyCycle,2018-07-12T20:14:04Z,\\Repnas\w\projects\2018_UnivMD_Maryland_86896\86896_MD01_20180711\86896_MD01_AIFF\86896MD01_016K_M04_multi_20180712\86896MD01_016K_M04_multi_20180712_200000Z.aif,FALSE,,audio/aif,16000,16,23.5,,,,,
86896MD01_016K_M04_multi_20180712_230000Z.aif,2018_UnivMD_Maryland_86896_Dep01_20180711,dutyCycle,2018-07-12T23:05:29Z,\\Repnas\w\projects\2018_UnivMD_Maryland_86896\86896_MD01_20180711\86896_MD01_AIFF\86896MD01_016K_M04_multi_20180712\86896MD01_016K_M04_multi_20180712_230000Z.aif,FALSE,,audio/aif,16000,16,23.5,,,,,
86896MD01_016K_M04_multi_20180713_131500Z.aif,2018_UnivMD_Maryland_86896_Dep01_20180711,dutyCycle,2018-07-13T13:21:42Z,\\Repnas\w\projects\2018_UnivMD_Maryland_86896\86896_MD01_20180711\86896_MD01_AIFF\86896MD01_016K_M04_multi_20180713\86896MD01_016K_M04_multi_20180713_131500Z.aif,FALSE,,audio/aif,16000,16,23.5,,,,,
86896MD01_016K_M04_multi_20180713_181500Z.aif,2018_UnivMD_Maryland_86896_Dep01_20180711,dutyCycle,2018-07-13T18:19:13Z,\\Repnas\w\projects\2018_UnivMD_Maryland_86896\86896_MD01_20180711\86896_MD01_AIFF\86896MD01_016K_M04_multi_20180713\86896MD01_016K_M04_multi_20180713_181500Z.aif,FALSE,,audio/aif,16000,16,23.5,,,,,
86896MD01_016K_M04_multi_20180714_170000Z.aif,2018_UnivMD_Maryland_86896_Dep01_20180711,dutyCycle,2018-07-14T17:11:56Z,\\Repnas\w\projects\2018_UnivMD_Maryland_86896\86896_MD01_20180711\86896_MD01_AIFF\86896MD01_016K_M04_multi_20180714\86896MD01_016K_M04_multi_20180714_170000Z.aif,FALSE,,audio/aif,16000,16,23.5,,,,,
86896MD01_016K_M04_multi_20180714_171500Z.aif,2018_UnivMD_Maryland_86896_Dep01_20180711,dutyCycle,2018-07-14T17:15:21Z,\\Repnas\w\projects\2018_UnivMD_Maryland_86896\86896_MD01_20180711\86896_MD01_AIFF\86896MD01_016K_M04_multi_20180714\86896MD01_016K_M04_multi_20180714_171500Z.aif,FALSE,,audio/aif,16000,16,23.5,,,,,
86896MD01_016K_M04_multi_20180714_200000Z.aif,2018_UnivMD_Maryland_86896_Dep01_20180711,dutyCycle,2018-07-14T20:02:31Z,\\Repnas\w\projects\2018_UnivMD_Maryland_86896\86896_MD01_20180711\86896_MD01_AIFF\86896MD01_016K_M04_multi_20180714\86896MD01_016K_M04_multi_20180714_200000Z.aif,FALSE,,audio/aif,16000,16,23.5,,,,,
86896MD01_016K_M04_multi_20180715_011500Z.aif,2018_UnivMD_Maryland_86896_Dep01_20180711,dutyCycle,2018-07-15T01:16:22Z,\\Repnas\w\projects\2018_UnivMD_Maryland_86896\86896_MD01_20180711\86896_MD01_AIFF\86896MD01_016K_M04_multi_20180715\86896MD01_016K_M04_multi_20180715_011500Z.aif,FALSE,,audio/aif,16000,16,23.5,,,,,
86896MD01_016K_M04_multi_20180715_071500Z.aif,2018_UnivMD_Maryland_86896_Dep01_20180711,dutyCycle,2018-07-15T07:15:21Z,\\Repnas\w\projects\2018_UnivMD_Maryland_86896\86896_MD01_20180711\86896_MD01_AIFF\86896MD01_016K_M04_multi_20180715\86896MD01_016K_M04_multi_20180715_071500Z.aif,FALSE,,audio/aif,16000,16,23.5,,,,,
86896MD01_016K_M04_multi_20180715_170000Z.aif,2018_UnivMD_Maryland_86896_Dep01_20180711,dutyCycle,2018-07-15T17:03:50Z,\\Repnas\w\projects\2018_UnivMD_Maryland_86896\86896_MD01_20180711\86896_MD01_AIFF\86896MD01_016K_M04_multi_20180715\86896MD01_016K_M04_multi_20180715_170000Z.aif,FALSE,,audio/aif,16000,16,23.5,,,,,
86896MD01_016K_M04_multi_20180715_173000Z.aif,2018_UnivMD_Maryland_86896_Dep01_20180711,dutyCycle,2018-07-15T17:33:09Z,\\Repnas\w\projects\2018_UnivMD_Maryland_86896\86896_MD01_20180711\86896_MD01_AIFF\86896MD01_016K_M04_multi_20180715\86896MD01_016K_M04_multi_20180715_173000Z.aif,FALSE,,audio/aif,16000,16,23.5,,,,,
86896MD01_016K_M04_multi_20180715_193000Z.aif,2018_UnivMD_Maryland_86896_Dep01_20180711,dutyCycle,2018-07-15T19:38:56Z,\\Repnas\w\projects\2018_UnivMD_Maryland_86896\86896_MD01_20180711\86896_MD01_AIFF\86896MD01_016K_M04_multi_20180715\86896MD01_016K_M04_multi_20180715_193000Z.aif,FALSE,,audio/aif,16000,16,23.5,,,,,
86896MD01_016K_M04_multi_20180715_194500Z.aif,2018_UnivMD_Maryland_86896_Dep01_20180711,dutyCycle,2018-07-15T19:45:43Z,\\Repnas\w\projects\2018_UnivMD_Maryland_86896\86896_MD01_20180711\86896_MD01_AIFF\86896MD01_016K_M04_multi_20180715\86896MD01_016K_M04_multi_20180715_194500Z.aif,FALSE,,audio/aif,16000,16,23.5,,,,,
86896MD01_016K_M04_multi_20180716_054500Z.aif,2018_UnivMD_Maryland_86896_Dep01_20180711,dutyCycle,2018-07-16T05:55:13Z,\\Repnas\w\projects\2018_UnivMD_Maryland_86896\86896_MD01_20180711\86896_MD01_AIFF\86896MD01_016K_M04_multi_20180716\86896MD01_016K_M04_multi_20180716_054500Z.aif,FALSE,,audio/aif,16000,16,23.5,,,,,
86896MD01_016K_M04_multi_20180719_161500Z.aif,2018_UnivMD_Maryland_86896_Dep01_20180711,dutyCycle,2018-07-19T16:28:13Z,\\Repnas\w\projects\2018_UnivMD_Maryland_86896\86896_MD01_20180711\86896_MD01_AIFF\86896MD01_016K_M04_multi_20180719\86896MD01_016K_M04_multi_20180719_161500Z.aif,FALSE,,audio/aif,16000,16,23.5,,,,,
86896MD01_016K_M04_multi_20180719_233000Z.aif,2018_UnivMD_Maryland_86896_Dep01_20180711,dutyCycle,2018-07-19T23:41:25Z,\\Repnas\w\projects\2018_UnivMD_Maryland_86896\86896_MD01_20180711\86896_MD01_AIFF\86896MD01_016K_M04_multi_20180719\86896MD01_016K_M04_multi_20180719_233000Z.aif,FALSE,,audio/aif,16000,16,23.5,,,,,
86896MD01_016K_M04_multi_20180720_014500Z.aif,2018_UnivMD_Maryland_86896_Dep01_20180711,dutyCycle,2018-07-20T01:49:39Z,\\Repnas\w\projects\2018_UnivMD_Maryland_86896\86896_MD01_20180711\86896_MD01_AIFF\86896MD01_016K_M04_multi_20180720\86896MD01_016K_M04_multi_20180720_014500Z.aif,FALSE,,audio/aif,16000,16,23.5,,,,,
86896MD01_016K_M04_multi_20180720_020000Z.aif,2018_UnivMD_Maryland_86896_Dep01_20180711,dutyCycle,2018-07-20T02:02:32Z,\\Repnas\w\projects\2018_UnivMD_Maryland_86896\86896_MD01_20180711\86896_MD01_AIFF\86896MD01_016K_M04_multi_20180720\86896MD01_016K_M04_multi_20180720_020000Z.aif,FALSE,,audio/aif,16000,16,23.5,,,,,
86896MD01_016K_M04_multi_20180720_020000Z.aif,2018_UnivMD_Maryland_86896_Dep01_20180711,dutyCycle,2018-07-20T02:08:12Z,\\Repnas\w\projects\2018_UnivMD_Maryland_86896\86896_MD01_20180711\86896_MD01_AIFF\86896MD01_016K_M04_multi_20180720\86896MD01_016K_M04_multi_20180720_020000Z.aif,FALSE,,audio/aif,16000,16,23.5,,,,,
86896MD01_016K_M04_multi_20180720_021500Z.aif,2018_UnivMD_Maryland_86896_Dep01_20180711,dutyCycle,2018-07-20T02:17:43Z,\\Repnas\w\projects\2018_UnivMD_Maryland_86896\86896_MD01_20180711\86896_MD01_AIFF\86896MD01_016K_M04_multi_20180720\86896MD01_016K_M04_multi_20180720_021500Z.aif,FALSE,,audio/aif,16000,16,23.5,,,,,
86896MD01_016K_M04_multi_20180720_021500Z.aif,2018_UnivMD_Maryland_86896_Dep01_20180711,dutyCycle,2018-07-20T02:16:32Z,\\Repnas\w\projects\2018_UnivMD_Maryland_86896\86896_MD01_20180711\86896_MD01_AIFF\86896MD01_016K_M04_multi_20180720\86896MD01_016K_M04_multi_20180720_021500Z.aif,FALSE,,audio/aif,16000,16,23.5,,,,,
86896MD01_016K_M04_multi_20180720_021500Z.aif,2018_UnivMD_Maryland_86896_Dep01_20180711,dutyCycle,2018-07-20T02:21:58Z,\\Repnas\w\projects\2018_UnivMD_Maryland_86896\86896_MD01_20180711\86896_MD01_AIFF\86896MD01_016K_M04_multi_20180720\86896MD01_016K_M04_multi_20180720_021500Z.aif,FALSE,,audio/aif,16000,16,23.5,,,,,
86896MD01_016K_M04_multi_20180720_021500Z.aif,2018_UnivMD_Maryland_86896_Dep01_20180711,dutyCycle,2018-07-20T02:20:08Z,\\Repnas\w\projects\2018_UnivMD_Maryland_86896\86896_MD01_20180711\86896_MD01_AIFF\86896MD01_016K_M04_multi_20180720\86896MD01_016K_M04_multi_20180720_021500Z.aif,FALSE,,audio/aif,16000,16,23.5,,,,,
86896MD01_016K_M04_multi_20180720_023000Z.aif,2018_UnivMD_Maryland_86896_Dep01_20180711,dutyCycle,2018-07-20T02:38:00Z,\\Repnas\w\projects\2018_UnivMD_Maryland_86896\86896_MD01_20180711\86896_MD01_AIFF\86896MD01_016K_M04_multi_20180720\86896MD01_016K_M04_multi_20180720_023000Z.aif,FALSE,,audio/aif,16000,16,23.5,,,,,
86896MD01_016K_M04_multi_20180720_023000Z.aif,2018_UnivMD_Maryland_86896_Dep01_20180711,dutyCycle,2018-07-20T02:36:48Z,\\Repnas\w\projects\2018_UnivMD_Maryland_86896\86896_MD01_20180711\86896_MD01_AIFF\86896MD01_016K_M04_multi_20180720\86896MD01_016K_M04_multi_20180720_023000Z.aif,FALSE,,audio/aif,16000,16,23.5,,,,,
86896MD01_016K_M04_multi_20180720_023000Z.aif,2018_UnivMD_Maryland_86896_Dep01_20180711,dutyCycle,2018-07-20T02:33:05Z,\\Repnas\w\projects\2018_UnivMD_Maryland_86896\86896_MD01_20180711\86896_MD01_AIFF\86896MD01_016K_M04_multi_20180720\86896MD01_016K_M04_multi_20180720_023000Z.aif,FALSE,,audio/aif,16000,16,23.5,,,,,
86896MD01_016K_M04_multi_20180720_024500Z.aif,2018_UnivMD_Maryland_86896_Dep01_20180711,dutyCycle,2018-07-20T02:47:06Z,\\Repnas\w\projects\2018_UnivMD_Maryland_86896\86896_MD01_20180711\86896_MD01_AIFF\86896MD01_016K_M04_multi_20180720\86896MD01_016K_M04_multi_20180720_024500Z.aif,FALSE,,audio/aif,16000,16,23.5,,,,,
86896MD01_016K_M04_multi_20180720_024500Z.aif,2018_UnivMD_Maryland_86896_Dep01_20180711,dutyCycle,2018-07-20T02:47:54Z,\\Repnas\w\projects\2018_UnivMD_Maryland_86896\86896_MD01_20180711\86896_MD01_AIFF\86896MD01_016K_M04_multi_20180720\86896MD01_016K_M04_multi_20180720_024500Z.aif,FALSE,,audio/aif,16000,16,23.5,,,,,
86896MD01_016K_M04_multi_20180720_031500Z.aif,2018_UnivMD_Maryland_86896_Dep01_20180711,dutyCycle,2018-07-20T03:21:42Z,\\Repnas\w\projects\2018_UnivMD_Maryland_86896\86896_MD01_20180711\86896_MD01_AIFF\86896MD01_016K_M04_multi_20180720\86896MD01_016K_M04_multi_20180720_031500Z.aif,FALSE,,audio/aif,16000,16,23.5,,,,,
86896MD01_016K_M04_multi_20180720_033000Z.aif,2018_UnivMD_Maryland_86896_Dep01_20180711,dutyCycle,2018-07-20T03:34:35Z,\\Repnas\w\projects\2018_UnivMD_Maryland_86896\86896_MD01_20180711\86896_MD01_AIFF\86896MD01_016K_M04_multi_20180720\86896MD01_016K_M04_multi_20180720_033000Z.aif,FALSE,,audio/aif,16000,16,23.5,,,,,
86896MD01_016K_M04_multi_20180720_033000Z.aif,2018_UnivMD_Maryland_86896_Dep01_20180711,dutyCycle,2018-07-20T03:35:26Z,\\Repnas\w\projects\2018_UnivMD_Maryland_86896\86896_MD01_20180711\86896_MD01_AIFF\86896MD01_016K_M04_multi_20180720\86896MD01_016K_M04_multi_20180720_033000Z.aif,FALSE,,audio/aif,16000,16,23.5,,,,,
86896MD01_016K_M04_multi_20180720_033000Z.aif,2018_UnivMD_Maryland_86896_Dep01_20180711,dutyCycle,2018-07-20T03:44:33Z,\\Repnas\w\projects\2018_UnivMD_Maryland_86896\86896_MD01_20180711\86896_MD01_AIFF\86896MD01_016K_M04_multi_20180720\86896MD01_016K_M04_multi_20180720_033000Z.aif,FALSE,,audio/aif,16000,16,23.5,,,,,
86896MD01_016K_M04_multi_20180720_034500Z.aif,2018_UnivMD_Maryland_86896_Dep01_20180711,dutyCycle,2018-07-20T03:55:21Z,\\Repnas\w\projects\2018_UnivMD_Maryland_86896\86896_MD01_20180711\86896_MD01_AIFF\86896MD01_016K_M04_multi_20180720\86896MD01_016K_M04_multi_20180720_034500Z.aif,FALSE,,audio/aif,16000,16,23.5,,,,,
86896MD01_016K_M04_multi_20180720_040000Z.aif,2018_UnivMD_Maryland_86896_Dep01_20180711,dutyCycle,2018-07-20T04:10:00Z,\\Repnas\w\projects\2018_UnivMD_Maryland_86896\86896_MD01_20180711\86896_MD01_AIFF\86896MD01_016K_M04_multi_20180720\86896MD01_016K_M04_multi_20180720_040000Z.aif,FALSE,,audio/aif,16000,16,23.5,,,,,
86896MD01_016K_M04_multi_20180720_040000Z.aif,2018_UnivMD_Maryland_86896_Dep01_20180711,dutyCycle,2018-07-20T04:02:43Z,\\Repnas\w\projects\2018_UnivMD_Maryland_86896\86896_MD01_20180711\86896_MD01_AIFF\86896MD01_016K_M04_multi_20180720\86896MD01_016K_M04_multi_20180720_040000Z.aif,FALSE,,audio/aif,16000,16,23.5,,,,,
86896MD01_016K_M04_multi_20180720_040000Z.aif,2018_UnivMD_Maryland_86896_Dep01_20180711,dutyCycle,2018-07-20T04:01:57Z,\\Repnas\w\projects\2018_UnivMD_Maryland_86896\86896_MD01_20180711\86896_MD01_AIFF\86896MD01_016K_M04_multi_20180720\86896MD01_016K_M04_multi_20180720_040000Z.aif,FALSE,,audio/aif,16000,16,23.5,,,,,
86896MD01_016K_M04_multi_20180720_043000Z.aif,2018_UnivMD_Maryland_86896_Dep01_20180711,dutyCycle,2018-07-20T04:38:52Z,\\Repnas\w\projects\2018_UnivMD_Maryland_86896\86896_MD01_20180711\86896_MD01_AIFF\86896MD01_016K_M04_multi_20180720\86896MD01_016K_M04_multi_20180720_043000Z.aif,FALSE,,audio/aif,16000,16,23.5,,,,,
86896MD01_016K_M04_multi_20180721_123000Z.aif,2018_UnivMD_Maryland_86896_Dep01_20180711,dutyCycle,2018-07-21T12:43:17Z,\\Repnas\w\projects\2018_UnivMD_Maryland_86896\86896_MD01_20180711\86896_MD01_AIFF\86896MD01_016K_M04_multi_20180721\86896MD01_016K_M04_multi_20180721_123000Z.aif,FALSE,,audio/aif,16000,16,23.5,,,,,
86896MD01_016K_M04_multi_20180721_213000Z.aif,2018_UnivMD_Maryland_86896_Dep01_20180711,dutyCycle,2018-07-21T21:39:32Z,\\Repnas\w\projects\2018_UnivMD_Maryland_86896\86896_MD01_20180711\86896_MD01_AIFF\86896MD01_016K_M04_multi_20180721\86896MD01_016K_M04_multi_20180721_213000Z.aif,FALSE,,audio/aif,16000,16,23.5,,,,,
86896MD01_016K_M04_multi_20180722_064500Z.aif,2018_UnivMD_Maryland_86896_Dep01_20180711,dutyCycle,2018-07-22T06:54:29Z,\\Repnas\w\projects\2018_UnivMD_Maryland_86896\86896_MD01_20180711\86896_MD01_AIFF\86896MD01_016K_M04_multi_20180722\86896MD01_016K_M04_multi_20180722_064500Z.aif,FALSE,,audio/aif,16000,16,23.5,,,,,
86896MD01_016K_M04_multi_20180722_074500Z.aif,2018_UnivMD_Maryland_86896_Dep01_20180711,dutyCycle,2018-07-22T07:56:37Z,\\Repnas\w\projects\2018_UnivMD_Maryland_86896\86896_MD01_20180711\86896_MD01_AIFF\86896MD01_016K_M04_multi_20180722\86896MD01_016K_M04_multi_20180722_074500Z.aif,FALSE,,audio/aif,16000,16,23.5,,,,,
86896MD01_016K_M04_multi_20180722_080000Z.aif,2018_UnivMD_Maryland_86896_Dep01_20180711,dutyCycle,2018-07-22T08:13:11Z,\\Repnas\w\projects\2018_UnivMD_Maryland_86896\86896_MD01_20180711\86896_MD01_AIFF\86896MD01_016K_M04_multi_20180722\86896MD01_016K_M04_multi_20180722_080000Z.aif,FALSE,,audio/aif,16000,16,23.5,,,,,
86896MD01_016K_M04_multi_20180722_101500Z.aif,2018_UnivMD_Maryland_86896_Dep01_20180711,dutyCycle,2018-07-22T10:19:43Z,\\Repnas\w\projects\2018_UnivMD_Maryland_86896\86896_MD01_20180711\86896_MD01_AIFF\86896MD01_016K_M04_multi_20180722\86896MD01_016K_M04_multi_20180722_101500Z.aif,FALSE,,audio/aif,16000,16,23.5,,,,,
86896MD01_016K_M04_multi_20180722_110000Z.aif,2018_UnivMD_Maryland_86896_Dep01_20180711,dutyCycle,2018-07-22T11:09:03Z,\\Repnas\w\projects\2018_UnivMD_Maryland_86896\86896_MD01_20180711\86896_MD01_AIFF\86896MD01_016K_M04_multi_20180722\86896MD01_016K_M04_multi_20180722_110000Z.aif,FALSE,,audio/aif,16000,16,23.5,,,,,
86896MD01_016K_M04_multi_20180722_111500Z.aif,2018_UnivMD_Maryland_86896_Dep01_20180711,dutyCycle,2018-07-22T11:25:36Z,\\Repnas\w\projects\2018_UnivMD_Maryland_86896\86896_MD01_20180711\86896_MD01_AIFF\86896MD01_016K_M04_multi_20180722\86896MD01_016K_M04_multi_20180722_111500Z.aif,FALSE,,audio/aif,16000,16,23.5,,,,,
86896MD01_016K_M04_multi_20180722_114500Z.aif,2018_UnivMD_Maryland_86896_Dep01_20180711,dutyCycle,2018-07-22T11:46:27Z,\\Repnas\w\projects\2018_UnivMD_Maryland_86896\86896_MD01_20180711\86896_MD01_AIFF\86896MD01_016K_M04_multi_20180722\86896MD01_016K_M04_multi_20180722_114500Z.aif,FALSE,,audio/aif,16000,16,23.5,,,,,
86896MD01_016K_M04_multi_20180722_120000Z.aif,2018_UnivMD_Maryland_86896_Dep01_20180711,dutyCycle,2018-07-22T12:02:18Z,\\Repnas\w\projects\2018_UnivMD_Maryland_86896\86896_MD01_20180711\86896_MD01_AIFF\86896MD01_016K_M04_multi_20180722\86896MD01_016K_M04_multi_20180722_120000Z.aif,FALSE,,audio/aif,16000,16,23.5,,,,,
86896MD01_016K_M04_multi_20180722_121500Z.aif,2018_UnivMD_Maryland_86896_Dep01_20180711,dutyCycle,2018-07-22T12:20:28Z,\\Repnas\w\projects\2018_UnivMD_Maryland_86896\86896_MD01_20180711\86896_MD01_AIFF\86896MD01_016K_M04_multi_20180722\86896MD01_016K_M04_multi_20180722_121500Z.aif,FALSE,,audio/aif,16000,16,23.5,,,,,
86896MD01_016K_M04_multi_20180722_121500Z.aif,2018_UnivMD_Maryland_86896_Dep01_20180711,dutyCycle,2018-07-22T12:27:09Z,\\Repnas\w\projects\2018_UnivMD_Maryland_86896\86896_MD01_20180711\86896_MD01_AIFF\86896MD01_016K_M04_multi_20180722\86896MD01_016K_M04_multi_20180722_121500Z.aif,FALSE,,audio/aif,16000,16,23.5,,,,,
86896MD01_016K_M04_multi_20180722_123000Z.aif,2018_UnivMD_Maryland_86896_Dep01_20180711,dutyCycle,2018-07-22T12:31:59Z,\\Repnas\w\projects\2018_UnivMD_Maryland_86896\86896_MD01_20180711\86896_MD01_AIFF\86896MD01_016K_M04_multi_20180722\86896MD01_016K_M04_multi_20180722_123000Z.aif,FALSE,,audio/aif,16000,16,23.5,,,,,
86896MD01_016K_M04_multi_20180722_130000Z.aif,2018_UnivMD_Maryland_86896_Dep01_20180711,dutyCycle,2018-07-22T13:13:22Z,\\Repnas\w\projects\2018_UnivMD_Maryland_86896\86896_MD01_20180711\86896_MD01_AIFF\86896MD01_016K_M04_multi_20180722\86896MD01_016K_M04_multi_20180722_130000Z.aif,FALSE,,audio/aif,16000,16,23.5,,,,,
86896MD01_016K_M04_multi_20180722_181500Z.aif,2018_UnivMD_Maryland_86896_Dep01_20180711,dutyCycle,2018-07-22T18:27:07Z,\\Repnas\w\projects\2018_UnivMD_Maryland_86896\86896_MD01_20180711\86896_MD01_AIFF\86896MD01_016K_M04_multi_20180722\86896MD01_016K_M04_multi_20180722_181500Z.aif,FALSE,,audio/aif,16000,16,23.5,,,,,
86896MD01_016K_M04_multi_20180722_221500Z.aif,2018_UnivMD_Maryland_86896_Dep01_20180711,dutyCycle,2018-07-22T22:29:13Z,\\Repnas\w\projects\2018_UnivMD_Maryland_86896\86896_MD01_20180711\86896_MD01_AIFF\86896MD01_016K_M04_multi_20180722\86896MD01_016K_M04_multi_20180722_221500Z.aif,FALSE,,audio/aif,16000,16,23.5,,,,,
86896MD01_016K_M04_multi_20180723_070000Z.aif,2018_UnivMD_Maryland_86896_Dep01_20180711,dutyCycle,2018-07-23T07:01:51Z,\\Repnas\w\projects\2018_UnivMD_Maryland_86896\86896_MD01_20180711\86896_MD01_AIFF\86896MD01_016K_M04_multi_20180723\86896MD01_016K_M04_multi_20180723_070000Z.aif,FALSE,,audio/aif,16000,16,23.5,,,,,
86896MD01_016K_M04_multi_20180723_121500Z.aif,2018_UnivMD_Maryland_86896_Dep01_20180711,dutyCycle,2018-07-23T12:20:51Z,\\Repnas\w\projects\2018_UnivMD_Maryland_86896\86896_MD01_20180711\86896_MD01_AIFF\86896MD01_016K_M04_multi_20180723\86896MD01_016K_M04_multi_20180723_121500Z.aif,FALSE,,audio/aif,16000,16,23.5,,,,,
86896MD01_016K_M04_multi_20180723_181500Z.aif,2018_UnivMD_Maryland_86896_Dep01_20180711,dutyCycle,2018-07-23T18:19:05Z,\\Repnas\w\projects\2018_UnivMD_Maryland_86896\86896_MD01_20180711\86896_MD01_AIFF\86896MD01_016K_M04_multi_20180723\86896MD01_016K_M04_multi_20180723_181500Z.aif,FALSE,,audio/aif,16000,16,23.5,,,,,
86896MD01_016K_M04_multi_20180723_223000Z.aif,2018_UnivMD_Maryland_86896_Dep01_20180711,dutyCycle,2018-07-23T22:31:42Z,\\Repnas\w\projects\2018_UnivMD_Maryland_86896\86896_MD01_20180711\86896_MD01_AIFF\86896MD01_016K_M04_multi_20180723\86896MD01_016K_M04_multi_20180723_223000Z.aif,FALSE,,audio/aif,16000,16,23.5,,,,,
86896MD01_016K_M04_multi_20180724_173000Z.aif,2018_UnivMD_Maryland_86896_Dep01_20180711,dutyCycle,2018-07-24T17:43:51Z,\\Repnas\w\projects\2018_UnivMD_Maryland_86896\86896_MD01_20180711\86896_MD01_AIFF\86896MD01_016K_M04_multi_20180724\86896MD01_016K_M04_multi_20180724_173000Z.aif,FALSE,,audio/aif,16000,16,23.5,,,,,
86896MD01_016K_M04_multi_20180725_020000Z.aif,2018_UnivMD_Maryland_86896_Dep01_20180711,dutyCycle,2018-07-25T02:12:42Z,\\Repnas\w\projects\2018_UnivMD_Maryland_86896\86896_MD01_20180711\86896_MD01_AIFF\86896MD01_016K_M04_multi_20180725\86896MD01_016K_M04_multi_20180725_020000Z.aif,FALSE,,audio/aif,16000,16,23.5,,,,,
86896MD01_016K_M04_multi_20180725_030000Z.aif,2018_UnivMD_Maryland_86896_Dep01_20180711,dutyCycle,2018-07-25T03:04:20Z,\\Repnas\w\projects\2018_UnivMD_Maryland_86896\86896_MD01_20180711\86896_MD01_AIFF\86896MD01_016K_M04_multi_20180725\86896MD01_016K_M04_multi_20180725_030000Z.aif,FALSE,,audio/aif,16000,16,23.5,,,,,
86896MD01_016K_M04_multi_20180725_043000Z.aif,2018_UnivMD_Maryland_86896_Dep01_20180711,dutyCycle,2018-07-25T04:37:31Z,\\Repnas\w\projects\2018_UnivMD_Maryland_86896\86896_MD01_20180711\86896_MD01_AIFF\86896MD01_016K_M04_multi_20180725\86896MD01_016K_M04_multi_20180725_043000Z.aif,FALSE,,audio/aif,16000,16,23.5,,,,,
86896MD01_016K_M04_multi_20180725_051500Z.aif,2018_UnivMD_Maryland_86896_Dep01_20180711,dutyCycle,2018-07-25T05:25:19Z,\\Repnas\w\projects\2018_UnivMD_Maryland_86896\86896_MD01_20180711\86896_MD01_AIFF\86896MD01_016K_M04_multi_20180725\86896MD01_016K_M04_multi_20180725_051500Z.aif,FALSE,,audio/aif,16000,16,23.5,,,,,
86896MD01_016K_M04_multi_20180725_051500Z.aif,2018_UnivMD_Maryland_86896_Dep01_20180711,dutyCycle,2018-07-25T05:18:35Z,\\Repnas\w\projects\2018_UnivMD_Maryland_86896\86896_MD01_20180711\86896_MD01_AIFF\86896MD01_016K_M04_multi_20180725\86896MD01_016K_M04_multi_20180725_051500Z.aif,FALSE,,audio/aif,16000,16,23.5,,,,,
86896MD01_016K_M04_multi_20180725_051500Z.aif,2018_UnivMD_Maryland_86896_Dep01_20180711,dutyCycle,2018-07-25T05:23:38Z,\\Repnas\w\projects\2018_UnivMD_Maryland_86896\86896_MD01_20180711\86896_MD01_AIFF\86896MD01_016K_M04_multi_20180725\86896MD01_016K_M04_multi_20180725_051500Z.aif,FALSE,,audio/aif,16000,16,23.5,,,,,
86896MD01_016K_M04_multi_20180725_091500Z.aif,2018_UnivMD_Maryland_86896_Dep01_20180711,dutyCycle,2018-07-25T09:20:26Z,\\Repnas\w\projects\2018_UnivMD_Maryland_86896\86896_MD01_20180711\86896_MD01_AIFF\86896MD01_016K_M04_multi_20180725\86896MD01_016K_M04_multi_20180725_091500Z.aif,FALSE,,audio/aif,16000,16,23.5,,,,,
86896MD01_016K_M04_multi_20180725_094500Z.aif,2018_UnivMD_Maryland_86896_Dep01_20180711,dutyCycle,2018-07-25T09:56:31Z,\\Repnas\w\projects\2018_UnivMD_Maryland_86896\86896_MD01_20180711\86896_MD01_AIFF\86896MD01_016K_M04_multi_20180725\86896MD01_016K_M04_multi_20180725_094500Z.aif,FALSE,,audio/aif,16000,16,23.5,,,,,
86896MD01_016K_M04_multi_20180725_131500Z.aif,2018_UnivMD_Maryland_86896_Dep01_20180711,dutyCycle,2018-07-25T13:21:35Z,\\Repnas\w\projects\2018_UnivMD_Maryland_86896\86896_MD01_20180711\86896_MD01_AIFF\86896MD01_016K_M04_multi_20180725\86896MD01_016K_M04_multi_20180725_131500Z.aif,FALSE,,audio/aif,16000,16,23.5,,,,,
86896MD01_016K_M04_multi_20180725_134500Z.aif,2018_UnivMD_Maryland_86896_Dep01_20180711,dutyCycle,2018-07-25T13:46:22Z,\\Repnas\w\projects\2018_UnivMD_Maryland_86896\86896_MD01_20180711\86896_MD01_AIFF\86896MD01_016K_M04_multi_20180725\86896MD01_016K_M04_multi_20180725_134500Z.aif,FALSE,,audio/aif,16000,16,23.5,,,,,
86896MD01_016K_M04_multi_20180725_134500Z.aif,2018_UnivMD_Maryland_86896_Dep01_20180711,dutyCycle,2018-07-25T13:48:21Z,\\Repnas\w\projects\2018_UnivMD_Maryland_86896\86896_MD01_20180711\86896_MD01_AIFF\86896MD01_016K_M04_multi_20180725\86896MD01_016K_M04_multi_20180725_134500Z.aif,FALSE,,audio/aif,16000,16,23.5,,,,,
86896MD01_016K_M04_multi_20180725_163000Z.aif,2018_UnivMD_Maryland_86896_Dep01_20180711,dutyCycle,2018-07-25T16:31:41Z,\\Repnas\w\projects\2018_UnivMD_Maryland_86896\86896_MD01_20180711\86896_MD01_AIFF\86896MD01_016K_M04_multi_20180725\86896MD01_016K_M04_multi_20180725_163000Z.aif,FALSE,,audio/aif,16000,16,23.5,,,,,
86896MD01_016K_M04_multi_20180725_190000Z.aif,2018_UnivMD_Maryland_86896_Dep01_20180711,dutyCycle,2018-07-25T19:01:54Z,\\Repnas\w\projects\2018_UnivMD_Maryland_86896\86896_MD01_20180711\86896_MD01_AIFF\86896MD01_016K_M04_multi_20180725\86896MD01_016K_M04_multi_20180725_190000Z.aif,FALSE,,audio/aif,16000,16,23.5,,,,,
86896MD01_016K_M04_multi_20180726_083000Z.aif,2018_UnivMD_Maryland_86896_Dep01_20180711,dutyCycle,2018-07-26T08:36:31Z,\\Repnas\w\projects\2018_UnivMD_Maryland_86896\86896_MD01_20180711\86896_MD01_AIFF\86896MD01_016K_M04_multi_20180726\86896MD01_016K_M04_multi_20180726_083000Z.aif,FALSE,,audio/aif,16000,16,23.5,,,,,
86896MD01_016K_M04_multi_20180727_030000Z.aif,2018_UnivMD_Maryland_86896_Dep01_20180711,dutyCycle,2018-07-27T03:02:15Z,\\Repnas\w\projects\2018_UnivMD_Maryland_86896\86896_MD01_20180711\86896_MD01_AIFF\86896MD01_016K_M04_multi_20180727\86896MD01_016K_M04_multi_20180727_030000Z.aif,FALSE,,audio/aif,16000,16,23.5,,,,,
86896MD01_016K_M04_multi_20180727_054500Z.aif,2018_UnivMD_Maryland_86896_Dep01_20180711,dutyCycle,2018-07-27T05:49:01Z,\\Repnas\w\projects\2018_UnivMD_Maryland_86896\86896_MD01_20180711\86896_MD01_AIFF\86896MD01_016K_M04_multi_20180727\86896MD01_016K_M04_multi_20180727_054500Z.aif,FALSE,,audio/aif,16000,16,23.5,,,,,
86896MD01_016K_M04_multi_20180727_200000Z.aif,2018_UnivMD_Maryland_86896_Dep01_20180711,dutyCycle,2018-07-27T20:07:41Z,\\Repnas\w\projects\2018_UnivMD_Maryland_86896\86896_MD01_20180711\86896_MD01_AIFF\86896MD01_016K_M04_multi_20180727\86896MD01_016K_M04_multi_20180727_200000Z.aif,FALSE,,audio/aif,16000,16,23.5,,,,,
86896MD01_016K_M04_multi_20180727_204500Z.aif,2018_UnivMD_Maryland_86896_Dep01_20180711,dutyCycle,2018-07-27T20:53:09Z,\\Repnas\w\projects\2018_UnivMD_Maryland_86896\86896_MD01_20180711\86896_MD01_AIFF\86896MD01_016K_M04_multi_20180727\86896MD01_016K_M04_multi_20180727_204500Z.aif,FALSE,,audio/aif,16000,16,23.5,,,,,
86896MD01_016K_M04_multi_20180727_224500Z.aif,2018_UnivMD_Maryland_86896_Dep01_20180711,dutyCycle,2018-07-27T22:56:32Z,\\Repnas\w\projects\2018_UnivMD_Maryland_86896\86896_MD01_20180711\86896_MD01_AIFF\86896MD01_016K_M04_multi_20180727\86896MD01_016K_M04_multi_20180727_224500Z.aif,FALSE,,audio/aif,16000,16,23.5,,,,,
86896MD01_016K_M04_multi_20180728_141500Z.aif,2018_UnivMD_Maryland_86896_Dep01_20180711,dutyCycle,2018-07-28T14:25:57Z,\\Repnas\w\projects\2018_UnivMD_Maryland_86896\86896_MD01_20180711\86896_MD01_AIFF\86896MD01_016K_M04_multi_20180728\86896MD01_016K_M04_multi_20180728_141500Z.aif,FALSE,,audio/aif,16000,16,23.5,,,,,
86896MD01_016K_M04_multi_20180728_143000Z.aif,2018_UnivMD_Maryland_86896_Dep01_20180711,dutyCycle,2018-07-28T14:39:15Z,\\Repnas\w\projects\2018_UnivMD_Maryland_86896\86896_MD01_20180711\86896_MD01_AIFF\86896MD01_016K_M04_multi_20180728\86896MD01_016K_M04_multi_20180728_143000Z.aif,FALSE,,audio/aif,16000,16,23.5,,,,,
86896MD01_016K_M04_multi_20180728_180000Z.aif,2018_UnivMD_Maryland_86896_Dep01_20180711,dutyCycle,2018-07-28T18:09:35Z,\\Repnas\w\projects\2018_UnivMD_Maryland_86896\86896_MD01_20180711\86896_MD01_AIFF\86896MD01_016K_M04_multi_20180728\86896MD01_016K_M04_multi_20180728_180000Z.aif,FALSE,,audio/aif,16000,16,23.5,,,,,
86896MD01_016K_M04_multi_20180729_013000Z.aif,2018_UnivMD_Maryland_86896_Dep01_20180711,dutyCycle,2018-07-29T01:32:37Z,\\Repnas\w\projects\2018_UnivMD_Maryland_86896\86896_MD01_20180711\86896_MD01_AIFF\86896MD01_016K_M04_multi_20180729\86896MD01_016K_M04_multi_20180729_013000Z.aif,FALSE,,audio/aif,16000,16,23.5,,,,,
86896MD01_016K_M04_multi_20180730_023000Z.aif,2018_UnivMD_Maryland_86896_Dep01_20180711,dutyCycle,2018-07-30T02:37:55Z,\\Repnas\w\projects\2018_UnivMD_Maryland_86896\86896_MD01_20180711\86896_MD01_AIFF\86896MD01_016K_M04_multi_20180730\86896MD01_016K_M04_multi_20180730_023000Z.aif,FALSE,,audio/aif,16000,16,23.5,,,,,
86896MD01_016K_M04_multi_20180730_184500Z.aif,2018_UnivMD_Maryland_86896_Dep01_20180711,dutyCycle,2018-07-30T18:51:53Z,\\Repnas\w\projects\2018_UnivMD_Maryland_86896\86896_MD01_20180711\86896_MD01_AIFF\86896MD01_016K_M04_multi_20180730\86896MD01_016K_M04_multi_20180730_184500Z.aif,FALSE,,audio/aif,16000,16,23.5,,,,,
86896MD01_016K_M04_multi_20180730_213000Z.aif,2018_UnivMD_Maryland_86896_Dep01_20180711,dutyCycle,2018-07-30T21:30:50Z,\\Repnas\w\projects\2018_UnivMD_Maryland_86896\86896_MD01_20180711\86896_MD01_AIFF\86896MD01_016K_M04_multi_20180730\86896MD01_016K_M04_multi_20180730_213000Z.aif,FALSE,,audio/aif,16000,16,23.5,,,,,
86896MD01_016K_M04_multi_20180730_223000Z.aif,2018_UnivMD_Maryland_86896_Dep01_20180711,dutyCycle,2018-07-30T22:39:10Z,\\Repnas\w\projects\2018_UnivMD_Maryland_86896\86896_MD01_20180711\86896_MD01_AIFF\86896MD01_016K_M04_multi_20180730\86896MD01_016K_M04_multi_20180730_223000Z.aif,FALSE,,audio/aif,16000,16,23.5,,,,,
86896MD01_016K_M04_multi_20180731_123000Z.aif,2018_UnivMD_Maryland_86896_Dep01_20180711,dutyCycle,2018-07-31T12:40:21Z,\\Repnas\w\projects\2018_UnivMD_Maryland_86896\86896_MD01_20180711\86896_MD01_AIFF\86896MD01_016K_M04_multi_20180731\86896MD01_016K_M04_multi_20180731_123000Z.aif,FALSE,,audio/aif,16000,16,23.5,,,,,
86896MD01_016K_M04_multi_20180731_124500Z.aif,2018_UnivMD_Maryland_86896_Dep01_20180711,dutyCycle,2018-07-31T12:55:37Z,\\Repnas\w\projects\2018_UnivMD_Maryland_86896\86896_MD01_20180711\86896_MD01_AIFF\86896MD01_016K_M04_multi_20180731\86896MD01_016K_M04_multi_20180731_124500Z.aif,FALSE,,audio/aif,16000,16,23.5,,,,,
86896MD01_016K_M04_multi_20180731_163000Z.aif,2018_UnivMD_Maryland_86896_Dep01_20180711,dutyCycle,2018-07-31T16:40:37Z,\\Repnas\w\projects\2018_UnivMD_Maryland_86896\86896_MD01_20180711\86896_MD01_AIFF\86896MD01_016K_M04_multi_20180731\86896MD01_016K_M04_multi_20180731_163000Z.aif,FALSE,,audio/aif,16000,16,23.5,,,,,
86896MD01_016K_M04_multi_20180731_173000Z.aif,2018_UnivMD_Maryland_86896_Dep01_20180711,dutyCycle,2018-07-31T17:42:55Z,\\Repnas\w\projects\2018_UnivMD_Maryland_86896\86896_MD01_20180711\86896_MD01_AIFF\86896MD01_016K_M04_multi_20180731\86896MD01_016K_M04_multi_20180731_173000Z.aif,FALSE,,audio/aif,16000,16,23.5,,,,,
86896MD01_016K_M04_multi_20180731_203000Z.aif,2018_UnivMD_Maryland_86896_Dep01_20180711,dutyCycle,2018-07-31T20:44:15Z,\\Repnas\w\projects\2018_UnivMD_Maryland_86896\86896_MD01_20180711\86896_MD01_AIFF\86896MD01_016K_M04_multi_20180731\86896MD01_016K_M04_multi_20180731_203000Z.aif,FALSE,,audio/aif,16000,16,23.5,,,,,
86896MD01_016K_M04_multi_20180731_203000Z.aif,2018_UnivMD_Maryland_86896_Dep01_20180711,dutyCycle,2018-07-31T20:34:34Z,\\Repnas\w\projects\2018_UnivMD_Maryland_86896\86896_MD01_20180711\86896_MD01_AIFF\86896MD01_016K_M04_multi_20180731\86896MD01_016K_M04_multi_20180731_203000Z.aif,FALSE,,audio/aif,16000,16,23.5,,,,,
86896MD01_016K_M04_multi_20180731_203000Z.aif,2018_UnivMD_Maryland_86896_Dep01_20180711,dutyCycle,2018-07-31T20:43:57Z,\\Repnas\w\projects\2018_UnivMD_Maryland_86896\86896_MD01_20180711\86896_MD01_AIFF\86896MD01_016K_M04_multi_20180731\86896MD01_016K_M04_multi_20180731_203000Z.aif,FALSE,,audio/aif,16000,16,23.5,,,,,
86896MD01_016K_M04_multi_20180731_203000Z.aif,2018_UnivMD_Maryland_86896_Dep01_20180711,dutyCycle,2018-07-31T20:34:08Z,\\Repnas\w\projects\2018_UnivMD_Maryland_86896\86896_MD01_20180711\86896_MD01_AIFF\86896MD01_016K_M04_multi_20180731\86896MD01_016K_M04_multi_20180731_203000Z.aif,FALSE,,audio/aif,16000,16,23.5,,,,,
86896MD01_016K_M04_multi_20180731_204500Z.aif,2018_UnivMD_Maryland_86896_Dep01_20180711,dutyCycle,2018-07-31T20:47:16Z,\\Repnas\w\projects\2018_UnivMD_Maryland_86896\86896_MD01_20180711\86896_MD01_AIFF\86896MD01_016K_M04_multi_20180731\86896MD01_016K_M04_multi_20180731_204500Z.aif,FALSE,,audio/aif,16000,16,23.5,,,,,
86896MD01_016K_M04_multi_20180731_210000Z.aif,2018_UnivMD_Maryland_86896_Dep01_20180711,dutyCycle,2018-07-31T21:00:22Z,\\Repnas\w\projects\2018_UnivMD_Maryland_86896\86896_MD01_20180711\86896_MD01_AIFF\86896MD01_016K_M04_multi_20180731\86896MD01_016K_M04_multi_20180731_210000Z.aif,FALSE,,audio/aif,16000,16,23.5,,,,,
86896MD01_016K_M04_multi_20180731_211500Z.aif,2018_UnivMD_Maryland_86896_Dep01_20180711,dutyCycle,2018-07-31T21:16:40Z,\\Repnas\w\projects\2018_UnivMD_Maryland_86896\86896_MD01_20180711\86896_MD01_AIFF\86896MD01_016K_M04_multi_20180731\86896MD01_016K_M04_multi_20180731_211500Z.aif,FALSE,,audio/aif,16000,16,23.5,,,,,
86896MD01_016K_M04_multi_20180731_214500Z.aif,2018_UnivMD_Maryland_86896_Dep01_20180711,dutyCycle,2018-07-31T21:47:29Z,\\Repnas\w\projects\2018_UnivMD_Maryland_86896\86896_MD01_20180711\86896_MD01_AIFF\86896MD01_016K_M04_multi_20180731\86896MD01_016K_M04_multi_20180731_214500Z.aif,FALSE,,audio/aif,16000,16,23.5,,,,,
86896MD01_016K_M04_multi_20180731_231500Z.aif,2018_UnivMD_Maryland_86896_Dep01_20180711,dutyCycle,2018-07-31T23:16:27Z,\\Repnas\w\projects\2018_UnivMD_Maryland_86896\86896_MD01_20180711\86896_MD01_AIFF\86896MD01_016K_M04_multi_20180731\86896MD01_016K_M04_multi_20180731_231500Z.aif,FALSE,,audio/aif,16000,16,23.5,,,,,
86896MD01_016K_M04_multi_20180801_014500Z.aif,2018_UnivMD_Maryland_86896_Dep01_20180711,dutyCycle,2018-08-01T01:54:03Z,\\Repnas\w\projects\2018_UnivMD_Maryland_86896\86896_MD01_20180711\86896_MD01_AIFF\86896MD01_016K_M04_multi_20180801\86896MD01_016K_M04_multi_20180801_014500Z.aif,FALSE,,audio/aif,16000,16,23.5,,,,,
86896MD01_016K_M04_multi_20180801_114500Z.aif,2018_UnivMD_Maryland_86896_Dep01_20180711,dutyCycle,2018-08-01T11:53:59Z,\\Repnas\w\projects\2018_UnivMD_Maryland_86896\86896_MD01_20180711\86896_MD01_AIFF\86896MD01_016K_M04_multi_20180801\86896MD01_016K_M04_multi_20180801_114500Z.aif,FALSE,,audio/aif,16000,16,23.5,,,,,
86896MD01_016K_M04_multi_20180801_153000Z.aif,2018_UnivMD_Maryland_86896_Dep01_20180711,dutyCycle,2018-08-01T15:38:24Z,\\Repnas\w\projects\2018_UnivMD_Maryland_86896\86896_MD01_20180711\86896_MD01_AIFF\86896MD01_016K_M04_multi_20180801\86896MD01_016K_M04_multi_20180801_153000Z.aif,FALSE,,audio/aif,16000,16,23.5,,,,,
86896MD01_016K_M04_multi_20180801_200000Z.aif,2018_UnivMD_Maryland_86896_Dep01_20180711,dutyCycle,2018-08-01T20:01:29Z,\\Repnas\w\projects\2018_UnivMD_Maryland_86896\86896_MD01_20180711\86896_MD01_AIFF\86896MD01_016K_M04_multi_20180801\86896MD01_016K_M04_multi_20180801_200000Z.aif,FALSE,,audio/aif,16000,16,23.5,,,,,
86896MD01_016K_M04_multi_20180802_234500Z.aif,2018_UnivMD_Maryland_86896_Dep01_20180711,dutyCycle,2018-08-02T23:45:07Z,\\Repnas\w\projects\2018_UnivMD_Maryland_86896\86896_MD01_20180711\86896_MD01_AIFF\86896MD01_016K_M04_multi_20180802\86896MD01_016K_M04_multi_20180802_234500Z.aif,FALSE,,audio/aif,16000,16,23.5,,,,,
86896MD01_016K_M04_multi_20180803_061500Z.aif,2018_UnivMD_Maryland_86896_Dep01_20180711,dutyCycle,2018-08-03T06:15:21Z,\\Repnas\w\projects\2018_UnivMD_Maryland_86896\86896_MD01_20180711\86896_MD01_AIFF\86896MD01_016K_M04_multi_20180803\86896MD01_016K_M04_multi_20180803_061500Z.aif,FALSE,,audio/aif,16000,16,23.5,,,,,
86896MD01_016K_M04_multi_20180803_081500Z.aif,2018_UnivMD_Maryland_86896_Dep01_20180711,dutyCycle,2018-08-03T08:15:15Z,\\Repnas\w\projects\2018_UnivMD_Maryland_86896\86896_MD01_20180711\86896_MD01_AIFF\86896MD01_016K_M04_multi_20180803\86896MD01_016K_M04_multi_20180803_081500Z.aif,FALSE,,audio/aif,16000,16,23.5,,,,,
86896MD01_016K_M04_multi_20180803_140000Z.aif,2018_UnivMD_Maryland_86896_Dep01_20180711,dutyCycle,2018-08-03T14:05:16Z,\\Repnas\w\projects\2018_UnivMD_Maryland_86896\86896_MD01_20180711\86896_MD01_AIFF\86896MD01_016K_M04_multi_20180803\86896MD01_016K_M04_multi_20180803_140000Z.aif,FALSE,,audio/aif,16000,16,23.5,,,,,
86896MD01_016K_M04_multi_20180803_141500Z.aif,2018_UnivMD_Maryland_86896_Dep01_20180711,dutyCycle,2018-08-03T14:20:34Z,\\Repnas\w\projects\2018_UnivMD_Maryland_86896\86896_MD01_20180711\86896_MD01_AIFF\86896MD01_016K_M04_multi_20180803\86896MD01_016K_M04_multi_20180803_141500Z.aif,FALSE,,audio/aif,16000,16,23.5,,,,,
86896MD01_016K_M04_multi_20180803_174500Z.aif,2018_UnivMD_Maryland_86896_Dep01_20180711,dutyCycle,2018-08-03T17:47:20Z,\\Repnas\w\projects\2018_UnivMD_Maryland_86896\86896_MD01_20180711\86896_MD01_AIFF\86896MD01_016K_M04_multi_20180803\86896MD01_016K_M04_multi_20180803_174500Z.aif,FALSE,,audio/aif,16000,16,23.5,,,,,
86896MD01_016K_M04_multi_20180804_003000Z.aif,2018_UnivMD_Maryland_86896_Dep01_20180711,dutyCycle,2018-08-04T00:40:59Z,\\Repnas\w\projects\2018_UnivMD_Maryland_86896\86896_MD01_20180711\86896_MD01_AIFF\86896MD01_016K_M04_multi_20180804\86896MD01_016K_M04_multi_20180804_003000Z.aif,FALSE,,audio/aif,16000,16,23.5,,,,,
86896MD01_016K_M04_multi_20180804_081500Z.aif,2018_UnivMD_Maryland_86896_Dep01_20180711,dutyCycle,2018-08-04T08:17:17Z,\\Repnas\w\projects\2018_UnivMD_Maryland_86896\86896_MD01_20180711\86896_MD01_AIFF\86896MD01_016K_M04_multi_20180804\86896MD01_016K_M04_multi_20180804_081500Z.aif,FALSE,,audio/aif,16000,16,23.5,,,,,
86896MD01_016K_M04_multi_20180804_084500Z.aif,2018_UnivMD_Maryland_86896_Dep01_20180711,dutyCycle,2018-08-04T08:52:38Z,\\Repnas\w\projects\2018_UnivMD_Maryland_86896\86896_MD01_20180711\86896_MD01_AIFF\86896MD01_016K_M04_multi_20180804\86896MD01_016K_M04_multi_20180804_084500Z.aif,FALSE,,audio/aif,16000,16,23.5,,,,,
86896MD01_016K_M04_multi_20180804_131500Z.aif,2018_UnivMD_Maryland_86896_Dep01_20180711,dutyCycle,2018-08-04T13:20:37Z,\\Repnas\w\projects\2018_UnivMD_Maryland_86896\86896_MD01_20180711\86896_MD01_AIFF\86896MD01_016K_M04_multi_20180804\86896MD01_016K_M04_multi_20180804_131500Z.aif,FALSE,,audio/aif,16000,16,23.5,,,,,
86896MD01_016K_M04_multi_20180804_184500Z.aif,2018_UnivMD_Maryland_86896_Dep01_20180711,dutyCycle,2018-08-04T18:59:05Z,\\Repnas\w\projects\2018_UnivMD_Maryland_86896\86896_MD01_20180711\86896_MD01_AIFF\86896MD01_016K_M04_multi_20180804\86896MD01_016K_M04_multi_20180804_184500Z.aif,FALSE,,audio/aif,16000,16,23.5,,,,,
86896MD01_016K_M04_multi_20180804_200000Z.aif,2018_UnivMD_Maryland_86896_Dep01_20180711,dutyCycle,2018-08-04T20:03:07Z,\\Repnas\w\projects\2018_UnivMD_Maryland_86896\86896_MD01_20180711\86896_MD01_AIFF\86896MD01_016K_M04_multi_20180804\86896MD01_016K_M04_multi_20180804_200000Z.aif,FALSE,,audio/aif,16000,16,23.5,,,,,
86896MD01_016K_M04_multi_20180804_201500Z.aif,2018_UnivMD_Maryland_86896_Dep01_20180711,dutyCycle,2018-08-04T20:29:32Z,\\Repnas\w\projects\2018_UnivMD_Maryland_86896\86896_MD01_20180711\86896_MD01_AIFF\86896MD01_016K_M04_multi_20180804\86896MD01_016K_M04_multi_20180804_201500Z.aif,FALSE,,audio/aif,16000,16,23.5,,,,,
86896MD01_016K_M04_multi_20180804_210000Z.aif,2018_UnivMD_Maryland_86896_Dep01_20180711,dutyCycle,2018-08-04T21:06:09Z,\\Repnas\w\projects\2018_UnivMD_Maryland_86896\86896_MD01_20180711\86896_MD01_AIFF\86896MD01_016K_M04_multi_20180804\86896MD01_016K_M04_multi_20180804_210000Z.aif,FALSE,,audio/aif,16000,16,23.5,,,,,
86896MD01_016K_M04_multi_20180804_211500Z.aif,2018_UnivMD_Maryland_86896_Dep01_20180711,dutyCycle,2018-08-04T21:24:08Z,\\Repnas\w\projects\2018_UnivMD_Maryland_86896\86896_MD01_20180711\86896_MD01_AIFF\86896MD01_016K_M04_multi_20180804\86896MD01_016K_M04_multi_20180804_211500Z.aif,FALSE,,audio/aif,16000,16,23.5,,,,,
86896MD01_016K_M04_multi_20180804_230000Z.aif,2018_UnivMD_Maryland_86896_Dep01_20180711,dutyCycle,2018-08-04T23:08:17Z,\\Repnas\w\projects\2018_UnivMD_Maryland_86896\86896_MD01_20180711\86896_MD01_AIFF\86896MD01_016K_M04_multi_20180804\86896MD01_016K_M04_multi_20180804_230000Z.aif,FALSE,,audio/aif,16000,16,23.5,,,,,
86896MD01_016K_M04_multi_20180805_061500Z.aif,2018_UnivMD_Maryland_86896_Dep01_20180711,dutyCycle,2018-08-05T06:18:39Z,\\Repnas\w\projects\2018_UnivMD_Maryland_86896\86896_MD01_20180711\86896_MD01_AIFF\86896MD01_016K_M04_multi_20180805\86896MD01_016K_M04_multi_20180805_061500Z.aif,FALSE,,audio/aif,16000,16,23.5,,,,,
86896MD01_016K_M04_multi_20180805_120000Z.aif,2018_UnivMD_Maryland_86896_Dep01_20180711,dutyCycle,2018-08-05T12:10:30Z,\\Repnas\w\projects\2018_UnivMD_Maryland_86896\86896_MD01_20180711\86896_MD01_AIFF\86896MD01_016K_M04_multi_20180805\86896MD01_016K_M04_multi_20180805_120000Z.aif,FALSE,,audio/aif,16000,16,23.5,,,,,
86896MD01_016K_M04_multi_20180806_060000Z.aif,2018_UnivMD_Maryland_86896_Dep01_20180711,dutyCycle,2018-08-06T06:01:49Z,\\Repnas\w\projects\2018_UnivMD_Maryland_86896\86896_MD01_20180711\86896_MD01_AIFF\86896MD01_016K_M04_multi_20180806\86896MD01_016K_M04_multi_20180806_060000Z.aif,FALSE,,audio/aif,16000,16,23.5,,,,,
86896MD01_016K_M04_multi_20180806_090000Z.aif,2018_UnivMD_Maryland_86896_Dep01_20180711,dutyCycle,2018-08-06T09:02:31Z,\\Repnas\w\projects\2018_UnivMD_Maryland_86896\86896_MD01_20180711\86896_MD01_AIFF\86896MD01_016K_M04_multi_20180806\86896MD01_016K_M04_multi_20180806_090000Z.aif,FALSE,,audio/aif,16000,16,23.5,,,,,
86896MD01_016K_M04_multi_20180807_144500Z.aif,2018_UnivMD_Maryland_86896_Dep01_20180711,dutyCycle,2018-08-07T14:54:09Z,\\Repnas\w\projects\2018_UnivMD_Maryland_86896\86896_MD01_20180711\86896_MD01_AIFF\86896MD01_016K_M04_multi_20180807\86896MD01_016K_M04_multi_20180807_144500Z.aif,FALSE,,audio/aif,16000,16,23.5,,,,,
86896MD01_016K_M04_multi_20180807_144500Z.aif,2018_UnivMD_Maryland_86896_Dep01_20180711,dutyCycle,2018-08-07T14:57:58Z,\\Repnas\w\projects\2018_UnivMD_Maryland_86896\86896_MD01_20180711\86896_MD01_AIFF\86896MD01_016K_M04_multi_20180807\86896MD01_016K_M04_multi_20180807_144500Z.aif,FALSE,,audio/aif,16000,16,23.5,,,,,
86896MD01_016K_M04_multi_20180807_233000Z.aif,2018_UnivMD_Maryland_86896_Dep01_20180711,dutyCycle,2018-08-07T23:37:55Z,\\Repnas\w\projects\2018_UnivMD_Maryland_86896\86896_MD01_20180711\86896_MD01_AIFF\86896MD01_016K_M04_multi_20180807\86896MD01_016K_M04_multi_20180807_233000Z.aif,FALSE,,audio/aif,16000,16,23.5,,,,,
86896MD01_016K_M04_multi_20180808_043000Z.aif,2018_UnivMD_Maryland_86896_Dep01_20180711,dutyCycle,2018-08-08T04:43:55Z,\\Repnas\w\projects\2018_UnivMD_Maryland_86896\86896_MD01_20180711\86896_MD01_AIFF\86896MD01_016K_M04_multi_20180808\86896MD01_016K_M04_multi_20180808_043000Z.aif,FALSE,,audio/aif,16000,16,23.5,,,,,
86896MD01_016K_M04_multi_20180808_044500Z.aif,2018_UnivMD_Maryland_86896_Dep01_20180711,dutyCycle,2018-08-08T04:48:18Z,\\Repnas\w\projects\2018_UnivMD_Maryland_86896\86896_MD01_20180711\86896_MD01_AIFF\86896MD01_016K_M04_multi_20180808\86896MD01_016K_M04_multi_20180808_044500Z.aif,FALSE,,audio/aif,16000,16,23.5,,,,,
86896MD01_016K_M04_multi_20180808_050000Z.aif,2018_UnivMD_Maryland_86896_Dep01_20180711,dutyCycle,2018-08-08T05:05:13Z,\\Repnas\w\projects\2018_UnivMD_Maryland_86896\86896_MD01_20180711\86896_MD01_AIFF\86896MD01_016K_M04_multi_20180808\86896MD01_016K_M04_multi_20180808_050000Z.aif,FALSE,,audio/aif,16000,16,23.5,,,,,
86896MD01_016K_M04_multi_20180808_091500Z.aif,2018_UnivMD_Maryland_86896_Dep01_20180711,dutyCycle,2018-08-08T09:20:07Z,\\Repnas\w\projects\2018_UnivMD_Maryland_86896\86896_MD01_20180711\86896_MD01_AIFF\86896MD01_016K_M04_multi_20180808\86896MD01_016K_M04_multi_20180808_091500Z.aif,FALSE,,audio/aif,16000,16,23.5,,,,,
86896MD01_016K_M04_multi_20180808_101500Z.aif,2018_UnivMD_Maryland_86896_Dep01_20180711,dutyCycle,2018-08-08T10:27:04Z,\\Repnas\w\projects\2018_UnivMD_Maryland_86896\86896_MD01_20180711\86896_MD01_AIFF\86896MD01_016K_M04_multi_20180808\86896MD01_016K_M04_multi_20180808_101500Z.aif,FALSE,,audio/aif,16000,16,23.5,,,,,
86896MD01_016K_M04_multi_20180808_104500Z.aif,2018_UnivMD_Maryland_86896_Dep01_20180711,dutyCycle,2018-08-08T10:55:57Z,\\Repnas\w\projects\2018_UnivMD_Maryland_86896\86896_MD01_20180711\86896_MD01_AIFF\86896MD01_016K_M04_multi_20180808\86896MD01_016K_M04_multi_20180808_104500Z.aif,FALSE,,audio/aif,16000,16,23.5,,,,,
86896MD01_016K_M04_multi_20180808_140000Z.aif,2018_UnivMD_Maryland_86896_Dep01_20180711,dutyCycle,2018-08-08T14:09:40Z,\\Repnas\w\projects\2018_UnivMD_Maryland_86896\86896_MD01_20180711\86896_MD01_AIFF\86896MD01_016K_M04_multi_20180808\86896MD01_016K_M04_multi_20180808_140000Z.aif,FALSE,,audio/aif,16000,16,23.5,,,,,
86896MD01_016K_M04_multi_20180808_141500Z.aif,2018_UnivMD_Maryland_86896_Dep01_20180711,dutyCycle,2018-08-08T14:22:48Z,\\Repnas\w\projects\2018_UnivMD_Maryland_86896\86896_MD01_20180711\86896_MD01_AIFF\86896MD01_016K_M04_multi_20180808\86896MD01_016K_M04_multi_20180808_141500Z.aif,FALSE,,audio/aif,16000,16,23.5,,,,,
86896MD01_016K_M04_multi_20180808_184500Z.aif,2018_UnivMD_Maryland_86896_Dep01_20180711,dutyCycle,2018-08-08T18:48:06Z,\\Repnas\w\projects\2018_UnivMD_Maryland_86896\86896_MD01_20180711\86896_MD01_AIFF\86896MD01_016K_M04_multi_20180808\86896MD01_016K_M04_multi_20180808_184500Z.aif,FALSE,,audio/aif,16000,16,23.5,,,,,
86896MD01_016K_M04_multi_20180808_224500Z.aif,2018_UnivMD_Maryland_86896_Dep01_20180711,dutyCycle,2018-08-08T22:59:39Z,\\Repnas\w\projects\2018_UnivMD_Maryland_86896\86896_MD01_20180711\86896_MD01_AIFF\86896MD01_016K_M04_multi_20180808\86896MD01_016K_M04_multi_20180808_224500Z.aif,FALSE,,audio/aif,16000,16,23.5,,,,,
86896MD01_016K_M04_multi_20180808_230000Z.aif,2018_UnivMD_Maryland_86896_Dep01_20180711,dutyCycle,2018-08-08T23:12:00Z,\\Repnas\w\projects\2018_UnivMD_Maryland_86896\86896_MD01_20180711\86896_MD01_AIFF\86896MD01_016K_M04_multi_20180808\86896MD01_016K_M04_multi_20180808_230000Z.aif,FALSE,,audio/aif,16000,16,23.5,,,,,
86896MD01_016K_M04_multi_20180808_230000Z.aif,2018_UnivMD_Maryland_86896_Dep01_20180711,dutyCycle,2018-08-08T23:08:52Z,\\Repnas\w\projects\2018_UnivMD_Maryland_86896\86896_MD01_20180711\86896_MD01_AIFF\86896MD01_016K_M04_multi_20180808\86896MD01_016K_M04_multi_20180808_230000Z.aif,FALSE,,audio/aif,16000,16,23.5,,,,,
86896MD01_016K_M04_multi_20180808_230000Z.aif,2018_UnivMD_Maryland_86896_Dep01_20180711,dutyCycle,2018-08-08T23:08:46Z,\\Repnas\w\projects\2018_UnivMD_Maryland_86896\86896_MD01_20180711\86896_MD01_AIFF\86896MD01_016K_M04_multi_20180808\86896MD01_016K_M04_multi_20180808_230000Z.aif,FALSE,,audio/aif,16000,16,23.5,,,,,
86896MD01_016K_M04_multi_20180808_231500Z.aif,2018_UnivMD_Maryland_86896_Dep01_20180711,dutyCycle,2018-08-08T23:24:50Z,\\Repnas\w\projects\2018_UnivMD_Maryland_86896\86896_MD01_20180711\86896_MD01_AIFF\86896MD01_016K_M04_multi_20180808\86896MD01_016K_M04_multi_20180808_231500Z.aif,FALSE,,audio/aif,16000,16,23.5,,,,,
86896MD01_016K_M04_multi_20180808_233000Z.aif,2018_UnivMD_Maryland_86896_Dep01_20180711,dutyCycle,2018-08-08T23:44:22Z,\\Repnas\w\projects\2018_UnivMD_Maryland_86896\86896_MD01_20180711\86896_MD01_AIFF\86896MD01_016K_M04_multi_20180808\86896MD01_016K_M04_multi_20180808_233000Z.aif,FALSE,,audio/aif,16000,16,23.5,,,,,
86896MD01_016K_M04_multi_20180809_000000Z.aif,2018_UnivMD_Maryland_86896_Dep01_20180711,dutyCycle,2018-08-09T00:00:23Z,\\Repnas\w\projects\2018_UnivMD_Maryland_86896\86896_MD01_20180711\86896_MD01_AIFF\86896MD01_016K_M04_multi_20180809\86896MD01_016K_M04_multi_20180809_000000Z.aif,FALSE,,audio/aif,16000,16,23.5,,,,,
86896MD01_016K_M04_multi_20180809_163000Z.aif,2018_UnivMD_Maryland_86896_Dep01_20180711,dutyCycle,2018-08-09T16:39:07Z,\\Repnas\w\projects\2018_UnivMD_Maryland_86896\86896_MD01_20180711\86896_MD01_AIFF\86896MD01_016K_M04_multi_20180809\86896MD01_016K_M04_multi_20180809_163000Z.aif,FALSE,,audio/aif,16000,16,23.5,,,,,
86896MD01_016K_M04_multi_20180809_211500Z.aif,2018_UnivMD_Maryland_86896_Dep01_20180711,dutyCycle,2018-08-09T21:15:58Z,\\Repnas\w\projects\2018_UnivMD_Maryland_86896\86896_MD01_20180711\86896_MD01_AIFF\86896MD01_016K_M04_multi_20180809\86896MD01_016K_M04_multi_20180809_211500Z.aif,FALSE,,audio/aif,16000,16,23.5,,,,,
86896MD01_016K_M04_multi_20180809_231500Z.aif,2018_UnivMD_Maryland_86896_Dep01_20180711,dutyCycle,2018-08-09T23:25:26Z,\\Repnas\w\projects\2018_UnivMD_Maryland_86896\86896_MD01_20180711\86896_MD01_AIFF\86896MD01_016K_M04_multi_20180809\86896MD01_016K_M04_multi_20180809_231500Z.aif,FALSE,,audio/aif,16000,16,23.5,,,,,
86896MD01_016K_M04_multi_20180809_233000Z.aif,2018_UnivMD_Maryland_86896_Dep01_20180711,dutyCycle,2018-08-09T23:34:21Z,\\Repnas\w\projects\2018_UnivMD_Maryland_86896\86896_MD01_20180711\86896_MD01_AIFF\86896MD01_016K_M04_multi_20180809\86896MD01_016K_M04_multi_20180809_233000Z.aif,FALSE,,audio/aif,16000,16,23.5,,,,,
86896MD01_016K_M04_multi_20180810_124500Z.aif,2018_UnivMD_Maryland_86896_Dep01_20180711,dutyCycle,2018-08-10T12:46:16Z,\\Repnas\w\projects\2018_UnivMD_Maryland_86896\86896_MD01_20180711\86896_MD01_AIFF\86896MD01_016K_M04_multi_20180810\86896MD01_016K_M04_multi_20180810_124500Z.aif,FALSE,,audio/aif,16000,16,23.5,,,,,
86896MD01_016K_M04_multi_20180811_234500Z.aif,2018_UnivMD_Maryland_86896_Dep01_20180711,dutyCycle,2018-08-11T23:50:53Z,\\Repnas\w\projects\2018_UnivMD_Maryland_86896\86896_MD01_20180711\86896_MD01_AIFF\86896MD01_016K_M04_multi_20180811\86896MD01_016K_M04_multi_20180811_234500Z.aif,FALSE,,audio/aif,16000,16,23.5,,,,,
86896MD01_016K_M04_multi_20180812_124500Z.aif,2018_UnivMD_Maryland_86896_Dep01_20180711,dutyCycle,2018-08-12T12:52:11Z,\\Repnas\w\projects\2018_UnivMD_Maryland_86896\86896_MD01_20180711\86896_MD01_AIFF\86896MD01_016K_M04_multi_20180812\86896MD01_016K_M04_multi_20180812_124500Z.aif,FALSE,,audio/aif,16000,16,23.5,,,,,
86896MD01_016K_M04_multi_20180812_130000Z.aif,2018_UnivMD_Maryland_86896_Dep01_20180711,dutyCycle,2018-08-12T13:13:08Z,\\Repnas\w\projects\2018_UnivMD_Maryland_86896\86896_MD01_20180711\86896_MD01_AIFF\86896MD01_016K_M04_multi_20180812\86896MD01_016K_M04_multi_20180812_130000Z.aif,FALSE,,audio/aif,16000,16,23.5,,,,,
86896MD01_016K_M04_multi_20180813_090000Z.aif,2018_UnivMD_Maryland_86896_Dep01_20180711,dutyCycle,2018-08-13T09:13:30Z,\\Repnas\w\projects\2018_UnivMD_Maryland_86896\86896_MD01_20180711\86896_MD01_AIFF\86896MD01_016K_M04_multi_20180813\86896MD01_016K_M04_multi_20180813_090000Z.aif,FALSE,,audio/aif,16000,16,23.5,,,,,
86896MD01_016K_M04_multi_20180813_211500Z.aif,2018_UnivMD_Maryland_86896_Dep01_20180711,dutyCycle,2018-08-13T21:15:04Z,\\Repnas\w\projects\2018_UnivMD_Maryland_86896\86896_MD01_20180711\86896_MD01_AIFF\86896MD01_016K_M04_multi_20180813\86896MD01_016K_M04_multi_20180813_211500Z.aif,FALSE,,audio/aif,16000,16,23.5,,,,,
86896MD01_016K_M04_multi_20180813_224500Z.aif,2018_UnivMD_Maryland_86896_Dep01_20180711,dutyCycle,2018-08-13T22:46:41Z,\\Repnas\w\projects\2018_UnivMD_Maryland_86896\86896_MD01_20180711\86896_MD01_AIFF\86896MD01_016K_M04_multi_20180813\86896MD01_016K_M04_multi_20180813_224500Z.aif,FALSE,,audio/aif,16000,16,23.5,,,,,
86896MD01_016K_M04_multi_20180813_234500Z.aif,2018_UnivMD_Maryland_86896_Dep01_20180711,dutyCycle,2018-08-13T23:46:02Z,\\Repnas\w\projects\2018_UnivMD_Maryland_86896\86896_MD01_20180711\86896_MD01_AIFF\86896MD01_016K_M04_multi_20180813\86896MD01_016K_M04_multi_20180813_234500Z.aif,FALSE,,audio/aif,16000,16,23.5,,,,,
86896MD01_016K_M04_multi_20180814_041500Z.aif,2018_UnivMD_Maryland_86896_Dep01_20180711,dutyCycle,2018-08-14T04:22:49Z,\\Repnas\w\projects\2018_UnivMD_Maryland_86896\86896_MD01_20180711\86896_MD01_AIFF\86896MD01_016K_M04_multi_20180814\86896MD01_016K_M04_multi_20180814_041500Z.aif,FALSE,,audio/aif,16000,16,23.5,,,,,
86896MD01_016K_M04_multi_20180814_093000Z.aif,2018_UnivMD_Maryland_86896_Dep01_20180711,dutyCycle,2018-08-14T09:31:36Z,\\Repnas\w\projects\2018_UnivMD_Maryland_86896\86896_MD01_20180711\86896_MD01_AIFF\86896MD01_016K_M04_multi_20180814\86896MD01_016K_M04_multi_20180814_093000Z.aif,FALSE,,audio/aif,16000,16,23.5,,,,,
86896MD01_016K_M04_multi_20180814_094500Z.aif,2018_UnivMD_Maryland_86896_Dep01_20180711,dutyCycle,2018-08-14T09:47:45Z,\\Repnas\w\projects\2018_UnivMD_Maryland_86896\86896_MD01_20180711\86896_MD01_AIFF\86896MD01_016K_M04_multi_20180814\86896MD01_016K_M04_multi_20180814_094500Z.aif,FALSE,,audio/aif,16000,16,23.5,,,,,
86896MD01_016K_M04_multi_20180814_141500Z.aif,2018_UnivMD_Maryland_86896_Dep01_20180711,dutyCycle,2018-08-14T14:22:58Z,\\Repnas\w\projects\2018_UnivMD_Maryland_86896\86896_MD01_20180711\86896_MD01_AIFF\86896MD01_016K_M04_multi_20180814\86896MD01_016K_M04_multi_20180814_141500Z.aif,FALSE,,audio/aif,16000,16,23.5,,,,,
86896MD01_016K_M04_multi_20180814_141500Z.aif,2018_UnivMD_Maryland_86896_Dep01_20180711,dutyCycle,2018-08-14T14:20:44Z,\\Repnas\w\projects\2018_UnivMD_Maryland_86896\86896_MD01_20180711\86896_MD01_AIFF\86896MD01_016K_M04_multi_20180814\86896MD01_016K_M04_multi_20180814_141500Z.aif,FALSE,,audio/aif,16000,16,23.5,,,,,
86896MD01_016K_M04_multi_20180814_143000Z.aif,2018_UnivMD_Maryland_86896_Dep01_20180711,dutyCycle,2018-08-14T14:39:52Z,\\Repnas\w\projects\2018_UnivMD_Maryland_86896\86896_MD01_20180711\86896_MD01_AIFF\86896MD01_016K_M04_multi_20180814\86896MD01_016K_M04_multi_20180814_143000Z.aif,FALSE,,audio/aif,16000,16,23.5,,,,,
86896MD01_016K_M04_multi_20180814_143000Z.aif,2018_UnivMD_Maryland_86896_Dep01_20180711,dutyCycle,2018-08-14T14:35:40Z,\\Repnas\w\projects\2018_UnivMD_Maryland_86896\86896_MD01_20180711\86896_MD01_AIFF\86896MD01_016K_M04_multi_20180814\86896MD01_016K_M04_multi_20180814_143000Z.aif,FALSE,,audio/aif,16000,16,23.5,,,,,
86896MD01_016K_M04_multi_20180814_150000Z.aif,2018_UnivMD_Maryland_86896_Dep01_20180711,dutyCycle,2018-08-14T15:01:00Z,\\Repnas\w\projects\2018_UnivMD_Maryland_86896\86896_MD01_20180711\86896_MD01_AIFF\86896MD01_016K_M04_multi_20180814\86896MD01_016K_M04_multi_20180814_150000Z.aif,FALSE,,audio/aif,16000,16,23.5,,,,,
86896MD01_016K_M04_multi_20180814_181500Z.aif,2018_UnivMD_Maryland_86896_Dep01_20180711,dutyCycle,2018-08-14T18:24:02Z,\\Repnas\w\projects\2018_UnivMD_Maryland_86896\86896_MD01_20180711\86896_MD01_AIFF\86896MD01_016K_M04_multi_20180814\86896MD01_016K_M04_multi_20180814_181500Z.aif,FALSE,,audio/aif,16000,16,23.5,,,,,
86896MD01_016K_M04_multi_20180815_010000Z.aif,2018_UnivMD_Maryland_86896_Dep01_20180711,dutyCycle,2018-08-15T01:07:21Z,\\Repnas\w\projects\2018_UnivMD_Maryland_86896\86896_MD01_20180711\86896_MD01_AIFF\86896MD01_016K_M04_multi_20180815\86896MD01_016K_M04_multi_20180815_010000Z.aif,FALSE,,audio/aif,16000,16,23.5,,,,,
86896MD01_016K_M04_multi_20180815_011500Z.aif,2018_UnivMD_Maryland_86896_Dep01_20180711,dutyCycle,2018-08-15T01:27:20Z,\\Repnas\w\projects\2018_UnivMD_Maryland_86896\86896_MD01_20180711\86896_MD01_AIFF\86896MD01_016K_M04_multi_20180815\86896MD01_016K_M04_multi_20180815_011500Z.aif,FALSE,,audio/aif,16000,16,23.5,,,,,
86896MD01_016K_M04_multi_20180815_021500Z.aif,2018_UnivMD_Maryland_86896_Dep01_20180711,dutyCycle,2018-08-15T02:20:05Z,\\Repnas\w\projects\2018_UnivMD_Maryland_86896\86896_MD01_20180711\86896_MD01_AIFF\86896MD01_016K_M04_multi_20180815\86896MD01_016K_M04_multi_20180815_021500Z.aif,FALSE,,audio/aif,16000,16,23.5,,,,,
86896MD01_016K_M04_multi_20180815_021500Z.aif,2018_UnivMD_Maryland_86896_Dep01_20180711,dutyCycle,2018-08-15T02:29:36Z,\\Repnas\w\projects\2018_UnivMD_Maryland_86896\86896_MD01_20180711\86896_MD01_AIFF\86896MD01_016K_M04_multi_20180815\86896MD01_016K_M04_multi_20180815_021500Z.aif,FALSE,,audio/aif,16000,16,23.5,,,,,
86896MD01_016K_M04_multi_20180815_021500Z.aif,2018_UnivMD_Maryland_86896_Dep01_20180711,dutyCycle,2018-08-15T02:19:36Z,\\Repnas\w\projects\2018_UnivMD_Maryland_86896\86896_MD01_20180711\86896_MD01_AIFF\86896MD01_016K_M04_multi_20180815\86896MD01_016K_M04_multi_20180815_021500Z.aif,FALSE,,audio/aif,16000,16,23.5,,,,,
86896MD01_016K_M04_multi_20180815_023000Z.aif,2018_UnivMD_Maryland_86896_Dep01_20180711,dutyCycle,2018-08-15T02:34:33Z,\\Repnas\w\projects\2018_UnivMD_Maryland_86896\86896_MD01_20180711\86896_MD01_AIFF\86896MD01_016K_M04_multi_20180815\86896MD01_016K_M04_multi_20180815_023000Z.aif,FALSE,,audio/aif,16000,16,23.5,,,,,
86896MD01_016K_M04_multi_20180815_030000Z.aif,2018_UnivMD_Maryland_86896_Dep01_20180711,dutyCycle,2018-08-15T03:02:33Z,\\Repnas\w\projects\2018_UnivMD_Maryland_86896\86896_MD01_20180711\86896_MD01_AIFF\86896MD01_016K_M04_multi_20180815\86896MD01_016K_M04_multi_20180815_030000Z.aif,FALSE,,audio/aif,16000,16,23.5,,,,,
86896MD01_016K_M04_multi_20180815_154500Z.aif,2018_UnivMD_Maryland_86896_Dep01_20180711,dutyCycle,2018-08-15T15:49:11Z,\\Repnas\w\projects\2018_UnivMD_Maryland_86896\86896_MD01_20180711\86896_MD01_AIFF\86896MD01_016K_M04_multi_20180815\86896MD01_016K_M04_multi_20180815_154500Z.aif,FALSE,,audio/aif,16000,16,23.5,,,,,
86896MD01_016K_M04_multi_20180815_211500Z.aif,2018_UnivMD_Maryland_86896_Dep01_20180711,dutyCycle,2018-08-15T21:19:46Z,\\Repnas\w\projects\2018_UnivMD_Maryland_86896\86896_MD01_20180711\86896_MD01_AIFF\86896MD01_016K_M04_multi_20180815\86896MD01_016K_M04_multi_20180815_211500Z.aif,FALSE,,audio/aif,16000,16,23.5,,,,,
86896MD01_016K_M04_multi_20180815_214500Z.aif,2018_UnivMD_Maryland_86896_Dep01_20180711,dutyCycle,2018-08-15T21:59:34Z,\\Repnas\w\projects\2018_UnivMD_Maryland_86896\86896_MD01_20180711\86896_MD01_AIFF\86896MD01_016K_M04_multi_20180815\86896MD01_016K_M04_multi_20180815_214500Z.aif,FALSE,,audio/aif,16000,16,23.5,,,,,
86896MD01_016K_M04_multi_20180816_011500Z.aif,2018_UnivMD_Maryland_86896_Dep01_20180711,dutyCycle,2018-08-16T01:26:05Z,\\Repnas\w\projects\2018_UnivMD_Maryland_86896\86896_MD01_20180711\86896_MD01_AIFF\86896MD01_016K_M04_multi_20180816\86896MD01_016K_M04_multi_20180816_011500Z.aif,FALSE,,audio/aif,16000,16,23.5,,,,,
86896MD01_016K_M04_multi_20180816_021500Z.aif,2018_UnivMD_Maryland_86896_Dep01_20180711,dutyCycle,2018-08-16T02:23:02Z,\\Repnas\w\projects\2018_UnivMD_Maryland_86896\86896_MD01_20180711\86896_MD01_AIFF\86896MD01_016K_M04_multi_20180816\86896MD01_016K_M04_multi_20180816_021500Z.aif,FALSE,,audio/aif,16000,16,23.5,,,,,
86896MD01_016K_M04_multi_20180816_043000Z.aif,2018_UnivMD_Maryland_86896_Dep01_20180711,dutyCycle,2018-08-16T04:32:16Z,\\Repnas\w\projects\2018_UnivMD_Maryland_86896\86896_MD01_20180711\86896_MD01_AIFF\86896MD01_016K_M04_multi_20180816\86896MD01_016K_M04_multi_20180816_043000Z.aif,FALSE,,audio/aif,16000,16,23.5,,,,,
86896MD01_016K_M04_multi_20180816_090000Z.aif,2018_UnivMD_Maryland_86896_Dep01_20180711,dutyCycle,2018-08-16T09:07:21Z,\\Repnas\w\projects\2018_UnivMD_Maryland_86896\86896_MD01_20180711\86896_MD01_AIFF\86896MD01_016K_M04_multi_20180816\86896MD01_016K_M04_multi_20180816_090000Z.aif,FALSE,,audio/aif,16000,16,23.5,,,,,
86896MD01_016K_M04_multi_20180816_114500Z.aif,2018_UnivMD_Maryland_86896_Dep01_20180711,dutyCycle,2018-08-16T11:59:26Z,\\Repnas\w\projects\2018_UnivMD_Maryland_86896\86896_MD01_20180711\86896_MD01_AIFF\86896MD01_016K_M04_multi_20180816\86896MD01_016K_M04_multi_20180816_114500Z.aif,FALSE,,audio/aif,16000,16,23.5,,,,,
86896MD01_016K_M04_multi_20180816_143000Z.aif,2018_UnivMD_Maryland_86896_Dep01_20180711,dutyCycle,2018-08-16T14:30:02Z,\\Repnas\w\projects\2018_UnivMD_Maryland_86896\86896_MD01_20180711\86896_MD01_AIFF\86896MD01_016K_M04_multi_20180816\86896MD01_016K_M04_multi_20180816_143000Z.aif,FALSE,,audio/aif,16000,16,23.5,,,,,
86896MD01_016K_M04_multi_20180816_174500Z.aif,2018_UnivMD_Maryland_86896_Dep01_20180711,dutyCycle,2018-08-16T17:57:29Z,\\Repnas\w\projects\2018_UnivMD_Maryland_86896\86896_MD01_20180711\86896_MD01_AIFF\86896MD01_016K_M04_multi_20180816\86896MD01_016K_M04_multi_20180816_174500Z.aif,FALSE,,audio/aif,16000,16,23.5,,,,,
86896MD01_016K_M04_multi_20180816_191500Z.aif,2018_UnivMD_Maryland_86896_Dep01_20180711,dutyCycle,2018-08-16T19:16:15Z,\\Repnas\w\projects\2018_UnivMD_Maryland_86896\86896_MD01_20180711\86896_MD01_AIFF\86896MD01_016K_M04_multi_20180816\86896MD01_016K_M04_multi_20180816_191500Z.aif,FALSE,,audio/aif,16000,16,23.5,,,,,
86896MD01_016K_M04_multi_20180816_193000Z.aif,2018_UnivMD_Maryland_86896_Dep01_20180711,dutyCycle,2018-08-16T19:40:36Z,\\Repnas\w\projects\2018_UnivMD_Maryland_86896\86896_MD01_20180711\86896_MD01_AIFF\86896MD01_016K_M04_multi_20180816\86896MD01_016K_M04_multi_20180816_193000Z.aif,FALSE,,audio/aif,16000,16,23.5,,,,,
86896MD01_016K_M04_multi_20180816_193000Z.aif,2018_UnivMD_Maryland_86896_Dep01_20180711,dutyCycle,2018-08-16T19:38:50Z,\\Repnas\w\projects\2018_UnivMD_Maryland_86896\86896_MD01_20180711\86896_MD01_AIFF\86896MD01_016K_M04_multi_20180816\86896MD01_016K_M04_multi_20180816_193000Z.aif,FALSE,,audio/aif,16000,16,23.5,,,,,
86896MD01_016K_M04_multi_20180816_194500Z.aif,2018_UnivMD_Maryland_86896_Dep01_20180711,dutyCycle,2018-08-16T19:47:11Z,\\Repnas\w\projects\2018_UnivMD_Maryland_86896\86896_MD01_20180711\86896_MD01_AIFF\86896MD01_016K_M04_multi_20180816\86896MD01_016K_M04_multi_20180816_194500Z.aif,FALSE,,audio/aif,16000,16,23.5,,,,,
86896MD01_016K_M04_multi_20180817_011500Z.aif,2018_UnivMD_Maryland_86896_Dep01_20180711,dutyCycle,2018-08-17T01:17:04Z,\\Repnas\w\projects\2018_UnivMD_Maryland_86896\86896_MD01_20180711\86896_MD01_AIFF\86896MD01_016K_M04_multi_20180817\86896MD01_016K_M04_multi_20180817_011500Z.aif,FALSE,,audio/aif,16000,16,23.5,,,,,
86896MD01_016K_M04_multi_20180817_021500Z.aif,2018_UnivMD_Maryland_86896_Dep01_20180711,dutyCycle,2018-08-17T02:23:14Z,\\Repnas\w\projects\2018_UnivMD_Maryland_86896\86896_MD01_20180711\86896_MD01_AIFF\86896MD01_016K_M04_multi_20180817\86896MD01_016K_M04_multi_20180817_021500Z.aif,FALSE,,audio/aif,16000,16,23.5,,,,,
86896MD01_016K_M04_multi_20180817_061500Z.aif,2018_UnivMD_Maryland_86896_Dep01_20180711,dutyCycle,2018-08-17T06:17:47Z,\\Repnas\w\projects\2018_UnivMD_Maryland_86896\86896_MD01_20180711\86896_MD01_AIFF\86896MD01_016K_M04_multi_20180817\86896MD01_016K_M04_multi_20180817_061500Z.aif,FALSE,,audio/aif,16000,16,23.5,,,,,
86896MD01_016K_M04_multi_20180817_084500Z.aif,2018_UnivMD_Maryland_86896_Dep01_20180711,dutyCycle,2018-08-17T08:57:53Z,\\Repnas\w\projects\2018_UnivMD_Maryland_86896\86896_MD01_20180711\86896_MD01_AIFF\86896MD01_016K_M04_multi_20180817\86896MD01_016K_M04_multi_20180817_084500Z.aif,FALSE,,audio/aif,16000,16,23.5,,,,,
86896MD01_016K_M04_multi_20180817_121500Z.aif,2018_UnivMD_Maryland_86896_Dep01_20180711,dutyCycle,2018-08-17T12:19:12Z,\\Repnas\w\projects\2018_UnivMD_Maryland_86896\86896_MD01_20180711\86896_MD01_AIFF\86896MD01_016K_M04_multi_20180817\86896MD01_016K_M04_multi_20180817_121500Z.aif,FALSE,,audio/aif,16000,16,23.5,,,,,
86896MD01_016K_M04_multi_20180817_213000Z.aif,2018_UnivMD_Maryland_86896_Dep01_20180711,dutyCycle,2018-08-17T21:30:44Z,\\Repnas\w\projects\2018_UnivMD_Maryland_86896\86896_MD01_20180711\86896_MD01_AIFF\86896MD01_016K_M04_multi_20180817\86896MD01_016K_M04_multi_20180817_213000Z.aif,FALSE,,audio/aif,16000,16,23.5,,,,,
86896MD01_016K_M04_multi_20180817_214500Z.aif,2018_UnivMD_Maryland_86896_Dep01_20180711,dutyCycle,2018-08-17T21:53:04Z,\\Repnas\w\projects\2018_UnivMD_Maryland_86896\86896_MD01_20180711\86896_MD01_AIFF\86896MD01_016K_M04_multi_20180817\86896MD01_016K_M04_multi_20180817_214500Z.aif,FALSE,,audio/aif,16000,16,23.5,,,,,
86896MD01_016K_M04_multi_20180817_224500Z.aif,2018_UnivMD_Maryland_86896_Dep01_20180711,dutyCycle,2018-08-17T22:49:46Z,\\Repnas\w\projects\2018_UnivMD_Maryland_86896\86896_MD01_20180711\86896_MD01_AIFF\86896MD01_016K_M04_multi_20180817\86896MD01_016K_M04_multi_20180817_224500Z.aif,FALSE,,audio/aif,16000,16,23.5,,,,,
86896MD01_016K_M04_multi_20180817_224500Z.aif,2018_UnivMD_Maryland_86896_Dep01_20180711,dutyCycle,2018-08-17T22:49:53Z,\\Repnas\w\projects\2018_UnivMD_Maryland_86896\86896_MD01_20180711\86896_MD01_AIFF\86896MD01_016K_M04_multi_20180817\86896MD01_016K_M04_multi_20180817_224500Z.aif,FALSE,,audio/aif,16000,16,23.5,,,,,
86896MD01_016K_M04_multi_20180817_230000Z.aif,2018_UnivMD_Maryland_86896_Dep01_20180711,dutyCycle,2018-08-17T23:02:09Z,\\Repnas\w\projects\2018_UnivMD_Maryland_86896\86896_MD01_20180711\86896_MD01_AIFF\86896MD01_016K_M04_multi_20180817\86896MD01_016K_M04_multi_20180817_230000Z.aif,FALSE,,audio/aif,16000,16,23.5,,,,,
86896MD01_016K_M04_multi_20180817_230000Z.aif,2018_UnivMD_Maryland_86896_Dep01_20180711,dutyCycle,2018-08-17T23:08:04Z,\\Repnas\w\projects\2018_UnivMD_Maryland_86896\86896_MD01_20180711\86896_MD01_AIFF\86896MD01_016K_M04_multi_20180817\86896MD01_016K_M04_multi_20180817_230000Z.aif,FALSE,,audio/aif,16000,16,23.5,,,,,
86896MD01_016K_M04_multi_20180817_231500Z.aif,2018_UnivMD_Maryland_86896_Dep01_20180711,dutyCycle,2018-08-17T23:21:32Z,\\Repnas\w\projects\2018_UnivMD_Maryland_86896\86896_MD01_20180711\86896_MD01_AIFF\86896MD01_016K_M04_multi_20180817\86896MD01_016K_M04_multi_20180817_231500Z.aif,FALSE,,audio/aif,16000,16,23.5,,,,,
86896MD01_016K_M04_multi_20180817_231500Z.aif,2018_UnivMD_Maryland_86896_Dep01_20180711,dutyCycle,2018-08-17T23:20:35Z,\\Repnas\w\projects\2018_UnivMD_Maryland_86896\86896_MD01_20180711\86896_MD01_AIFF\86896MD01_016K_M04_multi_20180817\86896MD01_016K_M04_multi_20180817_231500Z.aif,FALSE,,audio/aif,16000,16,23.5,,,,,
86896MD01_016K_M04_multi_20180817_233000Z.aif,2018_UnivMD_Maryland_86896_Dep01_20180711,dutyCycle,2018-08-17T23:34:24Z,\\Repnas\w\projects\2018_UnivMD_Maryland_86896\86896_MD01_20180711\86896_MD01_AIFF\86896MD01_016K_M04_multi_20180817\86896MD01_016K_M04_multi_20180817_233000Z.aif,FALSE,,audio/aif,16000,16,23.5,,,,,
86896MD01_016K_M04_multi_20180817_234500Z.aif,2018_UnivMD_Maryland_86896_Dep01_20180711,dutyCycle,2018-08-17T23:46:20Z,\\Repnas\w\projects\2018_UnivMD_Maryland_86896\86896_MD01_20180711\86896_MD01_AIFF\86896MD01_016K_M04_multi_20180817\86896MD01_016K_M04_multi_20180817_234500Z.aif,FALSE,,audio/aif,16000,16,23.5,,,,,
86896MD01_016K_M04_multi_20180818_000000Z.aif,2018_UnivMD_Maryland_86896_Dep01_20180711,dutyCycle,2018-08-18T00:10:22Z,\\Repnas\w\projects\2018_UnivMD_Maryland_86896\86896_MD01_20180711\86896_MD01_AIFF\86896MD01_016K_M04_multi_20180818\86896MD01_016K_M04_multi_20180818_000000Z.aif,FALSE,,audio/aif,16000,16,23.5,,,,,
86896MD01_016K_M04_multi_20180818_014500Z.aif,2018_UnivMD_Maryland_86896_Dep01_20180711,dutyCycle,2018-08-18T01:48:38Z,\\Repnas\w\projects\2018_UnivMD_Maryland_86896\86896_MD01_20180711\86896_MD01_AIFF\86896MD01_016K_M04_multi_20180818\86896MD01_016K_M04_multi_20180818_014500Z.aif,FALSE,,audio/aif,16000,16,23.5,,,,,
86896MD01_016K_M04_multi_20180818_014500Z.aif,2018_UnivMD_Maryland_86896_Dep01_20180711,dutyCycle,2018-08-18T01:54:48Z,\\Repnas\w\projects\2018_UnivMD_Maryland_86896\86896_MD01_20180711\86896_MD01_AIFF\86896MD01_016K_M04_multi_20180818\86896MD01_016K_M04_multi_20180818_014500Z.aif,FALSE,,audio/aif,16000,16,23.5,,,,,
86896MD01_016K_M04_multi_20180818_014500Z.aif,2018_UnivMD_Maryland_86896_Dep01_20180711,dutyCycle,2018-08-18T01:46:49Z,\\Repnas\w\projects\2018_UnivMD_Maryland_86896\86896_MD01_20180711\86896_MD01_AIFF\86896MD01_016K_M04_multi_20180818\86896MD01_016K_M04_multi_20180818_014500Z.aif,FALSE,,audio/aif,16000,16,23.5,,,,,
86896MD01_016K_M04_multi_20180818_014500Z.aif,2018_UnivMD_Maryland_86896_Dep01_20180711,dutyCycle,2018-08-18T01:48:12Z,\\Repnas\w\projects\2018_UnivMD_Maryland_86896\86896_MD01_20180711\86896_MD01_AIFF\86896MD01_016K_M04_multi_20180818\86896MD01_016K_M04_multi_20180818_014500Z.aif,FALSE,,audio/aif,16000,16,23.5,,,,,
86896MD01_016K_M04_multi_20180818_020000Z.aif,2018_UnivMD_Maryland_86896_Dep01_20180711,dutyCycle,2018-08-18T02:09:49Z,\\Repnas\w\projects\2018_UnivMD_Maryland_86896\86896_MD01_20180711\86896_MD01_AIFF\86896MD01_016K_M04_multi_20180818\86896MD01_016K_M04_multi_20180818_020000Z.aif,FALSE,,audio/aif,16000,16,23.5,,,,,
86896MD01_016K_M04_multi_20180818_020000Z.aif,2018_UnivMD_Maryland_86896_Dep01_20180711,dutyCycle,2018-08-18T02:00:47Z,\\Repnas\w\projects\2018_UnivMD_Maryland_86896\86896_MD01_20180711\86896_MD01_AIFF\86896MD01_016K_M04_multi_20180818\86896MD01_016K_M04_multi_20180818_020000Z.aif,FALSE,,audio/aif,16000,16,23.5,,,,,
86896MD01_016K_M04_multi_20180818_021500Z.aif,2018_UnivMD_Maryland_86896_Dep01_20180711,dutyCycle,2018-08-18T02:18:56Z,\\Repnas\w\projects\2018_UnivMD_Maryland_86896\86896_MD01_20180711\86896_MD01_AIFF\86896MD01_016K_M04_multi_20180818\86896MD01_016K_M04_multi_20180818_021500Z.aif,FALSE,,audio/aif,16000,16,23.5,,,,,
86896MD01_016K_M04_multi_20180818_033000Z.aif,2018_UnivMD_Maryland_86896_Dep01_20180711,dutyCycle,2018-08-18T03:42:00Z,\\Repnas\w\projects\2018_UnivMD_Maryland_86896\86896_MD01_20180711\86896_MD01_AIFF\86896MD01_016K_M04_multi_20180818\86896MD01_016K_M04_multi_20180818_033000Z.aif,FALSE,,audio/aif,16000,16,23.5,,,,,
86896MD01_016K_M04_multi_20180818_033000Z.aif,2018_UnivMD_Maryland_86896_Dep01_20180711,dutyCycle,2018-08-18T03:35:16Z,\\Repnas\w\projects\2018_UnivMD_Maryland_86896\86896_MD01_20180711\86896_MD01_AIFF\86896MD01_016K_M04_multi_20180818\86896MD01_016K_M04_multi_20180818_033000Z.aif,FALSE,,audio/aif,16000,16,23.5,,,,,
86896MD01_016K_M04_multi_20180818_034500Z.aif,2018_UnivMD_Maryland_86896_Dep01_20180711,dutyCycle,2018-08-18T03:52:10Z,\\Repnas\w\projects\2018_UnivMD_Maryland_86896\86896_MD01_20180711\86896_MD01_AIFF\86896MD01_016K_M04_multi_20180818\86896MD01_016K_M04_multi_20180818_034500Z.aif,FALSE,,audio/aif,16000,16,23.5,,,,,
86896MD01_016K_M04_multi_20180818_034500Z.aif,2018_UnivMD_Maryland_86896_Dep01_20180711,dutyCycle,2018-08-18T03:50:18Z,\\Repnas\w\projects\2018_UnivMD_Maryland_86896\86896_MD01_20180711\86896_MD01_AIFF\86896MD01_016K_M04_multi_20180818\86896MD01_016K_M04_multi_20180818_034500Z.aif,FALSE,,audio/aif,16000,16,23.5,,,,,
86896MD01_016K_M04_multi_20180818_040000Z.aif,2018_UnivMD_Maryland_86896_Dep01_20180711,dutyCycle,2018-08-18T04:02:14Z,\\Repnas\w\projects\2018_UnivMD_Maryland_86896\86896_MD01_20180711\86896_MD01_AIFF\86896MD01_016K_M04_multi_20180818\86896MD01_016K_M04_multi_20180818_040000Z.aif,FALSE,,audio/aif,16000,16,23.5,,,,,
86896MD01_016K_M04_multi_20180818_041500Z.aif,2018_UnivMD_Maryland_86896_Dep01_20180711,dutyCycle,2018-08-18T04:24:50Z,\\Repnas\w\projects\2018_UnivMD_Maryland_86896\86896_MD01_20180711\86896_MD01_AIFF\86896MD01_016K_M04_multi_20180818\86896MD01_016K_M04_multi_20180818_041500Z.aif,FALSE,,audio/aif,16000,16,23.5,,,,,
86896MD01_016K_M04_multi_20180818_051500Z.aif,2018_UnivMD_Maryland_86896_Dep01_20180711,dutyCycle,2018-08-18T05:28:24Z,\\Repnas\w\projects\2018_UnivMD_Maryland_86896\86896_MD01_20180711\86896_MD01_AIFF\86896MD01_016K_M04_multi_20180818\86896MD01_016K_M04_multi_20180818_051500Z.aif,FALSE,,audio/aif,16000,16,23.5,,,,,
86896MD01_016K_M04_multi_20180818_054500Z.aif,2018_UnivMD_Maryland_86896_Dep01_20180711,dutyCycle,2018-08-18T05:58:26Z,\\Repnas\w\projects\2018_UnivMD_Maryland_86896\86896_MD01_20180711\86896_MD01_AIFF\86896MD01_016K_M04_multi_20180818\86896MD01_016K_M04_multi_20180818_054500Z.aif,FALSE,,audio/aif,16000,16,23.5,,,,,
86896MD01_016K_M04_multi_20180818_060000Z.aif,2018_UnivMD_Maryland_86896_Dep01_20180711,dutyCycle,2018-08-18T06:05:28Z,\\Repnas\w\projects\2018_UnivMD_Maryland_86896\86896_MD01_20180711\86896_MD01_AIFF\86896MD01_016K_M04_multi_20180818\86896MD01_016K_M04_multi_20180818_060000Z.aif,FALSE,,audio/aif,16000,16,23.5,,,,,
86896MD01_016K_M04_multi_20180818_060000Z.aif,2018_UnivMD_Maryland_86896_Dep01_20180711,dutyCycle,2018-08-18T06:08:07Z,\\Repnas\w\projects\2018_UnivMD_Maryland_86896\86896_MD01_20180711\86896_MD01_AIFF\86896MD01_016K_M04_multi_20180818\86896MD01_016K_M04_multi_20180818_060000Z.aif,FALSE,,audio/aif,16000,16,23.5,,,,,
86896MD01_016K_M04_multi_20180818_060000Z.aif,2018_UnivMD_Maryland_86896_Dep01_20180711,dutyCycle,2018-08-18T06:06:33Z,\\Repnas\w\projects\2018_UnivMD_Maryland_86896\86896_MD01_20180711\86896_MD01_AIFF\86896MD01_016K_M04_multi_20180818\86896MD01_016K_M04_multi_20180818_060000Z.aif,FALSE,,audio/aif,16000,16,23.5,,,,,
86896MD01_016K_M04_multi_20180818_060000Z.aif,2018_UnivMD_Maryland_86896_Dep01_20180711,dutyCycle,2018-08-18T06:09:28Z,\\Repnas\w\projects\2018_UnivMD_Maryland_86896\86896_MD01_20180711\86896_MD01_AIFF\86896MD01_016K_M04_multi_20180818\86896MD01_016K_M04_multi_20180818_060000Z.aif,FALSE,,audio/aif,16000,16,23.5,,,,,
86896MD01_016K_M04_multi_20180818_060000Z.aif,2018_UnivMD_Maryland_86896_Dep01_20180711,dutyCycle,2018-08-18T06:02:47Z,\\Repnas\w\projects\2018_UnivMD_Maryland_86896\86896_MD01_20180711\86896_MD01_AIFF\86896MD01_016K_M04_multi_20180818\86896MD01_016K_M04_multi_20180818_060000Z.aif,FALSE,,audio/aif,16000,16,23.5,,,,,
86896MD01_016K_M04_multi_20180818_060000Z.aif,2018_UnivMD_Maryland_86896_Dep01_20180711,dutyCycle,2018-08-18T06:01:03Z,\\Repnas\w\projects\2018_UnivMD_Maryland_86896\86896_MD01_20180711\86896_MD01_AIFF\86896MD01_016K_M04_multi_20180818\86896MD01_016K_M04_multi_20180818_060000Z.aif,FALSE,,audio/aif,16000,16,23.5,,,,,
86896MD01_016K_M04_multi_20180818_073000Z.aif,2018_UnivMD_Maryland_86896_Dep01_20180711,dutyCycle,2018-08-18T07:32:46Z,\\Repnas\w\projects\2018_UnivMD_Maryland_86896\86896_MD01_20180711\86896_MD01_AIFF\86896MD01_016K_M04_multi_20180818\86896MD01_016K_M04_multi_20180818_073000Z.aif,FALSE,,audio/aif,16000,16,23.5,,,,,
86896MD01_016K_M04_multi_20180818_073000Z.aif,2018_UnivMD_Maryland_86896_Dep01_20180711,dutyCycle,2018-08-18T07:33:04Z,\\Repnas\w\projects\2018_UnivMD_Maryland_86896\86896_MD01_20180711\86896_MD01_AIFF\86896MD01_016K_M04_multi_20180818\86896MD01_016K_M04_multi_20180818_073000Z.aif,FALSE,,audio/aif,16000,16,23.5,,,,,
86896MD01_016K_M04_multi_20180818_083000Z.aif,2018_UnivMD_Maryland_86896_Dep01_20180711,dutyCycle,2018-08-18T08:38:19Z,\\Repnas\w\projects\2018_UnivMD_Maryland_86896\86896_MD01_20180711\86896_MD01_AIFF\86896MD01_016K_M04_multi_20180818\86896MD01_016K_M04_multi_20180818_083000Z.aif,FALSE,,audio/aif,16000,16,23.5,,,,,
86896MD01_016K_M04_multi_20180818_083000Z.aif,2018_UnivMD_Maryland_86896_Dep01_20180711,dutyCycle,2018-08-18T08:36:15Z,\\Repnas\w\projects\2018_UnivMD_Maryland_86896\86896_MD01_20180711\86896_MD01_AIFF\86896MD01_016K_M04_multi_20180818\86896MD01_016K_M04_multi_20180818_083000Z.aif,FALSE,,audio/aif,16000,16,23.5,,,,,
86896MD01_016K_M04_multi_20180818_084500Z.aif,2018_UnivMD_Maryland_86896_Dep01_20180711,dutyCycle,2018-08-18T08:47:57Z,\\Repnas\w\projects\2018_UnivMD_Maryland_86896\86896_MD01_20180711\86896_MD01_AIFF\86896MD01_016K_M04_multi_20180818\86896MD01_016K_M04_multi_20180818_084500Z.aif,FALSE,,audio/aif,16000,16,23.5,,,,,
86896MD01_016K_M04_multi_20180818_084500Z.aif,2018_UnivMD_Maryland_86896_Dep01_20180711,dutyCycle,2018-08-18T08:59:54Z,\\Repnas\w\projects\2018_UnivMD_Maryland_86896\86896_MD01_20180711\86896_MD01_AIFF\86896MD01_016K_M04_multi_20180818\86896MD01_016K_M04_multi_20180818_084500Z.aif,FALSE,,audio/aif,16000,16,23.5,,,,,
86896MD01_016K_M04_multi_20180818_090000Z.aif,2018_UnivMD_Maryland_86896_Dep01_20180711,dutyCycle,2018-08-18T09:00:23Z,\\Repnas\w\projects\2018_UnivMD_Maryland_86896\86896_MD01_20180711\86896_MD01_AIFF\86896MD01_016K_M04_multi_20180818\86896MD01_016K_M04_multi_20180818_090000Z.aif,FALSE,,audio/aif,16000,16,23.5,,,,,
86896MD01_016K_M04_multi_20180818_091500Z.aif,2018_UnivMD_Maryland_86896_Dep01_20180711,dutyCycle,2018-08-18T09:27:50Z,\\Repnas\w\projects\2018_UnivMD_Maryland_86896\86896_MD01_20180711\86896_MD01_AIFF\86896MD01_016K_M04_multi_20180818\86896MD01_016K_M04_multi_20180818_091500Z.aif,FALSE,,audio/aif,16000,16,23.5,,,,,
86896MD01_016K_M04_multi_20180818_093000Z.aif,2018_UnivMD_Maryland_86896_Dep01_20180711,dutyCycle,2018-08-18T09:33:57Z,\\Repnas\w\projects\2018_UnivMD_Maryland_86896\86896_MD01_20180711\86896_MD01_AIFF\86896MD01_016K_M04_multi_20180818\86896MD01_016K_M04_multi_20180818_093000Z.aif,FALSE,,audio/aif,16000,16,23.5,,,,,
86896MD01_016K_M04_multi_20180818_093000Z.aif,2018_UnivMD_Maryland_86896_Dep01_20180711,dutyCycle,2018-08-18T09:35:30Z,\\Repnas\w\projects\2018_UnivMD_Maryland_86896\86896_MD01_20180711\86896_MD01_AIFF\86896MD01_016K_M04_multi_20180818\86896MD01_016K_M04_multi_20180818_093000Z.aif,FALSE,,audio/aif,16000,16,23.5,,,,,
86896MD01_016K_M04_multi_20180818_093000Z.aif,2018_UnivMD_Maryland_86896_Dep01_20180711,dutyCycle,2018-08-18T09:35:47Z,\\Repnas\w\projects\2018_UnivMD_Maryland_86896\86896_MD01_20180711\86896_MD01_AIFF\86896MD01_016K_M04_multi_20180818\86896MD01_016K_M04_multi_20180818_093000Z.aif,FALSE,,audio/aif,16000,16,23.5,,,,,
86896MD01_016K_M04_multi_20180818_093000Z.aif,2018_UnivMD_Maryland_86896_Dep01_20180711,dutyCycle,2018-08-18T09:31:22Z,\\Repnas\w\projects\2018_UnivMD_Maryland_86896\86896_MD01_20180711\86896_MD01_AIFF\86896MD01_016K_M04_multi_20180818\86896MD01_016K_M04_multi_20180818_093000Z.aif,FALSE,,audio/aif,16000,16,23.5,,,,,
86896MD01_016K_M04_multi_20180818_113000Z.aif,2018_UnivMD_Maryland_86896_Dep01_20180711,dutyCycle,2018-08-18T11:42:30Z,\\Repnas\w\projects\2018_UnivMD_Maryland_86896\86896_MD01_20180711\86896_MD01_AIFF\86896MD01_016K_M04_multi_20180818\86896MD01_016K_M04_multi_20180818_113000Z.aif,FALSE,,audio/aif,16000,16,23.5,,,,,
86896MD01_016K_M04_multi_20180818_113000Z.aif,2018_UnivMD_Maryland_86896_Dep01_20180711,dutyCycle,2018-08-18T11:36:45Z,\\Repnas\w\projects\2018_UnivMD_Maryland_86896\86896_MD01_20180711\86896_MD01_AIFF\86896MD01_016K_M04_multi_20180818\86896MD01_016K_M04_multi_20180818_113000Z.aif,FALSE,,audio/aif,16000,16,23.5,,,,,
86896MD01_016K_M04_multi_20180818_114500Z.aif,2018_UnivMD_Maryland_86896_Dep01_20180711,dutyCycle,2018-08-18T11:45:44Z,\\Repnas\w\projects\2018_UnivMD_Maryland_86896\86896_MD01_20180711\86896_MD01_AIFF\86896MD01_016K_M04_multi_20180818\86896MD01_016K_M04_multi_20180818_114500Z.aif,FALSE,,audio/aif,16000,16,23.5,,,,,
86896MD01_016K_M04_multi_20180818_114500Z.aif,2018_UnivMD_Maryland_86896_Dep01_20180711,dutyCycle,2018-08-18T11:46:37Z,\\Repnas\w\projects\2018_UnivMD_Maryland_86896\86896_MD01_20180711\86896_MD01_AIFF\86896MD01_016K_M04_multi_20180818\86896MD01_016K_M04_multi_20180818_114500Z.aif,FALSE,,audio/aif,16000,16,23.5,,,,,
86896MD01_016K_M04_multi_20180818_120000Z.aif,2018_UnivMD_Maryland_86896_Dep01_20180711,dutyCycle,2018-08-18T12:12:39Z,\\Repnas\w\projects\2018_UnivMD_Maryland_86896\86896_MD01_20180711\86896_MD01_AIFF\86896MD01_016K_M04_multi_20180818\86896MD01_016K_M04_multi_20180818_120000Z.aif,FALSE,,audio/aif,16000,16,23.5,,,,,
86896MD01_016K_M04_multi_20180818_120000Z.aif,2018_UnivMD_Maryland_86896_Dep01_20180711,dutyCycle,2018-08-18T12:14:26Z,\\Repnas\w\projects\2018_UnivMD_Maryland_86896\86896_MD01_20180711\86896_MD01_AIFF\86896MD01_016K_M04_multi_20180818\86896MD01_016K_M04_multi_20180818_120000Z.aif,FALSE,,audio/aif,16000,16,23.5,,,,,
86896MD01_016K_M04_multi_20180818_121500Z.aif,2018_UnivMD_Maryland_86896_Dep01_20180711,dutyCycle,2018-08-18T12:16:08Z,\\Repnas\w\projects\2018_UnivMD_Maryland_86896\86896_MD01_20180711\86896_MD01_AIFF\86896MD01_016K_M04_multi_20180818\86896MD01_016K_M04_multi_20180818_121500Z.aif,FALSE,,audio/aif,16000,16,23.5,,,,,
86896MD01_016K_M04_multi_20180818_123000Z.aif,2018_UnivMD_Maryland_86896_Dep01_20180711,dutyCycle,2018-08-18T12:43:14Z,\\Repnas\w\projects\2018_UnivMD_Maryland_86896\86896_MD01_20180711\86896_MD01_AIFF\86896MD01_016K_M04_multi_20180818\86896MD01_016K_M04_multi_20180818_123000Z.aif,FALSE,,audio/aif,16000,16,23.5,,,,,
86896MD01_016K_M04_multi_20180818_124500Z.aif,2018_UnivMD_Maryland_86896_Dep01_20180711,dutyCycle,2018-08-18T12:49:03Z,\\Repnas\w\projects\2018_UnivMD_Maryland_86896\86896_MD01_20180711\86896_MD01_AIFF\86896MD01_016K_M04_multi_20180818\86896MD01_016K_M04_multi_20180818_124500Z.aif,FALSE,,audio/aif,16000,16,23.5,,,,,
86896MD01_016K_M04_multi_20180818_124500Z.aif,2018_UnivMD_Maryland_86896_Dep01_20180711,dutyCycle,2018-08-18T12:45:01Z,\\Repnas\w\projects\2018_UnivMD_Maryland_86896\86896_MD01_20180711\86896_MD01_AIFF\86896MD01_016K_M04_multi_20180818\86896MD01_016K_M04_multi_20180818_124500Z.aif,FALSE,,audio/aif,16000,16,23.5,,,,,
86896MD01_016K_M04_multi_20180818_124500Z.aif,2018_UnivMD_Maryland_86896_Dep01_20180711,dutyCycle,2018-08-18T12:46:45Z,\\Repnas\w\projects\2018_UnivMD_Maryland_86896\86896_MD01_20180711\86896_MD01_AIFF\86896MD01_016K_M04_multi_20180818\86896MD01_016K_M04_multi_20180818_124500Z.aif,FALSE,,audio/aif,16000,16,23.5,,,,,
86896MD01_016K_M04_multi_20180818_130000Z.aif,2018_UnivMD_Maryland_86896_Dep01_20180711,dutyCycle,2018-08-18T13:07:20Z,\\Repnas\w\projects\2018_UnivMD_Maryland_86896\86896_MD01_20180711\86896_MD01_AIFF\86896MD01_016K_M04_multi_20180818\86896MD01_016K_M04_multi_20180818_130000Z.aif,FALSE,,audio/aif,16000,16,23.5,,,,,
86896MD01_016K_M04_multi_20180818_131500Z.aif,2018_UnivMD_Maryland_86896_Dep01_20180711,dutyCycle,2018-08-18T13:20:44Z,\\Repnas\w\projects\2018_UnivMD_Maryland_86896\86896_MD01_20180711\86896_MD01_AIFF\86896MD01_016K_M04_multi_20180818\86896MD01_016K_M04_multi_20180818_131500Z.aif,FALSE,,audio/aif,16000,16,23.5,,,,,
86896MD01_016K_M04_multi_20180818_134500Z.aif,2018_UnivMD_Maryland_86896_Dep01_20180711,dutyCycle,2018-08-18T13:58:11Z,\\Repnas\w\projects\2018_UnivMD_Maryland_86896\86896_MD01_20180711\86896_MD01_AIFF\86896MD01_016K_M04_multi_20180818\86896MD01_016K_M04_multi_20180818_134500Z.aif,FALSE,,audio/aif,16000,16,23.5,,,,,
86896MD01_016K_M04_multi_20180818_134500Z.aif,2018_UnivMD_Maryland_86896_Dep01_20180711,dutyCycle,2018-08-18T13:50:03Z,\\Repnas\w\projects\2018_UnivMD_Maryland_86896\86896_MD01_20180711\86896_MD01_AIFF\86896MD01_016K_M04_multi_20180818\86896MD01_016K_M04_multi_20180818_134500Z.aif,FALSE,,audio/aif,16000,16,23.5,,,,,
86896MD01_016K_M04_multi_20180818_141500Z.aif,2018_UnivMD_Maryland_86896_Dep01_20180711,dutyCycle,2018-08-18T14:17:14Z,\\Repnas\w\projects\2018_UnivMD_Maryland_86896\86896_MD01_20180711\86896_MD01_AIFF\86896MD01_016K_M04_multi_20180818\86896MD01_016K_M04_multi_20180818_141500Z.aif,FALSE,,audio/aif,16000,16,23.5,,,,,
86896MD01_016K_M04_multi_20180818_143000Z.aif,2018_UnivMD_Maryland_86896_Dep01_20180711,dutyCycle,2018-08-18T14:44:13Z,\\Repnas\w\projects\2018_UnivMD_Maryland_86896\86896_MD01_20180711\86896_MD01_AIFF\86896MD01_016K_M04_multi_20180818\86896MD01_016K_M04_multi_20180818_143000Z.aif,FALSE,,audio/aif,16000,16,23.5,,,,,
86896MD01_016K_M04_multi_20180818_143000Z.aif,2018_UnivMD_Maryland_86896_Dep01_20180711,dutyCycle,2018-08-18T14:31:09Z,\\Repnas\w\projects\2018_UnivMD_Maryland_86896\86896_MD01_20180711\86896_MD01_AIFF\86896MD01_016K_M04_multi_20180818\86896MD01_016K_M04_multi_20180818_143000Z.aif,FALSE,,audio/aif,16000,16,23.5,,,,,
86896MD01_016K_M04_multi_20180818_143000Z.aif,2018_UnivMD_Maryland_86896_Dep01_20180711,dutyCycle,2018-08-18T14:30:22Z,\\Repnas\w\projects\2018_UnivMD_Maryland_86896\86896_MD01_20180711\86896_MD01_AIFF\86896MD01_016K_M04_multi_20180818\86896MD01_016K_M04_multi_20180818_143000Z.aif,FALSE,,audio/aif,16000,16,23.5,,,,,
86896MD01_016K_M04_multi_20180818_144500Z.aif,2018_UnivMD_Maryland_86896_Dep01_20180711,dutyCycle,2018-08-18T14:45:06Z,\\Repnas\w\projects\2018_UnivMD_Maryland_86896\86896_MD01_20180711\86896_MD01_AIFF\86896MD01_016K_M04_multi_20180818\86896MD01_016K_M04_multi_20180818_144500Z.aif,FALSE,,audio/aif,16000,16,23.5,,,,,
86896MD01_016K_M04_multi_20180818_144500Z.aif,2018_UnivMD_Maryland_86896_Dep01_20180711,dutyCycle,2018-08-18T14:55:09Z,\\Repnas\w\projects\2018_UnivMD_Maryland_86896\86896_MD01_20180711\86896_MD01_AIFF\86896MD01_016K_M04_multi_20180818\86896MD01_016K_M04_multi_20180818_144500Z.aif,FALSE,,audio/aif,16000,16,23.5,,,,,
86896MD01_016K_M04_multi_20180818_150000Z.aif,2018_UnivMD_Maryland_86896_Dep01_20180711,dutyCycle,2018-08-18T15:10:12Z,\\Repnas\w\projects\2018_UnivMD_Maryland_86896\86896_MD01_20180711\86896_MD01_AIFF\86896MD01_016K_M04_multi_20180818\86896MD01_016K_M04_multi_20180818_150000Z.aif,FALSE,,audio/aif,16000,16,23.5,,,,,
86896MD01_016K_M04_multi_20180818_150000Z.aif,2018_UnivMD_Maryland_86896_Dep01_20180711,dutyCycle,2018-08-18T15:06:52Z,\\Repnas\w\projects\2018_UnivMD_Maryland_86896\86896_MD01_20180711\86896_MD01_AIFF\86896MD01_016K_M04_multi_20180818\86896MD01_016K_M04_multi_20180818_150000Z.aif,FALSE,,audio/aif,16000,16,23.5,,,,,
86896MD01_016K_M04_multi_20180818_153000Z.aif,2018_UnivMD_Maryland_86896_Dep01_20180711,dutyCycle,2018-08-18T15:40:39Z,\\Repnas\w\projects\2018_UnivMD_Maryland_86896\86896_MD01_20180711\86896_MD01_AIFF\86896MD01_016K_M04_multi_20180818\86896MD01_016K_M04_multi_20180818_153000Z.aif,FALSE,,audio/aif,16000,16,23.5,,,,,
86896MD01_016K_M04_multi_20180818_154500Z.aif,2018_UnivMD_Maryland_86896_Dep01_20180711,dutyCycle,2018-08-18T15:45:15Z,\\Repnas\w\projects\2018_UnivMD_Maryland_86896\86896_MD01_20180711\86896_MD01_AIFF\86896MD01_016K_M04_multi_20180818\86896MD01_016K_M04_multi_20180818_154500Z.aif,FALSE,,audio/aif,16000,16,23.5,,,,,
86896MD01_016K_M04_multi_20180818_154500Z.aif,2018_UnivMD_Maryland_86896_Dep01_20180711,dutyCycle,2018-08-18T15:46:52Z,\\Repnas\w\projects\2018_UnivMD_Maryland_86896\86896_MD01_20180711\86896_MD01_AIFF\86896MD01_016K_M04_multi_20180818\86896MD01_016K_M04_multi_20180818_154500Z.aif,FALSE,,audio/aif,16000,16,23.5,,,,,
86896MD01_016K_M04_multi_20180818_170000Z.aif,2018_UnivMD_Maryland_86896_Dep01_20180711,dutyCycle,2018-08-18T17:07:00Z,\\Repnas\w\projects\2018_UnivMD_Maryland_86896\86896_MD01_20180711\86896_MD01_AIFF\86896MD01_016K_M04_multi_20180818\86896MD01_016K_M04_multi_20180818_170000Z.aif,FALSE,,audio/aif,16000,16,23.5,,,,,
86896MD01_016K_M04_multi_20180818_171500Z.aif,2018_UnivMD_Maryland_86896_Dep01_20180711,dutyCycle,2018-08-18T17:17:04Z,\\Repnas\w\projects\2018_UnivMD_Maryland_86896\86896_MD01_20180711\86896_MD01_AIFF\86896MD01_016K_M04_multi_20180818\86896MD01_016K_M04_multi_20180818_171500Z.aif,FALSE,,audio/aif,16000,16,23.5,,,,,
86896MD01_016K_M04_multi_20180818_171500Z.aif,2018_UnivMD_Maryland_86896_Dep01_20180711,dutyCycle,2018-08-18T17:29:02Z,\\Repnas\w\projects\2018_UnivMD_Maryland_86896\86896_MD01_20180711\86896_MD01_AIFF\86896MD01_016K_M04_multi_20180818\86896MD01_016K_M04_multi_20180818_171500Z.aif,FALSE,,audio/aif,16000,16,23.5,,,,,
86896MD01_016K_M04_multi_20180818_171500Z.aif,2018_UnivMD_Maryland_86896_Dep01_20180711,dutyCycle,2018-08-18T17:29:01Z,\\Repnas\w\projects\2018_UnivMD_Maryland_86896\86896_MD01_20180711\86896_MD01_AIFF\86896MD01_016K_M04_multi_20180818\86896MD01_016K_M04_multi_20180818_171500Z.aif,FALSE,,audio/aif,16000,16,23.5,,,,,
86896MD01_016K_M04_multi_20180818_173000Z.aif,2018_UnivMD_Maryland_86896_Dep01_20180711,dutyCycle,2018-08-18T17:30:47Z,\\Repnas\w\projects\2018_UnivMD_Maryland_86896\86896_MD01_20180711\86896_MD01_AIFF\86896MD01_016K_M04_multi_20180818\86896MD01_016K_M04_multi_20180818_173000Z.aif,FALSE,,audio/aif,16000,16,23.5,,,,,
86896MD01_016K_M04_multi_20180818_180000Z.aif,2018_UnivMD_Maryland_86896_Dep01_20180711,dutyCycle,2018-08-18T18:14:39Z,\\Repnas\w\projects\2018_UnivMD_Maryland_86896\86896_MD01_20180711\86896_MD01_AIFF\86896MD01_016K_M04_multi_20180818\86896MD01_016K_M04_multi_20180818_180000Z.aif,FALSE,,audio/aif,16000,16,23.5,,,,,
86896MD01_016K_M04_multi_20180818_194500Z.aif,2018_UnivMD_Maryland_86896_Dep01_20180711,dutyCycle,2018-08-18T19:55:58Z,\\Repnas\w\projects\2018_UnivMD_Maryland_86896\86896_MD01_20180711\86896_MD01_AIFF\86896MD01_016K_M04_multi_20180818\86896MD01_016K_M04_multi_20180818_194500Z.aif,FALSE,,audio/aif,16000,16,23.5,,,,,
86896MD01_016K_M04_multi_20180818_194500Z.aif,2018_UnivMD_Maryland_86896_Dep01_20180711,dutyCycle,2018-08-18T19:58:44Z,\\Repnas\w\projects\2018_UnivMD_Maryland_86896\86896_MD01_20180711\86896_MD01_AIFF\86896MD01_016K_M04_multi_20180818\86896MD01_016K_M04_multi_20180818_194500Z.aif,FALSE,,audio/aif,16000,16,23.5,,,,,
86896MD01_016K_M04_multi_20180818_194500Z.aif,2018_UnivMD_Maryland_86896_Dep01_20180711,dutyCycle,2018-08-18T19:51:32Z,\\Repnas\w\projects\2018_UnivMD_Maryland_86896\86896_MD01_20180711\86896_MD01_AIFF\86896MD01_016K_M04_multi_20180818\86896MD01_016K_M04_multi_20180818_194500Z.aif,FALSE,,audio/aif,16000,16,23.5,,,,,
86896MD01_016K_M04_multi_20180818_194500Z.aif,2018_UnivMD_Maryland_86896_Dep01_20180711,dutyCycle,2018-08-18T19:52:29Z,\\Repnas\w\projects\2018_UnivMD_Maryland_86896\86896_MD01_20180711\86896_MD01_AIFF\86896MD01_016K_M04_multi_20180818\86896MD01_016K_M04_multi_20180818_194500Z.aif,FALSE,,audio/aif,16000,16,23.5,,,,,
86896MD01_016K_M04_multi_20180818_200000Z.aif,2018_UnivMD_Maryland_86896_Dep01_20180711,dutyCycle,2018-08-18T20:06:30Z,\\Repnas\w\projects\2018_UnivMD_Maryland_86896\86896_MD01_20180711\86896_MD01_AIFF\86896MD01_016K_M04_multi_20180818\86896MD01_016K_M04_multi_20180818_200000Z.aif,FALSE,,audio/aif,16000,16,23.5,,,,,
86896MD01_016K_M04_multi_20180818_201500Z.aif,2018_UnivMD_Maryland_86896_Dep01_20180711,dutyCycle,2018-08-18T20:26:21Z,\\Repnas\w\projects\2018_UnivMD_Maryland_86896\86896_MD01_20180711\86896_MD01_AIFF\86896MD01_016K_M04_multi_20180818\86896MD01_016K_M04_multi_20180818_201500Z.aif,FALSE,,audio/aif,16000,16,23.5,,,,,
86896MD01_016K_M04_multi_20180818_204500Z.aif,2018_UnivMD_Maryland_86896_Dep01_20180711,dutyCycle,2018-08-18T20:48:12Z,\\Repnas\w\projects\2018_UnivMD_Maryland_86896\86896_MD01_20180711\86896_MD01_AIFF\86896MD01_016K_M04_multi_20180818\86896MD01_016K_M04_multi_20180818_204500Z.aif,FALSE,,audio/aif,16000,16,23.5,,,,,
86896MD01_016K_M04_multi_20180818_204500Z.aif,2018_UnivMD_Maryland_86896_Dep01_20180711,dutyCycle,2018-08-18T20:49:11Z,\\Repnas\w\projects\2018_UnivMD_Maryland_86896\86896_MD01_20180711\86896_MD01_AIFF\86896MD01_016K_M04_multi_20180818\86896MD01_016K_M04_multi_20180818_204500Z.aif,FALSE,,audio/aif,16000,16,23.5,,,,,
86896MD01_016K_M04_multi_20180818_210000Z.aif,2018_UnivMD_Maryland_86896_Dep01_20180711,dutyCycle,2018-08-18T21:13:03Z,\\Repnas\w\projects\2018_UnivMD_Maryland_86896\86896_MD01_20180711\86896_MD01_AIFF\86896MD01_016K_M04_multi_20180818\86896MD01_016K_M04_multi_20180818_210000Z.aif,FALSE,,audio/aif,16000,16,23.5,,,,,
86896MD01_016K_M04_multi_20180818_210000Z.aif,2018_UnivMD_Maryland_86896_Dep01_20180711,dutyCycle,2018-08-18T21:09:41Z,\\Repnas\w\projects\2018_UnivMD_Maryland_86896\86896_MD01_20180711\86896_MD01_AIFF\86896MD01_016K_M04_multi_20180818\86896MD01_016K_M04_multi_20180818_210000Z.aif,FALSE,,audio/aif,16000,16,23.5,,,,,
86896MD01_016K_M04_multi_20180818_211500Z.aif,2018_UnivMD_Maryland_86896_Dep01_20180711,dutyCycle,2018-08-18T21:24:40Z,\\Repnas\w\projects\2018_UnivMD_Maryland_86896\86896_MD01_20180711\86896_MD01_AIFF\86896MD01_016K_M04_multi_20180818\86896MD01_016K_M04_multi_20180818_211500Z.aif,FALSE,,audio/aif,16000,16,23.5,,,,,
86896MD01_016K_M04_multi_20180818_213000Z.aif,2018_UnivMD_Maryland_86896_Dep01_20180711,dutyCycle,2018-08-18T21:43:00Z,\\Repnas\w\projects\2018_UnivMD_Maryland_86896\86896_MD01_20180711\86896_MD01_AIFF\86896MD01_016K_M04_multi_20180818\86896MD01_016K_M04_multi_20180818_213000Z.aif,FALSE,,audio/aif,16000,16,23.5,,,,,
86896MD01_016K_M04_multi_20180818_214500Z.aif,2018_UnivMD_Maryland_86896_Dep01_20180711,dutyCycle,2018-08-18T21:50:39Z,\\Repnas\w\projects\2018_UnivMD_Maryland_86896\86896_MD01_20180711\86896_MD01_AIFF\86896MD01_016K_M04_multi_20180818\86896MD01_016K_M04_multi_20180818_214500Z.aif,FALSE,,audio/aif,16000,16,23.5,,,,,
86896MD01_016K_M04_multi_20180818_220000Z.aif,2018_UnivMD_Maryland_86896_Dep01_20180711,dutyCycle,2018-08-18T22:03:17Z,\\Repnas\w\projects\2018_UnivMD_Maryland_86896\86896_MD01_20180711\86896_MD01_AIFF\86896MD01_016K_M04_multi_20180818\86896MD01_016K_M04_multi_20180818_220000Z.aif,FALSE,,audio/aif,16000,16,23.5,,,,,
86896MD01_016K_M04_multi_20180818_220000Z.aif,2018_UnivMD_Maryland_86896_Dep01_20180711,dutyCycle,2018-08-18T22:13:31Z,\\Repnas\w\projects\2018_UnivMD_Maryland_86896\86896_MD01_20180711\86896_MD01_AIFF\86896MD01_016K_M04_multi_20180818\86896MD01_016K_M04_multi_20180818_220000Z.aif,FALSE,,audio/aif,16000,16,23.5,,,,,
86896MD01_016K_M04_multi_20180818_221500Z.aif,2018_UnivMD_Maryland_86896_Dep01_20180711,dutyCycle,2018-08-18T22:29:44Z,\\Repnas\w\projects\2018_UnivMD_Maryland_86896\86896_MD01_20180711\86896_MD01_AIFF\86896MD01_016K_M04_multi_20180818\86896MD01_016K_M04_multi_20180818_221500Z.aif,FALSE,,audio/aif,16000,16,23.5,,,,,
86896MD01_016K_M04_multi_20180818_221500Z.aif,2018_UnivMD_Maryland_86896_Dep01_20180711,dutyCycle,2018-08-18T22:25:12Z,\\Repnas\w\projects\2018_UnivMD_Maryland_86896\86896_MD01_20180711\86896_MD01_AIFF\86896MD01_016K_M04_multi_20180818\86896MD01_016K_M04_multi_20180818_221500Z.aif,FALSE,,audio/aif,16000,16,23.5,,,,,
86896MD01_016K_M04_multi_20180819_080000Z.aif,2018_UnivMD_Maryland_86896_Dep01_20180711,dutyCycle,2018-08-19T08:00:12Z,\\Repnas\w\projects\2018_UnivMD_Maryland_86896\86896_MD01_20180711\86896_MD01_AIFF\86896MD01_016K_M04_multi_20180819\86896MD01_016K_M04_multi_20180819_080000Z.aif,FALSE,,audio/aif,16000,16,23.5,,,,,
86896MD01_016K_M04_multi_20180819_121500Z.aif,2018_UnivMD_Maryland_86896_Dep01_20180711,dutyCycle,2018-08-19T12:22:18Z,\\Repnas\w\projects\2018_UnivMD_Maryland_86896\86896_MD01_20180711\86896_MD01_AIFF\86896MD01_016K_M04_multi_20180819\86896MD01_016K_M04_multi_20180819_121500Z.aif,FALSE,,audio/aif,16000,16,23.5,,,,,
86896MD01_016K_M04_multi_20180819_121500Z.aif,2018_UnivMD_Maryland_86896_Dep01_20180711,dutyCycle,2018-08-19T12:20:23Z,\\Repnas\w\projects\2018_UnivMD_Maryland_86896\86896_MD01_20180711\86896_MD01_AIFF\86896MD01_016K_M04_multi_20180819\86896MD01_016K_M04_multi_20180819_121500Z.aif,FALSE,,audio/aif,16000,16,23.5,,,,,
86896MD01_016K_M04_multi_20180819_130000Z.aif,2018_UnivMD_Maryland_86896_Dep01_20180711,dutyCycle,2018-08-19T13:02:37Z,\\Repnas\w\projects\2018_UnivMD_Maryland_86896\86896_MD01_20180711\86896_MD01_AIFF\86896MD01_016K_M04_multi_20180819\86896MD01_016K_M04_multi_20180819_130000Z.aif,FALSE,,audio/aif,16000,16,23.5,,,,,
86896MD01_016K_M04_multi_20180819_150000Z.aif,2018_UnivMD_Maryland_86896_Dep01_20180711,dutyCycle,2018-08-19T15:05:36Z,\\Repnas\w\projects\2018_UnivMD_Maryland_86896\86896_MD01_20180711\86896_MD01_AIFF\86896MD01_016K_M04_multi_20180819\86896MD01_016K_M04_multi_20180819_150000Z.aif,FALSE,,audio/aif,16000,16,23.5,,,,,
86896MD01_016K_M04_multi_20180819_154500Z.aif,2018_UnivMD_Maryland_86896_Dep01_20180711,dutyCycle,2018-08-19T15:58:00Z,\\Repnas\w\projects\2018_UnivMD_Maryland_86896\86896_MD01_20180711\86896_MD01_AIFF\86896MD01_016K_M04_multi_20180819\86896MD01_016K_M04_multi_20180819_154500Z.aif,FALSE,,audio/aif,16000,16,23.5,,,,,
86896MD01_016K_M04_multi_20180819_170000Z.aif,2018_UnivMD_Maryland_86896_Dep01_20180711,dutyCycle,2018-08-19T17:05:24Z,\\Repnas\w\projects\2018_UnivMD_Maryland_86896\86896_MD01_20180711\86896_MD01_AIFF\86896MD01_016K_M04_multi_20180819\86896MD01_016K_M04_multi_20180819_170000Z.aif,FALSE,,audio/aif,16000,16,23.5,,,,,
86896MD01_016K_M04_multi_20180819_220000Z.aif,2018_UnivMD_Maryland_86896_Dep01_20180711,dutyCycle,2018-08-19T22:07:34Z,\\Repnas\w\projects\2018_UnivMD_Maryland_86896\86896_MD01_20180711\86896_MD01_AIFF\86896MD01_016K_M04_multi_20180819\86896MD01_016K_M04_multi_20180819_220000Z.aif,FALSE,,audio/aif,16000,16,23.5,,,,,
86896MD01_016K_M04_multi_20180820_020000Z.aif,2018_UnivMD_Maryland_86896_Dep01_20180711,dutyCycle,2018-08-20T02:13:44Z,\\Repnas\w\projects\2018_UnivMD_Maryland_86896\86896_MD01_20180711\86896_MD01_AIFF\86896MD01_016K_M04_multi_20180820\86896MD01_016K_M04_multi_20180820_020000Z.aif,FALSE,,audio/aif,16000,16,23.5,,,,,
86896MD01_016K_M04_multi_20180820_040000Z.aif,2018_UnivMD_Maryland_86896_Dep01_20180711,dutyCycle,2018-08-20T04:01:21Z,\\Repnas\w\projects\2018_UnivMD_Maryland_86896\86896_MD01_20180711\86896_MD01_AIFF\86896MD01_016K_M04_multi_20180820\86896MD01_016K_M04_multi_20180820_040000Z.aif,FALSE,,audio/aif,16000,16,23.5,,,,,
86896MD01_016K_M04_multi_20180820_091500Z.aif,2018_UnivMD_Maryland_86896_Dep01_20180711,dutyCycle,2018-08-20T09:17:10Z,\\Repnas\w\projects\2018_UnivMD_Maryland_86896\86896_MD01_20180711\86896_MD01_AIFF\86896MD01_016K_M04_multi_20180820\86896MD01_016K_M04_multi_20180820_091500Z.aif,FALSE,,audio/aif,16000,16,23.5,,,,,
86896MD01_016K_M04_multi_20180821_040000Z.aif,2018_UnivMD_Maryland_86896_Dep01_20180711,dutyCycle,2018-08-21T04:08:56Z,\\Repnas\w\projects\2018_UnivMD_Maryland_86896\86896_MD01_20180711\86896_MD01_AIFF\86896MD01_016K_M04_multi_20180821\86896MD01_016K_M04_multi_20180821_040000Z.aif,FALSE,,audio/aif,16000,16,23.5,,,,,
86896MD01_016K_M04_multi_20180821_113000Z.aif,2018_UnivMD_Maryland_86896_Dep01_20180711,dutyCycle,2018-08-21T11:39:24Z,\\Repnas\w\projects\2018_UnivMD_Maryland_86896\86896_MD01_20180711\86896_MD01_AIFF\86896MD01_016K_M04_multi_20180821\86896MD01_016K_M04_multi_20180821_113000Z.aif,FALSE,,audio/aif,16000,16,23.5,,,,,
86896MD01_016K_M04_multi_20180821_114500Z.aif,2018_UnivMD_Maryland_86896_Dep01_20180711,dutyCycle,2018-08-21T11:49:01Z,\\Repnas\w\projects\2018_UnivMD_Maryland_86896\86896_MD01_20180711\86896_MD01_AIFF\86896MD01_016K_M04_multi_20180821\86896MD01_016K_M04_multi_20180821_114500Z.aif,FALSE,,audio/aif,16000,16,23.5,,,,,
86896MD01_016K_M04_multi_20180821_121500Z.aif,2018_UnivMD_Maryland_86896_Dep01_20180711,dutyCycle,2018-08-21T12:15:33Z,\\Repnas\w\projects\2018_UnivMD_Maryland_86896\86896_MD01_20180711\86896_MD01_AIFF\86896MD01_016K_M04_multi_20180821\86896MD01_016K_M04_multi_20180821_121500Z.aif,FALSE,,audio/aif,16000,16,23.5,,,,,
86896MD01_016K_M04_multi_20180821_124500Z.aif,2018_UnivMD_Maryland_86896_Dep01_20180711,dutyCycle,2018-08-21T12:46:38Z,\\Repnas\w\projects\2018_UnivMD_Maryland_86896\86896_MD01_20180711\86896_MD01_AIFF\86896MD01_016K_M04_multi_20180821\86896MD01_016K_M04_multi_20180821_124500Z.aif,FALSE,,audio/aif,16000,16,23.5,,,,,
86896MD01_016K_M04_multi_20180821_134500Z.aif,2018_UnivMD_Maryland_86896_Dep01_20180711,dutyCycle,2018-08-21T13:45:05Z,\\Repnas\w\projects\2018_UnivMD_Maryland_86896\86896_MD01_20180711\86896_MD01_AIFF\86896MD01_016K_M04_multi_20180821\86896MD01_016K_M04_multi_20180821_134500Z.aif,FALSE,,audio/aif,16000,16,23.5,,,,,
86896MD01_016K_M04_multi_20180821_163000Z.aif,2018_UnivMD_Maryland_86896_Dep01_20180711,dutyCycle,2018-08-21T16:41:42Z,\\Repnas\w\projects\2018_UnivMD_Maryland_86896\86896_MD01_20180711\86896_MD01_AIFF\86896MD01_016K_M04_multi_20180821\86896MD01_016K_M04_multi_20180821_163000Z.aif,FALSE,,audio/aif,16000,16,23.5,,,,,
86896MD01_016K_M04_multi_20180821_164500Z.aif,2018_UnivMD_Maryland_86896_Dep01_20180711,dutyCycle,2018-08-21T16:53:49Z,\\Repnas\w\projects\2018_UnivMD_Maryland_86896\86896_MD01_20180711\86896_MD01_AIFF\86896MD01_016K_M04_multi_20180821\86896MD01_016K_M04_multi_20180821_164500Z.aif,FALSE,,audio/aif,16000,16,23.5,,,,,
86896MD01_016K_M04_multi_20180821_174500Z.aif,2018_UnivMD_Maryland_86896_Dep01_20180711,dutyCycle,2018-08-21T17:49:59Z,\\Repnas\w\projects\2018_UnivMD_Maryland_86896\86896_MD01_20180711\86896_MD01_AIFF\86896MD01_016K_M04_multi_20180821\86896MD01_016K_M04_multi_20180821_174500Z.aif,FALSE,,audio/aif,16000,16,23.5,,,,,
86896MD01_016K_M04_multi_20180821_180000Z.aif,2018_UnivMD_Maryland_86896_Dep01_20180711,dutyCycle,2018-08-21T18:10:09Z,\\Repnas\w\projects\2018_UnivMD_Maryland_86896\86896_MD01_20180711\86896_MD01_AIFF\86896MD01_016K_M04_multi_20180821\86896MD01_016K_M04_multi_20180821_180000Z.aif,FALSE,,audio/aif,16000,16,23.5,,,,,
86896MD01_016K_M04_multi_20180821_180000Z.aif,2018_UnivMD_Maryland_86896_Dep01_20180711,dutyCycle,2018-08-21T18:03:12Z,\\Repnas\w\projects\2018_UnivMD_Maryland_86896\86896_MD01_20180711\86896_MD01_AIFF\86896MD01_016K_M04_multi_20180821\86896MD01_016K_M04_multi_20180821_180000Z.aif,FALSE,,audio/aif,16000,16,23.5,,,,,
86896MD01_016K_M04_multi_20180821_183000Z.aif,2018_UnivMD_Maryland_86896_Dep01_20180711,dutyCycle,2018-08-21T18:31:21Z,\\Repnas\w\projects\2018_UnivMD_Maryland_86896\86896_MD01_20180711\86896_MD01_AIFF\86896MD01_016K_M04_multi_20180821\86896MD01_016K_M04_multi_20180821_183000Z.aif,FALSE,,audio/aif,16000,16,23.5,,,,,
86896MD01_016K_M04_multi_20180821_184500Z.aif,2018_UnivMD_Maryland_86896_Dep01_20180711,dutyCycle,2018-08-21T18:54:32Z,\\Repnas\w\projects\2018_UnivMD_Maryland_86896\86896_MD01_20180711\86896_MD01_AIFF\86896MD01_016K_M04_multi_20180821\86896MD01_016K_M04_multi_20180821_184500Z.aif,FALSE,,audio/aif,16000,16,23.5,,,,,
86896MD01_016K_M04_multi_20180821_190000Z.aif,2018_UnivMD_Maryland_86896_Dep01_20180711,dutyCycle,2018-08-21T19:11:10Z,\\Repnas\w\projects\2018_UnivMD_Maryland_86896\86896_MD01_20180711\86896_MD01_AIFF\86896MD01_016K_M04_multi_20180821\86896MD01_016K_M04_multi_20180821_190000Z.aif,FALSE,,audio/aif,16000,16,23.5,,,,,
86896MD01_016K_M04_multi_20180821_191500Z.aif,2018_UnivMD_Maryland_86896_Dep01_20180711,dutyCycle,2018-08-21T19:26:48Z,\\Repnas\w\projects\2018_UnivMD_Maryland_86896\86896_MD01_20180711\86896_MD01_AIFF\86896MD01_016K_M04_multi_20180821\86896MD01_016K_M04_multi_20180821_191500Z.aif,FALSE,,audio/aif,16000,16,23.5,,,,,
86896MD01_016K_M04_multi_20180821_193000Z.aif,2018_UnivMD_Maryland_86896_Dep01_20180711,dutyCycle,2018-08-21T19:38:00Z,\\Repnas\w\projects\2018_UnivMD_Maryland_86896\86896_MD01_20180711\86896_MD01_AIFF\86896MD01_016K_M04_multi_20180821\86896MD01_016K_M04_multi_20180821_193000Z.aif,FALSE,,audio/aif,16000,16,23.5,,,,,
86896MD01_016K_M04_multi_20180821_194500Z.aif,2018_UnivMD_Maryland_86896_Dep01_20180711,dutyCycle,2018-08-21T19:54:09Z,\\Repnas\w\projects\2018_UnivMD_Maryland_86896\86896_MD01_20180711\86896_MD01_AIFF\86896MD01_016K_M04_multi_20180821\86896MD01_016K_M04_multi_20180821_194500Z.aif,FALSE,,audio/aif,16000,16,23.5,,,,,
86896MD01_016K_M04_multi_20180821_201500Z.aif,2018_UnivMD_Maryland_86896_Dep01_20180711,dutyCycle,2018-08-21T20:19:01Z,\\Repnas\w\projects\2018_UnivMD_Maryland_86896\86896_MD01_20180711\86896_MD01_AIFF\86896MD01_016K_M04_multi_20180821\86896MD01_016K_M04_multi_20180821_201500Z.aif,FALSE,,audio/aif,16000,16,23.5,,,,,
86896MD01_016K_M04_multi_20180821_201500Z.aif,2018_UnivMD_Maryland_86896_Dep01_20180711,dutyCycle,2018-08-21T20:26:21Z,\\Repnas\w\projects\2018_UnivMD_Maryland_86896\86896_MD01_20180711\86896_MD01_AIFF\86896MD01_016K_M04_multi_20180821\86896MD01_016K_M04_multi_20180821_201500Z.aif,FALSE,,audio/aif,16000,16,23.5,,,,,
86896MD01_016K_M04_multi_20180821_203000Z.aif,2018_UnivMD_Maryland_86896_Dep01_20180711,dutyCycle,2018-08-21T20:33:45Z,\\Repnas\w\projects\2018_UnivMD_Maryland_86896\86896_MD01_20180711\86896_MD01_AIFF\86896MD01_016K_M04_multi_20180821\86896MD01_016K_M04_multi_20180821_203000Z.aif,FALSE,,audio/aif,16000,16,23.5,,,,,
86896MD01_016K_M04_multi_20180821_203000Z.aif,2018_UnivMD_Maryland_86896_Dep01_20180711,dutyCycle,2018-08-21T20:44:43Z,\\Repnas\w\projects\2018_UnivMD_Maryland_86896\86896_MD01_20180711\86896_MD01_AIFF\86896MD01_016K_M04_multi_20180821\86896MD01_016K_M04_multi_20180821_203000Z.aif,FALSE,,audio/aif,16000,16,23.5,,,,,
86896MD01_016K_M04_multi_20180821_210000Z.aif,2018_UnivMD_Maryland_86896_Dep01_20180711,dutyCycle,2018-08-21T21:14:37Z,\\Repnas\w\projects\2018_UnivMD_Maryland_86896\86896_MD01_20180711\86896_MD01_AIFF\86896MD01_016K_M04_multi_20180821\86896MD01_016K_M04_multi_20180821_210000Z.aif,FALSE,,audio/aif,16000,16,23.5,,,,,
86896MD01_016K_M04_multi_20180821_210000Z.aif,2018_UnivMD_Maryland_86896_Dep01_20180711,dutyCycle,2018-08-21T21:13:23Z,\\Repnas\w\projects\2018_UnivMD_Maryland_86896\86896_MD01_20180711\86896_MD01_AIFF\86896MD01_016K_M04_multi_20180821\86896MD01_016K_M04_multi_20180821_210000Z.aif,FALSE,,audio/aif,16000,16,23.5,,,,,
86896MD01_016K_M04_multi_20180821_211500Z.aif,2018_UnivMD_Maryland_86896_Dep01_20180711,dutyCycle,2018-08-21T21:15:51Z,\\Repnas\w\projects\2018_UnivMD_Maryland_86896\86896_MD01_20180711\86896_MD01_AIFF\86896MD01_016K_M04_multi_20180821\86896MD01_016K_M04_multi_20180821_211500Z.aif,FALSE,,audio/aif,16000,16,23.5,,,,,
86896MD01_016K_M04_multi_20180821_224500Z.aif,2018_UnivMD_Maryland_86896_Dep01_20180711,dutyCycle,2018-08-21T22:48:36Z,\\Repnas\w\projects\2018_UnivMD_Maryland_86896\86896_MD01_20180711\86896_MD01_AIFF\86896MD01_016K_M04_multi_20180821\86896MD01_016K_M04_multi_20180821_224500Z.aif,FALSE,,audio/aif,16000,16,23.5,,,,,
86896MD01_016K_M04_multi_20180822_001500Z.aif,2018_UnivMD_Maryland_86896_Dep01_20180711,dutyCycle,2018-08-22T00:27:07Z,\\Repnas\w\projects\2018_UnivMD_Maryland_86896\86896_MD01_20180711\86896_MD01_AIFF\86896MD01_016K_M04_multi_20180822\86896MD01_016K_M04_multi_20180822_001500Z.aif,FALSE,,audio/aif,16000,16,23.5,,,,,
86896MD01_016K_M04_multi_20180822_010000Z.aif,2018_UnivMD_Maryland_86896_Dep01_20180711,dutyCycle,2018-08-22T01:10:24Z,\\Repnas\w\projects\2018_UnivMD_Maryland_86896\86896_MD01_20180711\86896_MD01_AIFF\86896MD01_016K_M04_multi_20180822\86896MD01_016K_M04_multi_20180822_010000Z.aif,FALSE,,audio/aif,16000,16,23.5,,,,,
86896MD01_016K_M04_multi_20180822_020000Z.aif,2018_UnivMD_Maryland_86896_Dep01_20180711,dutyCycle,2018-08-22T02:14:02Z,\\Repnas\w\projects\2018_UnivMD_Maryland_86896\86896_MD01_20180711\86896_MD01_AIFF\86896MD01_016K_M04_multi_20180822\86896MD01_016K_M04_multi_20180822_020000Z.aif,FALSE,,audio/aif,16000,16,23.5,,,,,
86896MD01_016K_M04_multi_20180822_021500Z.aif,2018_UnivMD_Maryland_86896_Dep01_20180711,dutyCycle,2018-08-22T02:23:08Z,\\Repnas\w\projects\2018_UnivMD_Maryland_86896\86896_MD01_20180711\86896_MD01_AIFF\86896MD01_016K_M04_multi_20180822\86896MD01_016K_M04_multi_20180822_021500Z.aif,FALSE,,audio/aif,16000,16,23.5,,,,,
86896MD01_016K_M04_multi_20180822_091500Z.aif,2018_UnivMD_Maryland_86896_Dep01_20180711,dutyCycle,2018-08-22T09:26:58Z,\\Repnas\w\projects\2018_UnivMD_Maryland_86896\86896_MD01_20180711\86896_MD01_AIFF\86896MD01_016K_M04_multi_20180822\86896MD01_016K_M04_multi_20180822_091500Z.aif,FALSE,,audio/aif,16000,16,23.5,,,,,
86896MD01_016K_M04_multi_20180822_100000Z.aif,2018_UnivMD_Maryland_86896_Dep01_20180711,dutyCycle,2018-08-22T10:10:52Z,\\Repnas\w\projects\2018_UnivMD_Maryland_86896\86896_MD01_20180711\86896_MD01_AIFF\86896MD01_016K_M04_multi_20180822\86896MD01_016K_M04_multi_20180822_100000Z.aif,FALSE,,audio/aif,16000,16,23.5,,,,,
86896MD01_016K_M04_multi_20180822_100000Z.aif,2018_UnivMD_Maryland_86896_Dep01_20180711,dutyCycle,2018-08-22T10:10:24Z,\\Repnas\w\projects\2018_UnivMD_Maryland_86896\86896_MD01_20180711\86896_MD01_AIFF\86896MD01_016K_M04_multi_20180822\86896MD01_016K_M04_multi_20180822_100000Z.aif,FALSE,,audio/aif,16000,16,23.5,,,,,
86896MD01_016K_M04_multi_20180822_101500Z.aif,2018_UnivMD_Maryland_86896_Dep01_20180711,dutyCycle,2018-08-22T10:25:31Z,\\Repnas\w\projects\2018_UnivMD_Maryland_86896\86896_MD01_20180711\86896_MD01_AIFF\86896MD01_016K_M04_multi_20180822\86896MD01_016K_M04_multi_20180822_101500Z.aif,FALSE,,audio/aif,16000,16,23.5,,,,,
86896MD01_016K_M04_multi_20180822_103000Z.aif,2018_UnivMD_Maryland_86896_Dep01_20180711,dutyCycle,2018-08-22T10:43:55Z,\\Repnas\w\projects\2018_UnivMD_Maryland_86896\86896_MD01_20180711\86896_MD01_AIFF\86896MD01_016K_M04_multi_20180822\86896MD01_016K_M04_multi_20180822_103000Z.aif,FALSE,,audio/aif,16000,16,23.5,,,,,
86896MD01_016K_M04_multi_20180822_134500Z.aif,2018_UnivMD_Maryland_86896_Dep01_20180711,dutyCycle,2018-08-22T13:56:45Z,\\Repnas\w\projects\2018_UnivMD_Maryland_86896\86896_MD01_20180711\86896_MD01_AIFF\86896MD01_016K_M04_multi_20180822\86896MD01_016K_M04_multi_20180822_134500Z.aif,FALSE,,audio/aif,16000,16,23.5,,,,,
86896MD01_016K_M04_multi_20180822_143000Z.aif,2018_UnivMD_Maryland_86896_Dep01_20180711,dutyCycle,2018-08-22T14:33:20Z,\\Repnas\w\projects\2018_UnivMD_Maryland_86896\86896_MD01_20180711\86896_MD01_AIFF\86896MD01_016K_M04_multi_20180822\86896MD01_016K_M04_multi_20180822_143000Z.aif,FALSE,,audio/aif,16000,16,23.5,,,,,
86896MD01_016K_M04_multi_20180822_180000Z.aif,2018_UnivMD_Maryland_86896_Dep01_20180711,dutyCycle,2018-08-22T18:04:50Z,\\Repnas\w\projects\2018_UnivMD_Maryland_86896\86896_MD01_20180711\86896_MD01_AIFF\86896MD01_016K_M04_multi_20180822\86896MD01_016K_M04_multi_20180822_180000Z.aif,FALSE,,audio/aif,16000,16,23.5,,,,,
86896MD01_016K_M04_multi_20180822_204500Z.aif,2018_UnivMD_Maryland_86896_Dep01_20180711,dutyCycle,2018-08-22T20:47:46Z,\\Repnas\w\projects\2018_UnivMD_Maryland_86896\86896_MD01_20180711\86896_MD01_AIFF\86896MD01_016K_M04_multi_20180822\86896MD01_016K_M04_multi_20180822_204500Z.aif,FALSE,,audio/aif,16000,16,23.5,,,,,
86896MD01_016K_M04_multi_20180822_204500Z.aif,2018_UnivMD_Maryland_86896_Dep01_20180711,dutyCycle,2018-08-22T20:47:04Z,\\Repnas\w\projects\2018_UnivMD_Maryland_86896\86896_MD01_20180711\86896_MD01_AIFF\86896MD01_016K_M04_multi_20180822\86896MD01_016K_M04_multi_20180822_204500Z.aif,FALSE,,audio/aif,16000,16,23.5,,,,,
86896MD01_016K_M04_multi_20180822_204500Z.aif,2018_UnivMD_Maryland_86896_Dep01_20180711,dutyCycle,2018-08-22T20:58:17Z,\\Repnas\w\projects\2018_UnivMD_Maryland_86896\86896_MD01_20180711\86896_MD01_AIFF\86896MD01_016K_M04_multi_20180822\86896MD01_016K_M04_multi_20180822_204500Z.aif,FALSE,,audio/aif,16000,16,23.5,,,,,
86896MD01_016K_M04_multi_20180822_204500Z.aif,2018_UnivMD_Maryland_86896_Dep01_20180711,dutyCycle,2018-08-22T20:46:57Z,\\Repnas\w\projects\2018_UnivMD_Maryland_86896\86896_MD01_20180711\86896_MD01_AIFF\86896MD01_016K_M04_multi_20180822\86896MD01_016K_M04_multi_20180822_204500Z.aif,FALSE,,audio/aif,16000,16,23.5,,,,,
86896MD01_016K_M04_multi_20180822_204500Z.aif,2018_UnivMD_Maryland_86896_Dep01_20180711,dutyCycle,2018-08-22T20:54:54Z,\\Repnas\w\projects\2018_UnivMD_Maryland_86896\86896_MD01_20180711\86896_MD01_AIFF\86896MD01_016K_M04_multi_20180822\86896MD01_016K_M04_multi_20180822_204500Z.aif,FALSE,,audio/aif,16000,16,23.5,,,,,
86896MD01_016K_M04_multi_20180822_211500Z.aif,2018_UnivMD_Maryland_86896_Dep01_20180711,dutyCycle,2018-08-22T21:21:09Z,\\Repnas\w\projects\2018_UnivMD_Maryland_86896\86896_MD01_20180711\86896_MD01_AIFF\86896MD01_016K_M04_multi_20180822\86896MD01_016K_M04_multi_20180822_211500Z.aif,FALSE,,audio/aif,16000,16,23.5,,,,,
86896MD01_016K_M04_multi_20180822_211500Z.aif,2018_UnivMD_Maryland_86896_Dep01_20180711,dutyCycle,2018-08-22T21:26:37Z,\\Repnas\w\projects\2018_UnivMD_Maryland_86896\86896_MD01_20180711\86896_MD01_AIFF\86896MD01_016K_M04_multi_20180822\86896MD01_016K_M04_multi_20180822_211500Z.aif,FALSE,,audio/aif,16000,16,23.5,,,,,
86896MD01_016K_M04_multi_20180822_211500Z.aif,2018_UnivMD_Maryland_86896_Dep01_20180711,dutyCycle,2018-08-22T21:23:04Z,\\Repnas\w\projects\2018_UnivMD_Maryland_86896\86896_MD01_20180711\86896_MD01_AIFF\86896MD01_016K_M04_multi_20180822\86896MD01_016K_M04_multi_20180822_211500Z.aif,FALSE,,audio/aif,16000,16,23.5,,,,,
86896MD01_016K_M04_multi_20180822_213000Z.aif,2018_UnivMD_Maryland_86896_Dep01_20180711,dutyCycle,2018-08-22T21:39:11Z,\\Repnas\w\projects\2018_UnivMD_Maryland_86896\86896_MD01_20180711\86896_MD01_AIFF\86896MD01_016K_M04_multi_20180822\86896MD01_016K_M04_multi_20180822_213000Z.aif,FALSE,,audio/aif,16000,16,23.5,,,,,
86896MD01_016K_M04_multi_20180822_214500Z.aif,2018_UnivMD_Maryland_86896_Dep01_20180711,dutyCycle,2018-08-22T21:58:02Z,\\Repnas\w\projects\2018_UnivMD_Maryland_86896\86896_MD01_20180711\86896_MD01_AIFF\86896MD01_016K_M04_multi_20180822\86896MD01_016K_M04_multi_20180822_214500Z.aif,FALSE,,audio/aif,16000,16,23.5,,,,,
86896MD01_016K_M04_multi_20180822_214500Z.aif,2018_UnivMD_Maryland_86896_Dep01_20180711,dutyCycle,2018-08-22T21:48:19Z,\\Repnas\w\projects\2018_UnivMD_Maryland_86896\86896_MD01_20180711\86896_MD01_AIFF\86896MD01_016K_M04_multi_20180822\86896MD01_016K_M04_multi_20180822_214500Z.aif,FALSE,,audio/aif,16000,16,23.5,,,,,
86896MD01_016K_M04_multi_20180822_214500Z.aif,2018_UnivMD_Maryland_86896_Dep01_20180711,dutyCycle,2018-08-22T21:45:02Z,\\Repnas\w\projects\2018_UnivMD_Maryland_86896\86896_MD01_20180711\86896_MD01_AIFF\86896MD01_016K_M04_multi_20180822\86896MD01_016K_M04_multi_20180822_214500Z.aif,FALSE,,audio/aif,16000,16,23.5,,,,,
86896MD01_016K_M04_multi_20180822_221500Z.aif,2018_UnivMD_Maryland_86896_Dep01_20180711,dutyCycle,2018-08-22T22:27:18Z,\\Repnas\w\projects\2018_UnivMD_Maryland_86896\86896_MD01_20180711\86896_MD01_AIFF\86896MD01_016K_M04_multi_20180822\86896MD01_016K_M04_multi_20180822_221500Z.aif,FALSE,,audio/aif,16000,16,23.5,,,,,
86896MD01_016K_M04_multi_20180822_223000Z.aif,2018_UnivMD_Maryland_86896_Dep01_20180711,dutyCycle,2018-08-22T22:33:34Z,\\Repnas\w\projects\2018_UnivMD_Maryland_86896\86896_MD01_20180711\86896_MD01_AIFF\86896MD01_016K_M04_multi_20180822\86896MD01_016K_M04_multi_20180822_223000Z.aif,FALSE,,audio/aif,16000,16,23.5,,,,,
86896MD01_016K_M04_multi_20180822_224500Z.aif,2018_UnivMD_Maryland_86896_Dep01_20180711,dutyCycle,2018-08-22T22:57:47Z,\\Repnas\w\projects\2018_UnivMD_Maryland_86896\86896_MD01_20180711\86896_MD01_AIFF\86896MD01_016K_M04_multi_20180822\86896MD01_016K_M04_multi_20180822_224500Z.aif,FALSE,,audio/aif,16000,16,23.5,,,,,
86896MD01_016K_M04_multi_20180822_230000Z.aif,2018_UnivMD_Maryland_86896_Dep01_20180711,dutyCycle,2018-08-22T23:10:11Z,\\Repnas\w\projects\2018_UnivMD_Maryland_86896\86896_MD01_20180711\86896_MD01_AIFF\86896MD01_016K_M04_multi_20180822\86896MD01_016K_M04_multi_20180822_230000Z.aif,FALSE,,audio/aif,16000,16,23.5,,,,,
86896MD01_016K_M04_multi_20180822_230000Z.aif,2018_UnivMD_Maryland_86896_Dep01_20180711,dutyCycle,2018-08-22T23:10:20Z,\\Repnas\w\projects\2018_UnivMD_Maryland_86896\86896_MD01_20180711\86896_MD01_AIFF\86896MD01_016K_M04_multi_20180822\86896MD01_016K_M04_multi_20180822_230000Z.aif,FALSE,,audio/aif,16000,16,23.5,,,,,
86896MD01_016K_M04_multi_20180823_003000Z.aif,2018_UnivMD_Maryland_86896_Dep01_20180711,dutyCycle,2018-08-23T00:33:39Z,\\Repnas\w\projects\2018_UnivMD_Maryland_86896\86896_MD01_20180711\86896_MD01_AIFF\86896MD01_016K_M04_multi_20180823\86896MD01_016K_M04_multi_20180823_003000Z.aif,FALSE,,audio/aif,16000,16,23.5,,,,,
86896MD01_016K_M04_multi_20180823_020000Z.aif,2018_UnivMD_Maryland_86896_Dep01_20180711,dutyCycle,2018-08-23T02:08:50Z,\\Repnas\w\projects\2018_UnivMD_Maryland_86896\86896_MD01_20180711\86896_MD01_AIFF\86896MD01_016K_M04_multi_20180823\86896MD01_016K_M04_multi_20180823_020000Z.aif,FALSE,,audio/aif,16000,16,23.5,,,,,
86896MD01_016K_M04_multi_20180823_023000Z.aif,2018_UnivMD_Maryland_86896_Dep01_20180711,dutyCycle,2018-08-23T02:32:48Z,\\Repnas\w\projects\2018_UnivMD_Maryland_86896\86896_MD01_20180711\86896_MD01_AIFF\86896MD01_016K_M04_multi_20180823\86896MD01_016K_M04_multi_20180823_023000Z.aif,FALSE,,audio/aif,16000,16,23.5,,,,,
86896MD01_016K_M04_multi_20180823_054500Z.aif,2018_UnivMD_Maryland_86896_Dep01_20180711,dutyCycle,2018-08-23T05:55:01Z,\\Repnas\w\projects\2018_UnivMD_Maryland_86896\86896_MD01_20180711\86896_MD01_AIFF\86896MD01_016K_M04_multi_20180823\86896MD01_016K_M04_multi_20180823_054500Z.aif,FALSE,,audio/aif,16000,16,23.5,,,,,
86896MD01_016K_M04_multi_20180823_060000Z.aif,2018_UnivMD_Maryland_86896_Dep01_20180711,dutyCycle,2018-08-23T06:06:58Z,\\Repnas\w\projects\2018_UnivMD_Maryland_86896\86896_MD01_20180711\86896_MD01_AIFF\86896MD01_016K_M04_multi_20180823\86896MD01_016K_M04_multi_20180823_060000Z.aif,FALSE,,audio/aif,16000,16,23.5,,,,,
86896MD01_016K_M04_multi_20180823_061500Z.aif,2018_UnivMD_Maryland_86896_Dep01_20180711,dutyCycle,2018-08-23T06:19:45Z,\\Repnas\w\projects\2018_UnivMD_Maryland_86896\86896_MD01_20180711\86896_MD01_AIFF\86896MD01_016K_M04_multi_20180823\86896MD01_016K_M04_multi_20180823_061500Z.aif,FALSE,,audio/aif,16000,16,23.5,,,,,
86896MD01_016K_M04_multi_20180823_063000Z.aif,2018_UnivMD_Maryland_86896_Dep01_20180711,dutyCycle,2018-08-23T06:36:37Z,\\Repnas\w\projects\2018_UnivMD_Maryland_86896\86896_MD01_20180711\86896_MD01_AIFF\86896MD01_016K_M04_multi_20180823\86896MD01_016K_M04_multi_20180823_063000Z.aif,FALSE,,audio/aif,16000,16,23.5,,,,,
86896MD01_016K_M04_multi_20180823_070000Z.aif,2018_UnivMD_Maryland_86896_Dep01_20180711,dutyCycle,2018-08-23T07:08:28Z,\\Repnas\w\projects\2018_UnivMD_Maryland_86896\86896_MD01_20180711\86896_MD01_AIFF\86896MD01_016K_M04_multi_20180823\86896MD01_016K_M04_multi_20180823_070000Z.aif,FALSE,,audio/aif,16000,16,23.5,,,,,
86896MD01_016K_M04_multi_20180823_073000Z.aif,2018_UnivMD_Maryland_86896_Dep01_20180711,dutyCycle,2018-08-23T07:43:13Z,\\Repnas\w\projects\2018_UnivMD_Maryland_86896\86896_MD01_20180711\86896_MD01_AIFF\86896MD01_016K_M04_multi_20180823\86896MD01_016K_M04_multi_20180823_073000Z.aif,FALSE,,audio/aif,16000,16,23.5,,,,,
86896MD01_016K_M04_multi_20180823_073000Z.aif,2018_UnivMD_Maryland_86896_Dep01_20180711,dutyCycle,2018-08-23T07:30:39Z,\\Repnas\w\projects\2018_UnivMD_Maryland_86896\86896_MD01_20180711\86896_MD01_AIFF\86896MD01_016K_M04_multi_20180823\86896MD01_016K_M04_multi_20180823_073000Z.aif,FALSE,,audio/aif,16000,16,23.5,,,,,
86896MD01_016K_M04_multi_20180823_074500Z.aif,2018_UnivMD_Maryland_86896_Dep01_20180711,dutyCycle,2018-08-23T07:56:27Z,\\Repnas\w\projects\2018_UnivMD_Maryland_86896\86896_MD01_20180711\86896_MD01_AIFF\86896MD01_016K_M04_multi_20180823\86896MD01_016K_M04_multi_20180823_074500Z.aif,FALSE,,audio/aif,16000,16,23.5,,,,,
86896MD01_016K_M04_multi_20180823_081500Z.aif,2018_UnivMD_Maryland_86896_Dep01_20180711,dutyCycle,2018-08-23T08:27:56Z,\\Repnas\w\projects\2018_UnivMD_Maryland_86896\86896_MD01_20180711\86896_MD01_AIFF\86896MD01_016K_M04_multi_20180823\86896MD01_016K_M04_multi_20180823_081500Z.aif,FALSE,,audio/aif,16000,16,23.5,,,,,
86896MD01_016K_M04_multi_20180823_083000Z.aif,2018_UnivMD_Maryland_86896_Dep01_20180711,dutyCycle,2018-08-23T08:30:51Z,\\Repnas\w\projects\2018_UnivMD_Maryland_86896\86896_MD01_20180711\86896_MD01_AIFF\86896MD01_016K_M04_multi_20180823\86896MD01_016K_M04_multi_20180823_083000Z.aif,FALSE,,audio/aif,16000,16,23.5,,,,,
86896MD01_016K_M04_multi_20180823_100000Z.aif,2018_UnivMD_Maryland_86896_Dep01_20180711,dutyCycle,2018-08-23T10:12:11Z,\\Repnas\w\projects\2018_UnivMD_Maryland_86896\86896_MD01_20180711\86896_MD01_AIFF\86896MD01_016K_M04_multi_20180823\86896MD01_016K_M04_multi_20180823_100000Z.aif,FALSE,,audio/aif,16000,16,23.5,,,,,
86896MD01_016K_M04_multi_20180823_110000Z.aif,2018_UnivMD_Maryland_86896_Dep01_20180711,dutyCycle,2018-08-23T11:06:13Z,\\Repnas\w\projects\2018_UnivMD_Maryland_86896\86896_MD01_20180711\86896_MD01_AIFF\86896MD01_016K_M04_multi_20180823\86896MD01_016K_M04_multi_20180823_110000Z.aif,FALSE,,audio/aif,16000,16,23.5,,,,,
86896MD01_016K_M04_multi_20180823_113000Z.aif,2018_UnivMD_Maryland_86896_Dep01_20180711,dutyCycle,2018-08-23T11:42:28Z,\\Repnas\w\projects\2018_UnivMD_Maryland_86896\86896_MD01_20180711\86896_MD01_AIFF\86896MD01_016K_M04_multi_20180823\86896MD01_016K_M04_multi_20180823_113000Z.aif,FALSE,,audio/aif,16000,16,23.5,,,,,
86896MD01_016K_M04_multi_20180823_113000Z.aif,2018_UnivMD_Maryland_86896_Dep01_20180711,dutyCycle,2018-08-23T11:41:36Z,\\Repnas\w\projects\2018_UnivMD_Maryland_86896\86896_MD01_20180711\86896_MD01_AIFF\86896MD01_016K_M04_multi_20180823\86896MD01_016K_M04_multi_20180823_113000Z.aif,FALSE,,audio/aif,16000,16,23.5,,,,,
86896MD01_016K_M04_multi_20180823_121500Z.aif,2018_UnivMD_Maryland_86896_Dep01_20180711,dutyCycle,2018-08-23T12:17:52Z,\\Repnas\w\projects\2018_UnivMD_Maryland_86896\86896_MD01_20180711\86896_MD01_AIFF\86896MD01_016K_M04_multi_20180823\86896MD01_016K_M04_multi_20180823_121500Z.aif,FALSE,,audio/aif,16000,16,23.5,,,,,
86896MD01_016K_M04_multi_20180823_121500Z.aif,2018_UnivMD_Maryland_86896_Dep01_20180711,dutyCycle,2018-08-23T12:29:32Z,\\Repnas\w\projects\2018_UnivMD_Maryland_86896\86896_MD01_20180711\86896_MD01_AIFF\86896MD01_016K_M04_multi_20180823\86896MD01_016K_M04_multi_20180823_121500Z.aif,FALSE,,audio/aif,16000,16,23.5,,,,,
86896MD01_016K_M04_multi_20180823_130000Z.aif,2018_UnivMD_Maryland_86896_Dep01_20180711,dutyCycle,2018-08-23T13:06:09Z,\\Repnas\w\projects\2018_UnivMD_Maryland_86896\86896_MD01_20180711\86896_MD01_AIFF\86896MD01_016K_M04_multi_20180823\86896MD01_016K_M04_multi_20180823_130000Z.aif,FALSE,,audio/aif,16000,16,23.5,,,,,
86896MD01_016K_M04_multi_20180823_140000Z.aif,2018_UnivMD_Maryland_86896_Dep01_20180711,dutyCycle,2018-08-23T14:06:56Z,\\Repnas\w\projects\2018_UnivMD_Maryland_86896\86896_MD01_20180711\86896_MD01_AIFF\86896MD01_016K_M04_multi_20180823\86896MD01_016K_M04_multi_20180823_140000Z.aif,FALSE,,audio/aif,16000,16,23.5,,,,,
86896MD01_016K_M04_multi_20180823_150000Z.aif,2018_UnivMD_Maryland_86896_Dep01_20180711,dutyCycle,2018-08-23T15:05:00Z,\\Repnas\w\projects\2018_UnivMD_Maryland_86896\86896_MD01_20180711\86896_MD01_AIFF\86896MD01_016K_M04_multi_20180823\86896MD01_016K_M04_multi_20180823_150000Z.aif,FALSE,,audio/aif,16000,16,23.5,,,,,
86896MD01_016K_M04_multi_20180823_163000Z.aif,2018_UnivMD_Maryland_86896_Dep01_20180711,dutyCycle,2018-08-23T16:40:43Z,\\Repnas\w\projects\2018_UnivMD_Maryland_86896\86896_MD01_20180711\86896_MD01_AIFF\86896MD01_016K_M04_multi_20180823\86896MD01_016K_M04_multi_20180823_163000Z.aif,FALSE,,audio/aif,16000,16,23.5,,,,,
86896MD01_016K_M04_multi_20180823_173000Z.aif,2018_UnivMD_Maryland_86896_Dep01_20180711,dutyCycle,2018-08-23T17:40:59Z,\\Repnas\w\projects\2018_UnivMD_Maryland_86896\86896_MD01_20180711\86896_MD01_AIFF\86896MD01_016K_M04_multi_20180823\86896MD01_016K_M04_multi_20180823_173000Z.aif,FALSE,,audio/aif,16000,16,23.5,,,,,
86896MD01_016K_M04_multi_20180823_203000Z.aif,2018_UnivMD_Maryland_86896_Dep01_20180711,dutyCycle,2018-08-23T20:37:37Z,\\Repnas\w\projects\2018_UnivMD_Maryland_86896\86896_MD01_20180711\86896_MD01_AIFF\86896MD01_016K_M04_multi_20180823\86896MD01_016K_M04_multi_20180823_203000Z.aif,FALSE,,audio/aif,16000,16,23.5,,,,,
86896MD01_016K_M04_multi_20180823_221500Z.aif,2018_UnivMD_Maryland_86896_Dep01_20180711,dutyCycle,2018-08-23T22:19:27Z,\\Repnas\w\projects\2018_UnivMD_Maryland_86896\86896_MD01_20180711\86896_MD01_AIFF\86896MD01_016K_M04_multi_20180823\86896MD01_016K_M04_multi_20180823_221500Z.aif,FALSE,,audio/aif,16000,16,23.5,,,,,
86896MD01_016K_M04_multi_20180823_223000Z.aif,2018_UnivMD_Maryland_86896_Dep01_20180711,dutyCycle,2018-08-23T22:41:06Z,\\Repnas\w\projects\2018_UnivMD_Maryland_86896\86896_MD01_20180711\86896_MD01_AIFF\86896MD01_016K_M04_multi_20180823\86896MD01_016K_M04_multi_20180823_223000Z.aif,FALSE,,audio/aif,16000,16,23.5,,,,,
86896MD01_016K_M04_multi_20180823_224500Z.aif,2018_UnivMD_Maryland_86896_Dep01_20180711,dutyCycle,2018-08-23T22:56:38Z,\\Repnas\w\projects\2018_UnivMD_Maryland_86896\86896_MD01_20180711\86896_MD01_AIFF\86896MD01_016K_M04_multi_20180823\86896MD01_016K_M04_multi_20180823_224500Z.aif,FALSE,,audio/aif,16000,16,23.5,,,,,
86896MD01_016K_M04_multi_20180823_233000Z.aif,2018_UnivMD_Maryland_86896_Dep01_20180711,dutyCycle,2018-08-23T23:31:48Z,\\Repnas\w\projects\2018_UnivMD_Maryland_86896\86896_MD01_20180711\86896_MD01_AIFF\86896MD01_016K_M04_multi_20180823\86896MD01_016K_M04_multi_20180823_233000Z.aif,FALSE,,audio/aif,16000,16,23.5,,,,,
86896MD01_016K_M04_multi_20180823_233000Z.aif,2018_UnivMD_Maryland_86896_Dep01_20180711,dutyCycle,2018-08-23T23:43:43Z,\\Repnas\w\projects\2018_UnivMD_Maryland_86896\86896_MD01_20180711\86896_MD01_AIFF\86896MD01_016K_M04_multi_20180823\86896MD01_016K_M04_multi_20180823_233000Z.aif,FALSE,,audio/aif,16000,16,23.5,,,,,
86896MD01_016K_M04_multi_20180824_003000Z.aif,2018_UnivMD_Maryland_86896_Dep01_20180711,dutyCycle,2018-08-24T00:31:32Z,\\Repnas\w\projects\2018_UnivMD_Maryland_86896\86896_MD01_20180711\86896_MD01_AIFF\86896MD01_016K_M04_multi_20180824\86896MD01_016K_M04_multi_20180824_003000Z.aif,FALSE,,audio/aif,16000,16,23.5,,,,,
86896MD01_016K_M04_multi_20180824_003000Z.aif,2018_UnivMD_Maryland_86896_Dep01_20180711,dutyCycle,2018-08-24T00:43:29Z,\\Repnas\w\projects\2018_UnivMD_Maryland_86896\86896_MD01_20180711\86896_MD01_AIFF\86896MD01_016K_M04_multi_20180824\86896MD01_016K_M04_multi_20180824_003000Z.aif,FALSE,,audio/aif,16000,16,23.5,,,,,
86896MD01_016K_M04_multi_20180824_003000Z.aif,2018_UnivMD_Maryland_86896_Dep01_20180711,dutyCycle,2018-08-24T00:31:47Z,\\Repnas\w\projects\2018_UnivMD_Maryland_86896\86896_MD01_20180711\86896_MD01_AIFF\86896MD01_016K_M04_multi_20180824\86896MD01_016K_M04_multi_20180824_003000Z.aif,FALSE,,audio/aif,16000,16,23.5,,,,,
86896MD01_016K_M04_multi_20180824_010000Z.aif,2018_UnivMD_Maryland_86896_Dep01_20180711,dutyCycle,2018-08-24T01:07:09Z,\\Repnas\w\projects\2018_UnivMD_Maryland_86896\86896_MD01_20180711\86896_MD01_AIFF\86896MD01_016K_M04_multi_20180824\86896MD01_016K_M04_multi_20180824_010000Z.aif,FALSE,,audio/aif,16000,16,23.5,,,,,
86896MD01_016K_M04_multi_20180824_010000Z.aif,2018_UnivMD_Maryland_86896_Dep01_20180711,dutyCycle,2018-08-24T01:02:36Z,\\Repnas\w\projects\2018_UnivMD_Maryland_86896\86896_MD01_20180711\86896_MD01_AIFF\86896MD01_016K_M04_multi_20180824\86896MD01_016K_M04_multi_20180824_010000Z.aif,FALSE,,audio/aif,16000,16,23.5,,,,,
86896MD01_016K_M04_multi_20180824_010000Z.aif,2018_UnivMD_Maryland_86896_Dep01_20180711,dutyCycle,2018-08-24T01:07:00Z,\\Repnas\w\projects\2018_UnivMD_Maryland_86896\86896_MD01_20180711\86896_MD01_AIFF\86896MD01_016K_M04_multi_20180824\86896MD01_016K_M04_multi_20180824_010000Z.aif,FALSE,,audio/aif,16000,16,23.5,,,,,
86896MD01_016K_M04_multi_20180824_011500Z.aif,2018_UnivMD_Maryland_86896_Dep01_20180711,dutyCycle,2018-08-24T01:20:28Z,\\Repnas\w\projects\2018_UnivMD_Maryland_86896\86896_MD01_20180711\86896_MD01_AIFF\86896MD01_016K_M04_multi_20180824\86896MD01_016K_M04_multi_20180824_011500Z.aif,FALSE,,audio/aif,16000,16,23.5,,,,,
86896MD01_016K_M04_multi_20180824_013000Z.aif,2018_UnivMD_Maryland_86896_Dep01_20180711,dutyCycle,2018-08-24T01:30:30Z,\\Repnas\w\projects\2018_UnivMD_Maryland_86896\86896_MD01_20180711\86896_MD01_AIFF\86896MD01_016K_M04_multi_20180824\86896MD01_016K_M04_multi_20180824_013000Z.aif,FALSE,,audio/aif,16000,16,23.5,,,,,
86896MD01_016K_M04_multi_20180824_014500Z.aif,2018_UnivMD_Maryland_86896_Dep01_20180711,dutyCycle,2018-08-24T01:55:44Z,\\Repnas\w\projects\2018_UnivMD_Maryland_86896\86896_MD01_20180711\86896_MD01_AIFF\86896MD01_016K_M04_multi_20180824\86896MD01_016K_M04_multi_20180824_014500Z.aif,FALSE,,audio/aif,16000,16,23.5,,,,,
86896MD01_016K_M04_multi_20180824_014500Z.aif,2018_UnivMD_Maryland_86896_Dep01_20180711,dutyCycle,2018-08-24T01:55:38Z,\\Repnas\w\projects\2018_UnivMD_Maryland_86896\86896_MD01_20180711\86896_MD01_AIFF\86896MD01_016K_M04_multi_20180824\86896MD01_016K_M04_multi_20180824_014500Z.aif,FALSE,,audio/aif,16000,16,23.5,,,,,
86896MD01_016K_M04_multi_20180824_021500Z.aif,2018_UnivMD_Maryland_86896_Dep01_20180711,dutyCycle,2018-08-24T02:18:19Z,\\Repnas\w\projects\2018_UnivMD_Maryland_86896\86896_MD01_20180711\86896_MD01_AIFF\86896MD01_016K_M04_multi_20180824\86896MD01_016K_M04_multi_20180824_021500Z.aif,FALSE,,audio/aif,16000,16,23.5,,,,,
86896MD01_016K_M04_multi_20180824_023000Z.aif,2018_UnivMD_Maryland_86896_Dep01_20180711,dutyCycle,2018-08-24T02:30:16Z,\\Repnas\w\projects\2018_UnivMD_Maryland_86896\86896_MD01_20180711\86896_MD01_AIFF\86896MD01_016K_M04_multi_20180824\86896MD01_016K_M04_multi_20180824_023000Z.aif,FALSE,,audio/aif,16000,16,23.5,,,,,
86896MD01_016K_M04_multi_20180824_024500Z.aif,2018_UnivMD_Maryland_86896_Dep01_20180711,dutyCycle,2018-08-24T02:55:05Z,\\Repnas\w\projects\2018_UnivMD_Maryland_86896\86896_MD01_20180711\86896_MD01_AIFF\86896MD01_016K_M04_multi_20180824\86896MD01_016K_M04_multi_20180824_024500Z.aif,FALSE,,audio/aif,16000,16,23.5,,,,,
86896MD01_016K_M04_multi_20180824_024500Z.aif,2018_UnivMD_Maryland_86896_Dep01_20180711,dutyCycle,2018-08-24T02:57:05Z,\\Repnas\w\projects\2018_UnivMD_Maryland_86896\86896_MD01_20180711\86896_MD01_AIFF\86896MD01_016K_M04_multi_20180824\86896MD01_016K_M04_multi_20180824_024500Z.aif,FALSE,,audio/aif,16000,16,23.5,,,,,
86896MD01_016K_M04_multi_20180824_024500Z.aif,2018_UnivMD_Maryland_86896_Dep01_20180711,dutyCycle,2018-08-24T02:54:47Z,\\Repnas\w\projects\2018_UnivMD_Maryland_86896\86896_MD01_20180711\86896_MD01_AIFF\86896MD01_016K_M04_multi_20180824\86896MD01_016K_M04_multi_20180824_024500Z.aif,FALSE,,audio/aif,16000,16,23.5,,,,,
86896MD01_016K_M04_multi_20180824_054500Z.aif,2018_UnivMD_Maryland_86896_Dep01_20180711,dutyCycle,2018-08-24T05:56:21Z,\\Repnas\w\projects\2018_UnivMD_Maryland_86896\86896_MD01_20180711\86896_MD01_AIFF\86896MD01_016K_M04_multi_20180824\86896MD01_016K_M04_multi_20180824_054500Z.aif,FALSE,,audio/aif,16000,16,23.5,,,,,
86896MD01_016K_M04_multi_20180824_063000Z.aif,2018_UnivMD_Maryland_86896_Dep01_20180711,dutyCycle,2018-08-24T06:43:06Z,\\Repnas\w\projects\2018_UnivMD_Maryland_86896\86896_MD01_20180711\86896_MD01_AIFF\86896MD01_016K_M04_multi_20180824\86896MD01_016K_M04_multi_20180824_063000Z.aif,FALSE,,audio/aif,16000,16,23.5,,,,,
86896MD01_016K_M04_multi_20180824_080000Z.aif,2018_UnivMD_Maryland_86896_Dep01_20180711,dutyCycle,2018-08-24T08:06:47Z,\\Repnas\w\projects\2018_UnivMD_Maryland_86896\86896_MD01_20180711\86896_MD01_AIFF\86896MD01_016K_M04_multi_20180824\86896MD01_016K_M04_multi_20180824_080000Z.aif,FALSE,,audio/aif,16000,16,23.5,,,,,
86896MD01_016K_M04_multi_20180824_081500Z.aif,2018_UnivMD_Maryland_86896_Dep01_20180711,dutyCycle,2018-08-24T08:17:51Z,\\Repnas\w\projects\2018_UnivMD_Maryland_86896\86896_MD01_20180711\86896_MD01_AIFF\86896MD01_016K_M04_multi_20180824\86896MD01_016K_M04_multi_20180824_081500Z.aif,FALSE,,audio/aif,16000,16,23.5,,,,,
86896MD01_016K_M04_multi_20180824_103000Z.aif,2018_UnivMD_Maryland_86896_Dep01_20180711,dutyCycle,2018-08-24T10:37:32Z,\\Repnas\w\projects\2018_UnivMD_Maryland_86896\86896_MD01_20180711\86896_MD01_AIFF\86896MD01_016K_M04_multi_20180824\86896MD01_016K_M04_multi_20180824_103000Z.aif,FALSE,,audio/aif,16000,16,23.5,,,,,
86896MD01_016K_M04_multi_20180824_121500Z.aif,2018_UnivMD_Maryland_86896_Dep01_20180711,dutyCycle,2018-08-24T12:16:31Z,\\Repnas\w\projects\2018_UnivMD_Maryland_86896\86896_MD01_20180711\86896_MD01_AIFF\86896MD01_016K_M04_multi_20180824\86896MD01_016K_M04_multi_20180824_121500Z.aif,FALSE,,audio/aif,16000,16,23.5,,,,,
86896MD01_016K_M04_multi_20180824_123000Z.aif,2018_UnivMD_Maryland_86896_Dep01_20180711,dutyCycle,2018-08-24T12:44:18Z,\\Repnas\w\projects\2018_UnivMD_Maryland_86896\86896_MD01_20180711\86896_MD01_AIFF\86896MD01_016K_M04_multi_20180824\86896MD01_016K_M04_multi_20180824_123000Z.aif,FALSE,,audio/aif,16000,16,23.5,,,,,
86896MD01_016K_M04_multi_20180824_133000Z.aif,2018_UnivMD_Maryland_86896_Dep01_20180711,dutyCycle,2018-08-24T13:37:22Z,\\Repnas\w\projects\2018_UnivMD_Maryland_86896\86896_MD01_20180711\86896_MD01_AIFF\86896MD01_016K_M04_multi_20180824\86896MD01_016K_M04_multi_20180824_133000Z.aif,FALSE,,audio/aif,16000,16,23.5,,,,,
86896MD01_016K_M04_multi_20180824_140000Z.aif,2018_UnivMD_Maryland_86896_Dep01_20180711,dutyCycle,2018-08-24T14:03:24Z,\\Repnas\w\projects\2018_UnivMD_Maryland_86896\86896_MD01_20180711\86896_MD01_AIFF\86896MD01_016K_M04_multi_20180824\86896MD01_016K_M04_multi_20180824_140000Z.aif,FALSE,,audio/aif,16000,16,23.5,,,,,
86896MD01_016K_M04_multi_20180824_144500Z.aif,2018_UnivMD_Maryland_86896_Dep01_20180711,dutyCycle,2018-08-24T14:46:23Z,\\Repnas\w\projects\2018_UnivMD_Maryland_86896\86896_MD01_20180711\86896_MD01_AIFF\86896MD01_016K_M04_multi_20180824\86896MD01_016K_M04_multi_20180824_144500Z.aif,FALSE,,audio/aif,16000,16,23.5,,,,,
86896MD01_016K_M04_multi_20180824_160000Z.aif,2018_UnivMD_Maryland_86896_Dep01_20180711,dutyCycle,2018-08-24T16:04:48Z,\\Repnas\w\projects\2018_UnivMD_Maryland_86896\86896_MD01_20180711\86896_MD01_AIFF\86896MD01_016K_M04_multi_20180824\86896MD01_016K_M04_multi_20180824_160000Z.aif,FALSE,,audio/aif,16000,16,23.5,,,,,
86896MD01_016K_M04_multi_20180824_180000Z.aif,2018_UnivMD_Maryland_86896_Dep01_20180711,dutyCycle,2018-08-24T18:10:55Z,\\Repnas\w\projects\2018_UnivMD_Maryland_86896\86896_MD01_20180711\86896_MD01_AIFF\86896MD01_016K_M04_multi_20180824\86896MD01_016K_M04_multi_20180824_180000Z.aif,FALSE,,audio/aif,16000,16,23.5,,,,,
86896MD01_016K_M04_multi_20180824_221500Z.aif,2018_UnivMD_Maryland_86896_Dep01_20180711,dutyCycle,2018-08-24T22:22:28Z,\\Repnas\w\projects\2018_UnivMD_Maryland_86896\86896_MD01_20180711\86896_MD01_AIFF\86896MD01_016K_M04_multi_20180824\86896MD01_016K_M04_multi_20180824_221500Z.aif,FALSE,,audio/aif,16000,16,23.5,,,,,
86896MD01_016K_M04_multi_20180824_221500Z.aif,2018_UnivMD_Maryland_86896_Dep01_20180711,dutyCycle,2018-08-24T22:23:43Z,\\Repnas\w\projects\2018_UnivMD_Maryland_86896\86896_MD01_20180711\86896_MD01_AIFF\86896MD01_016K_M04_multi_20180824\86896MD01_016K_M04_multi_20180824_221500Z.aif,FALSE,,audio/aif,16000,16,23.5,,,,,
86896MD01_016K_M04_multi_20180824_231500Z.aif,2018_UnivMD_Maryland_86896_Dep01_20180711,dutyCycle,2018-08-24T23:22:13Z,\\Repnas\w\projects\2018_UnivMD_Maryland_86896\86896_MD01_20180711\86896_MD01_AIFF\86896MD01_016K_M04_multi_20180824\86896MD01_016K_M04_multi_20180824_231500Z.aif,FALSE,,audio/aif,16000,16,23.5,,,,,
86896MD01_016K_M04_multi_20180824_234500Z.aif,2018_UnivMD_Maryland_86896_Dep01_20180711,dutyCycle,2018-08-24T23:46:49Z,\\Repnas\w\projects\2018_UnivMD_Maryland_86896\86896_MD01_20180711\86896_MD01_AIFF\86896MD01_016K_M04_multi_20180824\86896MD01_016K_M04_multi_20180824_234500Z.aif,FALSE,,audio/aif,16000,16,23.5,,,,,
86896MD01_016K_M04_multi_20180824_234500Z.aif,2018_UnivMD_Maryland_86896_Dep01_20180711,dutyCycle,2018-08-24T23:59:36Z,\\Repnas\w\projects\2018_UnivMD_Maryland_86896\86896_MD01_20180711\86896_MD01_AIFF\86896MD01_016K_M04_multi_20180824\86896MD01_016K_M04_multi_20180824_234500Z.aif,FALSE,,audio/aif,16000,16,23.5,,,,,
86896MD01_016K_M04_multi_20180825_001500Z.aif,2018_UnivMD_Maryland_86896_Dep01_20180711,dutyCycle,2018-08-25T00:23:39Z,\\Repnas\w\projects\2018_UnivMD_Maryland_86896\86896_MD01_20180711\86896_MD01_AIFF\86896MD01_016K_M04_multi_20180825\86896MD01_016K_M04_multi_20180825_001500Z.aif,FALSE,,audio/aif,16000,16,23.5,,,,,
86896MD01_016K_M04_multi_20180825_014500Z.aif,2018_UnivMD_Maryland_86896_Dep01_20180711,dutyCycle,2018-08-25T01:45:43Z,\\Repnas\w\projects\2018_UnivMD_Maryland_86896\86896_MD01_20180711\86896_MD01_AIFF\86896MD01_016K_M04_multi_20180825\86896MD01_016K_M04_multi_20180825_014500Z.aif,FALSE,,audio/aif,16000,16,23.5,,,,,
86896MD01_016K_M04_multi_20180825_014500Z.aif,2018_UnivMD_Maryland_86896_Dep01_20180711,dutyCycle,2018-08-25T01:47:03Z,\\Repnas\w\projects\2018_UnivMD_Maryland_86896\86896_MD01_20180711\86896_MD01_AIFF\86896MD01_016K_M04_multi_20180825\86896MD01_016K_M04_multi_20180825_014500Z.aif,FALSE,,audio/aif,16000,16,23.5,,,,,
86896MD01_016K_M04_multi_20180825_020000Z.aif,2018_UnivMD_Maryland_86896_Dep01_20180711,dutyCycle,2018-08-25T02:10:17Z,\\Repnas\w\projects\2018_UnivMD_Maryland_86896\86896_MD01_20180711\86896_MD01_AIFF\86896MD01_016K_M04_multi_20180825\86896MD01_016K_M04_multi_20180825_020000Z.aif,FALSE,,audio/aif,16000,16,23.5,,,,,
86896MD01_016K_M04_multi_20180825_023000Z.aif,2018_UnivMD_Maryland_86896_Dep01_20180711,dutyCycle,2018-08-25T02:34:54Z,\\Repnas\w\projects\2018_UnivMD_Maryland_86896\86896_MD01_20180711\86896_MD01_AIFF\86896MD01_016K_M04_multi_20180825\86896MD01_016K_M04_multi_20180825_023000Z.aif,FALSE,,audio/aif,16000,16,23.5,,,,,
86896MD01_016K_M04_multi_20180825_033000Z.aif,2018_UnivMD_Maryland_86896_Dep01_20180711,dutyCycle,2018-08-25T03:33:05Z,\\Repnas\w\projects\2018_UnivMD_Maryland_86896\86896_MD01_20180711\86896_MD01_AIFF\86896MD01_016K_M04_multi_20180825\86896MD01_016K_M04_multi_20180825_033000Z.aif,FALSE,,audio/aif,16000,16,23.5,,,,,
86896MD01_016K_M04_multi_20180825_044500Z.aif,2018_UnivMD_Maryland_86896_Dep01_20180711,dutyCycle,2018-08-25T04:57:09Z,\\Repnas\w\projects\2018_UnivMD_Maryland_86896\86896_MD01_20180711\86896_MD01_AIFF\86896MD01_016K_M04_multi_20180825\86896MD01_016K_M04_multi_20180825_044500Z.aif,FALSE,,audio/aif,16000,16,23.5,,,,,
86896MD01_016K_M04_multi_20180825_061500Z.aif,2018_UnivMD_Maryland_86896_Dep01_20180711,dutyCycle,2018-08-25T06:22:00Z,\\Repnas\w\projects\2018_UnivMD_Maryland_86896\86896_MD01_20180711\86896_MD01_AIFF\86896MD01_016K_M04_multi_20180825\86896MD01_016K_M04_multi_20180825_061500Z.aif,FALSE,,audio/aif,16000,16,23.5,,,,,
86896MD01_016K_M04_multi_20180825_070000Z.aif,2018_UnivMD_Maryland_86896_Dep01_20180711,dutyCycle,2018-08-25T07:03:01Z,\\Repnas\w\projects\2018_UnivMD_Maryland_86896\86896_MD01_20180711\86896_MD01_AIFF\86896MD01_016K_M04_multi_20180825\86896MD01_016K_M04_multi_20180825_070000Z.aif,FALSE,,audio/aif,16000,16,23.5,,,,,
86896MD01_016K_M04_multi_20180825_081500Z.aif,2018_UnivMD_Maryland_86896_Dep01_20180711,dutyCycle,2018-08-25T08:20:18Z,\\Repnas\w\projects\2018_UnivMD_Maryland_86896\86896_MD01_20180711\86896_MD01_AIFF\86896MD01_016K_M04_multi_20180825\86896MD01_016K_M04_multi_20180825_081500Z.aif,FALSE,,audio/aif,16000,16,23.5,,,,,
86896MD01_016K_M04_multi_20180825_081500Z.aif,2018_UnivMD_Maryland_86896_Dep01_20180711,dutyCycle,2018-08-25T08:20:48Z,\\Repnas\w\projects\2018_UnivMD_Maryland_86896\86896_MD01_20180711\86896_MD01_AIFF\86896MD01_016K_M04_multi_20180825\86896MD01_016K_M04_multi_20180825_081500Z.aif,FALSE,,audio/aif,16000,16,23.5,,,,,
86896MD01_016K_M04_multi_20180825_110000Z.aif,2018_UnivMD_Maryland_86896_Dep01_20180711,dutyCycle,2018-08-25T11:09:10Z,\\Repnas\w\projects\2018_UnivMD_Maryland_86896\86896_MD01_20180711\86896_MD01_AIFF\86896MD01_016K_M04_multi_20180825\86896MD01_016K_M04_multi_20180825_110000Z.aif,FALSE,,audio/aif,16000,16,23.5,,,,,
86896MD01_016K_M04_multi_20180825_123000Z.aif,2018_UnivMD_Maryland_86896_Dep01_20180711,dutyCycle,2018-08-25T12:33:45Z,\\Repnas\w\projects\2018_UnivMD_Maryland_86896\86896_MD01_20180711\86896_MD01_AIFF\86896MD01_016K_M04_multi_20180825\86896MD01_016K_M04_multi_20180825_123000Z.aif,FALSE,,audio/aif,16000,16,23.5,,,,,
86896MD01_016K_M04_multi_20180825_123000Z.aif,2018_UnivMD_Maryland_86896_Dep01_20180711,dutyCycle,2018-08-25T12:34:04Z,\\Repnas\w\projects\2018_UnivMD_Maryland_86896\86896_MD01_20180711\86896_MD01_AIFF\86896MD01_016K_M04_multi_20180825\86896MD01_016K_M04_multi_20180825_123000Z.aif,FALSE,,audio/aif,16000,16,23.5,,,,,
86896MD01_016K_M04_multi_20180825_131500Z.aif,2018_UnivMD_Maryland_86896_Dep01_20180711,dutyCycle,2018-08-25T13:23:24Z,\\Repnas\w\projects\2018_UnivMD_Maryland_86896\86896_MD01_20180711\86896_MD01_AIFF\86896MD01_016K_M04_multi_20180825\86896MD01_016K_M04_multi_20180825_131500Z.aif,FALSE,,audio/aif,16000,16,23.5,,,,,
86896MD01_016K_M04_multi_20180825_131500Z.aif,2018_UnivMD_Maryland_86896_Dep01_20180711,dutyCycle,2018-08-25T13:15:37Z,\\Repnas\w\projects\2018_UnivMD_Maryland_86896\86896_MD01_20180711\86896_MD01_AIFF\86896MD01_016K_M04_multi_20180825\86896MD01_016K_M04_multi_20180825_131500Z.aif,FALSE,,audio/aif,16000,16,23.5,,,,,
86896MD01_016K_M04_multi_20180825_153000Z.aif,2018_UnivMD_Maryland_86896_Dep01_20180711,dutyCycle,2018-08-25T15:38:43Z,\\Repnas\w\projects\2018_UnivMD_Maryland_86896\86896_MD01_20180711\86896_MD01_AIFF\86896MD01_016K_M04_multi_20180825\86896MD01_016K_M04_multi_20180825_153000Z.aif,FALSE,,audio/aif,16000,16,23.5,,,,,
86896MD01_016K_M04_multi_20180825_154500Z.aif,2018_UnivMD_Maryland_86896_Dep01_20180711,dutyCycle,2018-08-25T15:56:00Z,\\Repnas\w\projects\2018_UnivMD_Maryland_86896\86896_MD01_20180711\86896_MD01_AIFF\86896MD01_016K_M04_multi_20180825\86896MD01_016K_M04_multi_20180825_154500Z.aif,FALSE,,audio/aif,16000,16,23.5,,,,,
86896MD01_016K_M04_multi_20180825_173000Z.aif,2018_UnivMD_Maryland_86896_Dep01_20180711,dutyCycle,2018-08-25T17:41:09Z,\\Repnas\w\projects\2018_UnivMD_Maryland_86896\86896_MD01_20180711\86896_MD01_AIFF\86896MD01_016K_M04_multi_20180825\86896MD01_016K_M04_multi_20180825_173000Z.aif,FALSE,,audio/aif,16000,16,23.5,,,,,
86896MD01_016K_M04_multi_20180825_211500Z.aif,2018_UnivMD_Maryland_86896_Dep01_20180711,dutyCycle,2018-08-25T21:26:52Z,\\Repnas\w\projects\2018_UnivMD_Maryland_86896\86896_MD01_20180711\86896_MD01_AIFF\86896MD01_016K_M04_multi_20180825\86896MD01_016K_M04_multi_20180825_211500Z.aif,FALSE,,audio/aif,16000,16,23.5,,,,,
86896MD01_016K_M04_multi_20180825_230000Z.aif,2018_UnivMD_Maryland_86896_Dep01_20180711,dutyCycle,2018-08-25T23:05:48Z,\\Repnas\w\projects\2018_UnivMD_Maryland_86896\86896_MD01_20180711\86896_MD01_AIFF\86896MD01_016K_M04_multi_20180825\86896MD01_016K_M04_multi_20180825_230000Z.aif,FALSE,,audio/aif,16000,16,23.5,,,,,
86896MD01_016K_M04_multi_20180826_003000Z.aif,2018_UnivMD_Maryland_86896_Dep01_20180711,dutyCycle,2018-08-26T00:42:14Z,\\Repnas\w\projects\2018_UnivMD_Maryland_86896\86896_MD01_20180711\86896_MD01_AIFF\86896MD01_016K_M04_multi_20180826\86896MD01_016K_M04_multi_20180826_003000Z.aif,FALSE,,audio/aif,16000,16,23.5,,,,,
86896MD01_016K_M04_multi_20180826_004500Z.aif,2018_UnivMD_Maryland_86896_Dep01_20180711,dutyCycle,2018-08-26T00:54:32Z,\\Repnas\w\projects\2018_UnivMD_Maryland_86896\86896_MD01_20180711\86896_MD01_AIFF\86896MD01_016K_M04_multi_20180826\86896MD01_016K_M04_multi_20180826_004500Z.aif,FALSE,,audio/aif,16000,16,23.5,,,,,
86896MD01_016K_M04_multi_20180826_011500Z.aif,2018_UnivMD_Maryland_86896_Dep01_20180711,dutyCycle,2018-08-26T01:17:39Z,\\Repnas\w\projects\2018_UnivMD_Maryland_86896\86896_MD01_20180711\86896_MD01_AIFF\86896MD01_016K_M04_multi_20180826\86896MD01_016K_M04_multi_20180826_011500Z.aif,FALSE,,audio/aif,16000,16,23.5,,,,,
86896MD01_016K_M04_multi_20180826_014500Z.aif,2018_UnivMD_Maryland_86896_Dep01_20180711,dutyCycle,2018-08-26T01:54:21Z,\\Repnas\w\projects\2018_UnivMD_Maryland_86896\86896_MD01_20180711\86896_MD01_AIFF\86896MD01_016K_M04_multi_20180826\86896MD01_016K_M04_multi_20180826_014500Z.aif,FALSE,,audio/aif,16000,16,23.5,,,,,
86896MD01_016K_M04_multi_20180826_014500Z.aif,2018_UnivMD_Maryland_86896_Dep01_20180711,dutyCycle,2018-08-26T01:58:47Z,\\Repnas\w\projects\2018_UnivMD_Maryland_86896\86896_MD01_20180711\86896_MD01_AIFF\86896MD01_016K_M04_multi_20180826\86896MD01_016K_M04_multi_20180826_014500Z.aif,FALSE,,audio/aif,16000,16,23.5,,,,,
86896MD01_016K_M04_multi_20180826_024500Z.aif,2018_UnivMD_Maryland_86896_Dep01_20180711,dutyCycle,2018-08-26T02:52:58Z,\\Repnas\w\projects\2018_UnivMD_Maryland_86896\86896_MD01_20180711\86896_MD01_AIFF\86896MD01_016K_M04_multi_20180826\86896MD01_016K_M04_multi_20180826_024500Z.aif,FALSE,,audio/aif,16000,16,23.5,,,,,
86896MD01_016K_M04_multi_20180826_040000Z.aif,2018_UnivMD_Maryland_86896_Dep01_20180711,dutyCycle,2018-08-26T04:06:14Z,\\Repnas\w\projects\2018_UnivMD_Maryland_86896\86896_MD01_20180711\86896_MD01_AIFF\86896MD01_016K_M04_multi_20180826\86896MD01_016K_M04_multi_20180826_040000Z.aif,FALSE,,audio/aif,16000,16,23.5,,,,,
86896MD01_016K_M04_multi_20180826_051500Z.aif,2018_UnivMD_Maryland_86896_Dep01_20180711,dutyCycle,2018-08-26T05:22:33Z,\\Repnas\w\projects\2018_UnivMD_Maryland_86896\86896_MD01_20180711\86896_MD01_AIFF\86896MD01_016K_M04_multi_20180826\86896MD01_016K_M04_multi_20180826_051500Z.aif,FALSE,,audio/aif,16000,16,23.5,,,,,
86896MD01_016K_M04_multi_20180826_051500Z.aif,2018_UnivMD_Maryland_86896_Dep01_20180711,dutyCycle,2018-08-26T05:19:25Z,\\Repnas\w\projects\2018_UnivMD_Maryland_86896\86896_MD01_20180711\86896_MD01_AIFF\86896MD01_016K_M04_multi_20180826\86896MD01_016K_M04_multi_20180826_051500Z.aif,FALSE,,audio/aif,16000,16,23.5,,,,,
86896MD01_016K_M04_multi_20180826_064500Z.aif,2018_UnivMD_Maryland_86896_Dep01_20180711,dutyCycle,2018-08-26T06:52:30Z,\\Repnas\w\projects\2018_UnivMD_Maryland_86896\86896_MD01_20180711\86896_MD01_AIFF\86896MD01_016K_M04_multi_20180826\86896MD01_016K_M04_multi_20180826_064500Z.aif,FALSE,,audio/aif,16000,16,23.5,,,,,
86896MD01_016K_M04_multi_20180826_070000Z.aif,2018_UnivMD_Maryland_86896_Dep01_20180711,dutyCycle,2018-08-26T07:05:16Z,\\Repnas\w\projects\2018_UnivMD_Maryland_86896\86896_MD01_20180711\86896_MD01_AIFF\86896MD01_016K_M04_multi_20180826\86896MD01_016K_M04_multi_20180826_070000Z.aif,FALSE,,audio/aif,16000,16,23.5,,,,,
86896MD01_016K_M04_multi_20180826_071500Z.aif,2018_UnivMD_Maryland_86896_Dep01_20180711,dutyCycle,2018-08-26T07:28:44Z,\\Repnas\w\projects\2018_UnivMD_Maryland_86896\86896_MD01_20180711\86896_MD01_AIFF\86896MD01_016K_M04_multi_20180826\86896MD01_016K_M04_multi_20180826_071500Z.aif,FALSE,,audio/aif,16000,16,23.5,,,,,
86896MD01_016K_M04_multi_20180826_080000Z.aif,2018_UnivMD_Maryland_86896_Dep01_20180711,dutyCycle,2018-08-26T08:03:15Z,\\Repnas\w\projects\2018_UnivMD_Maryland_86896\86896_MD01_20180711\86896_MD01_AIFF\86896MD01_016K_M04_multi_20180826\86896MD01_016K_M04_multi_20180826_080000Z.aif,FALSE,,audio/aif,16000,16,23.5,,,,,
86896MD01_016K_M04_multi_20180826_103000Z.aif,2018_UnivMD_Maryland_86896_Dep01_20180711,dutyCycle,2018-08-26T10:40:39Z,\\Repnas\w\projects\2018_UnivMD_Maryland_86896\86896_MD01_20180711\86896_MD01_AIFF\86896MD01_016K_M04_multi_20180826\86896MD01_016K_M04_multi_20180826_103000Z.aif,FALSE,,audio/aif,16000,16,23.5,,,,,
86896MD01_016K_M04_multi_20180826_104500Z.aif,2018_UnivMD_Maryland_86896_Dep01_20180711,dutyCycle,2018-08-26T10:47:55Z,\\Repnas\w\projects\2018_UnivMD_Maryland_86896\86896_MD01_20180711\86896_MD01_AIFF\86896MD01_016K_M04_multi_20180826\86896MD01_016K_M04_multi_20180826_104500Z.aif,FALSE,,audio/aif,16000,16,23.5,,,,,
86896MD01_016K_M04_multi_20180826_104500Z.aif,2018_UnivMD_Maryland_86896_Dep01_20180711,dutyCycle,2018-08-26T10:50:07Z,\\Repnas\w\projects\2018_UnivMD_Maryland_86896\86896_MD01_20180711\86896_MD01_AIFF\86896MD01_016K_M04_multi_20180826\86896MD01_016K_M04_multi_20180826_104500Z.aif,FALSE,,audio/aif,16000,16,23.5,,,,,
86896MD01_016K_M04_multi_20180826_111500Z.aif,2018_UnivMD_Maryland_86896_Dep01_20180711,dutyCycle,2018-08-26T11:16:42Z,\\Repnas\w\projects\2018_UnivMD_Maryland_86896\86896_MD01_20180711\86896_MD01_AIFF\86896MD01_016K_M04_multi_20180826\86896MD01_016K_M04_multi_20180826_111500Z.aif,FALSE,,audio/aif,16000,16,23.5,,,,,
86896MD01_016K_M04_multi_20180826_114500Z.aif,2018_UnivMD_Maryland_86896_Dep01_20180711,dutyCycle,2018-08-26T11:45:47Z,\\Repnas\w\projects\2018_UnivMD_Maryland_86896\86896_MD01_20180711\86896_MD01_AIFF\86896MD01_016K_M04_multi_20180826\86896MD01_016K_M04_multi_20180826_114500Z.aif,FALSE,,audio/aif,16000,16,23.5,,,,,
86896MD01_016K_M04_multi_20180826_140000Z.aif,2018_UnivMD_Maryland_86896_Dep01_20180711,dutyCycle,2018-08-26T14:03:38Z,\\Repnas\w\projects\2018_UnivMD_Maryland_86896\86896_MD01_20180711\86896_MD01_AIFF\86896MD01_016K_M04_multi_20180826\86896MD01_016K_M04_multi_20180826_140000Z.aif,FALSE,,audio/aif,16000,16,23.5,,,,,
86896MD01_016K_M04_multi_20180826_144500Z.aif,2018_UnivMD_Maryland_86896_Dep01_20180711,dutyCycle,2018-08-26T14:53:47Z,\\Repnas\w\projects\2018_UnivMD_Maryland_86896\86896_MD01_20180711\86896_MD01_AIFF\86896MD01_016K_M04_multi_20180826\86896MD01_016K_M04_multi_20180826_144500Z.aif,FALSE,,audio/aif,16000,16,23.5,,,,,
86896MD01_016K_M04_multi_20180826_160000Z.aif,2018_UnivMD_Maryland_86896_Dep01_20180711,dutyCycle,2018-08-26T16:02:50Z,\\Repnas\w\projects\2018_UnivMD_Maryland_86896\86896_MD01_20180711\86896_MD01_AIFF\86896MD01_016K_M04_multi_20180826\86896MD01_016K_M04_multi_20180826_160000Z.aif,FALSE,,audio/aif,16000,16,23.5,,,,,
