observationID,deploymentID,mediaID,eventID,eventStart,eventEnd,observationLevel,observationType,deviceSetupType,scientificName,count,lifeStage,sex,behavior,individualID,individualPositionRadius,individualPositionAngle,individualSpeed,bboxX,bboxY,bboxWidth,bboxHeight,frequencyLow,frequencyHigh,classificationMethod,classifiedBy,classificationTimestamp,classificationProbability,observationTags,observationComments
86896MD01_016K_M04_multi_20180711_123000Z.aif_4,2018_UnivMD_Maryland_86896_Dep01_20180711,86896MD01_016K_M04_multi_20180711_123000Z.aif,,,,interval,animal,,,,,,,,,,,,,,,,,machine,,,0.557014,1-4-f,parm file = FW2O_p25.mat
86896MD01_016K_M04_multi_20180711_131500Z.aif_97,2018_UnivMD_Maryland_86896_Dep01_20180711,86896MD01_016K_M04_multi_20180711_131500Z.aif,,,,interval,animal,,,,,,,,,,,,,,,,,machine,,,0.554007,1-4-f,parm file = FW2O_p25.mat
86896MD01_016K_M04_multi_20180711_133000Z.aif_129,2018_UnivMD_Maryland_86896_Dep01_20180711,86896MD01_016K_M04_multi_20180711_133000Z.aif,,,,interval,animal,,,,,,,,,,,,,,,,,machine,,,0.517445,1-1-f,parm file = FW2O_p25.mat
86896MD01_016K_M04_multi_20180711_153000Z.aif_292,2018_UnivMD_Maryland_86896_Dep01_20180711,86896MD01_016K_M04_multi_20180711_153000Z.aif,,,,interval,animal,,,,,,,,,,,,,,,,,machine,,,0.635916,1-2-f,parm file = FW2O_p25.mat
86896MD01_016K_M04_multi_20180711_153000Z.aif_293,2018_UnivMD_Maryland_86896_Dep01_20180711,86896MD01_016K_M04_multi_20180711_153000Z.aif,,,,interval,animal,,,,,,,,,,,,,,,,,machine,,,0.700427,1-4-f,parm file = FW2O_p25.mat
86896MD01_016K_M04_multi_20180711_154500Z.aif_301,2018_UnivMD_Maryland_86896_Dep01_20180711,86896MD01_016K_M04_multi_20180711_154500Z.aif,,,,interval,animal,,,,,,,,,,,,,,,,,machine,,,0.517553,1-4-f,parm file = FW2O_p25.mat
86896MD01_016K_M04_multi_20180711_171500Z.aif_510,2018_UnivMD_Maryland_86896_Dep01_20180711,86896MD01_016K_M04_multi_20180711_171500Z.aif,,,,interval,animal,,,,,,,,,,,,,,,,,machine,,,0.629933,1-2-f,parm file = FW2O_p25.mat
86896MD01_016K_M04_multi_20180711_171500Z.aif_524,2018_UnivMD_Maryland_86896_Dep01_20180711,86896MD01_016K_M04_multi_20180711_171500Z.aif,,,,interval,animal,,,,,,,,,,,,,,,,,machine,,,0.886559,1-2-f,parm file = FW2O_p25.mat
86896MD01_016K_M04_multi_20180711_180000Z.aif_565,2018_UnivMD_Maryland_86896_Dep01_20180711,86896MD01_016K_M04_multi_20180711_180000Z.aif,,,,interval,animal,,,,,,,,,,,,,,,,,machine,,,0.515809,1-1-f,parm file = FW2O_p25.mat
86896MD01_016K_M04_multi_20180711_230000Z.aif_710,2018_UnivMD_Maryland_86896_Dep01_20180711,86896MD01_016K_M04_multi_20180711_230000Z.aif,,,,interval,animal,,,,,,,,,,,,,,,,,machine,,,0.593309,1-2-f,parm file = FW2O_p25.mat
86896MD01_016K_M04_multi_20180711_230000Z.aif_724,2018_UnivMD_Maryland_86896_Dep01_20180711,86896MD01_016K_M04_multi_20180711_230000Z.aif,,,,interval,animal,,,,,,,,,,,,,,,,,machine,,,0.504307,1-2-f,parm file = FW2O_p25.mat
86896MD01_016K_M04_multi_20180712_000000Z.aif_769,2018_UnivMD_Maryland_86896_Dep01_20180711,86896MD01_016K_M04_multi_20180712_000000Z.aif,,,,interval,animal,,,,,,,,,,,,,,,,,machine,,,0.65269,1-2-f,parm file = FW2O_p25.mat
86896MD01_016K_M04_multi_20180712_090000Z.aif_883,2018_UnivMD_Maryland_86896_Dep01_20180711,86896MD01_016K_M04_multi_20180712_090000Z.aif,,,,interval,animal,,,,,,,,,,,,,,,,,machine,,,0.558421,1-4-f,parm file = FW2O_p25.mat
86896MD01_016K_M04_multi_20180712_090000Z.aif_893,2018_UnivMD_Maryland_86896_Dep01_20180711,86896MD01_016K_M04_multi_20180712_090000Z.aif,,,,interval,animal,,,,,,,,,,,,,,,,,machine,,,0.505228,1-4-f,parm file = FW2O_p25.mat
86896MD01_016K_M04_multi_20180712_090000Z.aif_895,2018_UnivMD_Maryland_86896_Dep01_20180711,86896MD01_016K_M04_multi_20180712_090000Z.aif,,,,interval,animal,,,,,,,,,,,,,,,,,machine,,,0.539596,1-4-f,parm file = FW2O_p25.mat
86896MD01_016K_M04_multi_20180712_091500Z.aif_1060,2018_UnivMD_Maryland_86896_Dep01_20180711,86896MD01_016K_M04_multi_20180712_091500Z.aif,,,,interval,animal,,,,,,,,,,,,,,,,,machine,,,0.547224,1-4-f,parm file = FW2O_p25.mat
86896MD01_016K_M04_multi_20180712_093000Z.aif_1099,2018_UnivMD_Maryland_86896_Dep01_20180711,86896MD01_016K_M04_multi_20180712_093000Z.aif,,,,interval,animal,,,,,,,,,,,,,,,,,machine,,,0.529449,1-1-f,parm file = FW2O_p25.mat
86896MD01_016K_M04_multi_20180712_093000Z.aif_1141,2018_UnivMD_Maryland_86896_Dep01_20180711,86896MD01_016K_M04_multi_20180712_093000Z.aif,,,,interval,animal,,,,,,,,,,,,,,,,,machine,,,0.573531,1-2-f,parm file = FW2O_p25.mat
86896MD01_016K_M04_multi_20180712_093000Z.aif_1186,2018_UnivMD_Maryland_86896_Dep01_20180711,86896MD01_016K_M04_multi_20180712_093000Z.aif,,,,interval,animal,,,,,,,,,,,,,,,,,machine,,,0.573606,1-4-f,parm file = FW2O_p25.mat
86896MD01_016K_M04_multi_20180712_094500Z.aif_1258,2018_UnivMD_Maryland_86896_Dep01_20180711,86896MD01_016K_M04_multi_20180712_094500Z.aif,,,,interval,animal,,,,,,,,,,,,,,,,,machine,,,0.555432,1-1-f,parm file = FW2O_p25.mat
86896MD01_016K_M04_multi_20180712_100000Z.aif_1406,2018_UnivMD_Maryland_86896_Dep01_20180711,86896MD01_016K_M04_multi_20180712_100000Z.aif,,,,interval,animal,,,,,,,,,,,,,,,,,machine,,,0.60039,1-4-f,parm file = FW2O_p25.mat
86896MD01_016K_M04_multi_20180712_100000Z.aif_1426,2018_UnivMD_Maryland_86896_Dep01_20180711,86896MD01_016K_M04_multi_20180712_100000Z.aif,,,,interval,animal,,,,,,,,,,,,,,,,,machine,,,0.586324,1-4-f,parm file = FW2O_p25.mat
86896MD01_016K_M04_multi_20180712_101500Z.aif_1596,2018_UnivMD_Maryland_86896_Dep01_20180711,86896MD01_016K_M04_multi_20180712_101500Z.aif,,,,interval,animal,,,,,,,,,,,,,,,,,machine,,,0.602408,1-4-f,parm file = FW2O_p25.mat
86896MD01_016K_M04_multi_20180712_101500Z.aif_1613,2018_UnivMD_Maryland_86896_Dep01_20180711,86896MD01_016K_M04_multi_20180712_101500Z.aif,,,,interval,animal,,,,,,,,,,,,,,,,,machine,,,0.567521,1-4-f,parm file = FW2O_p25.mat
86896MD01_016K_M04_multi_20180712_103000Z.aif_1699,2018_UnivMD_Maryland_86896_Dep01_20180711,86896MD01_016K_M04_multi_20180712_103000Z.aif,,,,interval,animal,,,,,,,,,,,,,,,,,machine,,,0.638251,1-4-f,parm file = FW2O_p25.mat
86896MD01_016K_M04_multi_20180712_104500Z.aif_1884,2018_UnivMD_Maryland_86896_Dep01_20180711,86896MD01_016K_M04_multi_20180712_104500Z.aif,,,,interval,animal,,,,,,,,,,,,,,,,,machine,,,0.592707,1-2-f,parm file = FW2O_p25.mat
86896MD01_016K_M04_multi_20180712_104500Z.aif_1942,2018_UnivMD_Maryland_86896_Dep01_20180711,86896MD01_016K_M04_multi_20180712_104500Z.aif,,,,interval,animal,,,,,,,,,,,,,,,,,machine,,,0.531967,1-2-f,parm file = FW2O_p25.mat
86896MD01_016K_M04_multi_20180712_110000Z.aif_2058,2018_UnivMD_Maryland_86896_Dep01_20180711,86896MD01_016K_M04_multi_20180712_110000Z.aif,,,,interval,animal,,,,,,,,,,,,,,,,,machine,,,0.581135,1-1-f,parm file = FW2O_p25.mat
86896MD01_016K_M04_multi_20180712_111500Z.aif_2146,2018_UnivMD_Maryland_86896_Dep01_20180711,86896MD01_016K_M04_multi_20180712_111500Z.aif,,,,interval,animal,,,,,,,,,,,,,,,,,machine,,,0.581505,1-1-f,parm file = FW2O_p25.mat
86896MD01_016K_M04_multi_20180712_114500Z.aif_2352,2018_UnivMD_Maryland_86896_Dep01_20180711,86896MD01_016K_M04_multi_20180712_114500Z.aif,,,,interval,animal,,,,,,,,,,,,,,,,,machine,,,0.568996,1-2-f,parm file = FW2O_p25.mat
86896MD01_016K_M04_multi_20180712_114500Z.aif_2367,2018_UnivMD_Maryland_86896_Dep01_20180711,86896MD01_016K_M04_multi_20180712_114500Z.aif,,,,interval,animal,,,,,,,,,,,,,,,,,machine,,,0.542843,1-2-f,parm file = FW2O_p25.mat
86896MD01_016K_M04_multi_20180712_120000Z.aif_2444,2018_UnivMD_Maryland_86896_Dep01_20180711,86896MD01_016K_M04_multi_20180712_120000Z.aif,,,,interval,animal,,,,,,,,,,,,,,,,,machine,,,0.516343,1-2-f,parm file = FW2O_p25.mat
86896MD01_016K_M04_multi_20180712_120000Z.aif_2465,2018_UnivMD_Maryland_86896_Dep01_20180711,86896MD01_016K_M04_multi_20180712_120000Z.aif,,,,interval,animal,,,,,,,,,,,,,,,,,machine,,,0.521991,1-2-f,parm file = FW2O_p25.mat
86896MD01_016K_M04_multi_20180712_121500Z.aif_2640,2018_UnivMD_Maryland_86896_Dep01_20180711,86896MD01_016K_M04_multi_20180712_121500Z.aif,,,,interval,animal,,,,,,,,,,,,,,,,,machine,,,0.513927,1-1-f,parm file = FW2O_p25.mat
86896MD01_016K_M04_multi_20180712_133000Z.aif_3167,2018_UnivMD_Maryland_86896_Dep01_20180711,86896MD01_016K_M04_multi_20180712_133000Z.aif,,,,interval,animal,,,,,,,,,,,,,,,,,machine,,,0.564457,1-1-f,parm file = FW2O_p25.mat
86896MD01_016K_M04_multi_20180712_134500Z.aif_3277,2018_UnivMD_Maryland_86896_Dep01_20180711,86896MD01_016K_M04_multi_20180712_134500Z.aif,,,,interval,animal,,,,,,,,,,,,,,,,,machine,,,0.557385,1-1-f,parm file = FW2O_p25.mat
86896MD01_016K_M04_multi_20180712_140000Z.aif_3379,2018_UnivMD_Maryland_86896_Dep01_20180711,86896MD01_016K_M04_multi_20180712_140000Z.aif,,,,interval,animal,,,,,,,,,,,,,,,,,machine,,,0.520679,1-2-f,parm file = FW2O_p25.mat
86896MD01_016K_M04_multi_20180712_143000Z.aif_3568,2018_UnivMD_Maryland_86896_Dep01_20180711,86896MD01_016K_M04_multi_20180712_143000Z.aif,,,,interval,animal,,,,,,,,,,,,,,,,,machine,,,0.502073,1-1-f,parm file = FW2O_p25.mat
86896MD01_016K_M04_multi_20180712_144500Z.aif_3581,2018_UnivMD_Maryland_86896_Dep01_20180711,86896MD01_016K_M04_multi_20180712_144500Z.aif,,,,interval,animal,,,,,,,,,,,,,,,,,machine,,,0.500019,1-1-f,parm file = FW2O_p25.mat
86896MD01_016K_M04_multi_20180712_144500Z.aif_3628,2018_UnivMD_Maryland_86896_Dep01_20180711,86896MD01_016K_M04_multi_20180712_144500Z.aif,,,,interval,animal,,,,,,,,,,,,,,,,,machine,,,0.570599,1-2-f,parm file = FW2O_p25.mat
86896MD01_016K_M04_multi_20180712_144500Z.aif_3660,2018_UnivMD_Maryland_86896_Dep01_20180711,86896MD01_016K_M04_multi_20180712_144500Z.aif,,,,interval,animal,,,,,,,,,,,,,,,,,machine,,,0.520692,1-2-f,parm file = FW2O_p25.mat
86896MD01_016K_M04_multi_20180712_150000Z.aif_3726,2018_UnivMD_Maryland_86896_Dep01_20180711,86896MD01_016K_M04_multi_20180712_150000Z.aif,,,,interval,animal,,,,,,,,,,,,,,,,,machine,,,0.604539,1-1-f,parm file = FW2O_p25.mat
86896MD01_016K_M04_multi_20180712_150000Z.aif_3752,2018_UnivMD_Maryland_86896_Dep01_20180711,86896MD01_016K_M04_multi_20180712_150000Z.aif,,,,interval,animal,,,,,,,,,,,,,,,,,machine,,,0.512729,1-2-f,parm file = FW2O_p25.mat
86896MD01_016K_M04_multi_20180712_150000Z.aif_3798,2018_UnivMD_Maryland_86896_Dep01_20180711,86896MD01_016K_M04_multi_20180712_150000Z.aif,,,,interval,animal,,,,,,,,,,,,,,,,,machine,,,0.547126,1-2-f,parm file = FW2O_p25.mat
86896MD01_016K_M04_multi_20180712_151500Z.aif_3821,2018_UnivMD_Maryland_86896_Dep01_20180711,86896MD01_016K_M04_multi_20180712_151500Z.aif,,,,interval,animal,,,,,,,,,,,,,,,,,machine,,,0.558677,1-2-f,parm file = FW2O_p25.mat
86896MD01_016K_M04_multi_20180712_153000Z.aif_3924,2018_UnivMD_Maryland_86896_Dep01_20180711,86896MD01_016K_M04_multi_20180712_153000Z.aif,,,,interval,animal,,,,,,,,,,,,,,,,,machine,,,0.504255,1-1-f,parm file = FW2O_p25.mat
86896MD01_016K_M04_multi_20180712_154500Z.aif_4077,2018_UnivMD_Maryland_86896_Dep01_20180711,86896MD01_016K_M04_multi_20180712_154500Z.aif,,,,interval,animal,,,,,,,,,,,,,,,,,machine,,,0.508075,1-2-f,parm file = FW2O_p25.mat
86896MD01_016K_M04_multi_20180712_154500Z.aif_4109,2018_UnivMD_Maryland_86896_Dep01_20180711,86896MD01_016K_M04_multi_20180712_154500Z.aif,,,,interval,animal,,,,,,,,,,,,,,,,,machine,,,0.594008,1-2-f,parm file = FW2O_p25.mat
86896MD01_016K_M04_multi_20180712_161500Z.aif_4326,2018_UnivMD_Maryland_86896_Dep01_20180711,86896MD01_016K_M04_multi_20180712_161500Z.aif,,,,interval,animal,,,,,,,,,,,,,,,,,machine,,,0.537146,1-2-f,parm file = FW2O_p25.mat
86896MD01_016K_M04_multi_20180712_164500Z.aif_4435,2018_UnivMD_Maryland_86896_Dep01_20180711,86896MD01_016K_M04_multi_20180712_164500Z.aif,,,,interval,animal,,,,,,,,,,,,,,,,,machine,,,0.660882,1-1-f,parm file = FW2O_p25.mat
86896MD01_016K_M04_multi_20180712_191500Z.aif_4580,2018_UnivMD_Maryland_86896_Dep01_20180711,86896MD01_016K_M04_multi_20180712_191500Z.aif,,,,interval,animal,,,,,,,,,,,,,,,,,machine,,,0.513515,1-4-f,parm file = FW2O_p25.mat
86896MD01_016K_M04_multi_20180712_210000Z.aif_4713,2018_UnivMD_Maryland_86896_Dep01_20180711,86896MD01_016K_M04_multi_20180712_210000Z.aif,,,,interval,animal,,,,,,,,,,,,,,,,,machine,,,0.614362,1-4-f,parm file = FW2O_p25.mat
86896MD01_016K_M04_multi_20180713_064500Z.aif_4787,2018_UnivMD_Maryland_86896_Dep01_20180711,86896MD01_016K_M04_multi_20180713_064500Z.aif,,,,interval,animal,,,,,,,,,,,,,,,,,machine,,,0.511877,1-4-f,parm file = FW2O_p25.mat
86896MD01_016K_M04_multi_20180713_104500Z.aif_4807,2018_UnivMD_Maryland_86896_Dep01_20180711,86896MD01_016K_M04_multi_20180713_104500Z.aif,,,,interval,animal,,,,,,,,,,,,,,,,,machine,,,0.501424,1-4-f,parm file = FW2O_p25.mat
86896MD01_016K_M04_multi_20180713_163000Z.aif_4866,2018_UnivMD_Maryland_86896_Dep01_20180711,86896MD01_016K_M04_multi_20180713_163000Z.aif,,,,interval,animal,,,,,,,,,,,,,,,,,machine,,,0.518014,1-4-f,parm file = FW2O_p25.mat
86896MD01_016K_M04_multi_20180713_190000Z.aif_4895,2018_UnivMD_Maryland_86896_Dep01_20180711,86896MD01_016K_M04_multi_20180713_190000Z.aif,,,,interval,animal,,,,,,,,,,,,,,,,,machine,,,0.525678,1-4-f,parm file = FW2O_p25.mat
86896MD01_016K_M04_multi_20180714_100000Z.aif_5206,2018_UnivMD_Maryland_86896_Dep01_20180711,86896MD01_016K_M04_multi_20180714_100000Z.aif,,,,interval,animal,,,,,,,,,,,,,,,,,machine,,,0.534595,1-4-f,parm file = FW2O_p25.mat
86896MD01_016K_M04_multi_20180714_144500Z.aif_5308,2018_UnivMD_Maryland_86896_Dep01_20180711,86896MD01_016K_M04_multi_20180714_144500Z.aif,,,,interval,animal,,,,,,,,,,,,,,,,,machine,,,0.621609,1-4-f,parm file = FW2O_p25.mat
86896MD01_016K_M04_multi_20180714_144500Z.aif_5317,2018_UnivMD_Maryland_86896_Dep01_20180711,86896MD01_016K_M04_multi_20180714_144500Z.aif,,,,interval,animal,,,,,,,,,,,,,,,,,machine,,,0.500877,1-4-f,parm file = FW2O_p25.mat
86896MD01_016K_M04_multi_20180714_151500Z.aif_5323,2018_UnivMD_Maryland_86896_Dep01_20180711,86896MD01_016K_M04_multi_20180714_151500Z.aif,,,,interval,animal,,,,,,,,,,,,,,,,,machine,,,0.519639,1-4-f,parm file = FW2O_p25.mat
86896MD01_016K_M04_multi_20180714_171500Z.aif_5370,2018_UnivMD_Maryland_86896_Dep01_20180711,86896MD01_016K_M04_multi_20180714_171500Z.aif,,,,interval,animal,,,,,,,,,,,,,,,,,machine,,,0.660118,1-4-f,parm file = FW2O_p25.mat
86896MD01_016K_M04_multi_20180714_171500Z.aif_5392,2018_UnivMD_Maryland_86896_Dep01_20180711,86896MD01_016K_M04_multi_20180714_171500Z.aif,,,,interval,animal,,,,,,,,,,,,,,,,,machine,,,0.533543,1-2-f,parm file = FW2O_p25.mat
86896MD01_016K_M04_multi_20180714_231500Z.aif_5509,2018_UnivMD_Maryland_86896_Dep01_20180711,86896MD01_016K_M04_multi_20180714_231500Z.aif,,,,interval,animal,,,,,,,,,,,,,,,,,machine,,,0.522652,1-4-f,parm file = FW2O_p25.mat
86896MD01_016K_M04_multi_20180715_081500Z.aif_5653,2018_UnivMD_Maryland_86896_Dep01_20180711,86896MD01_016K_M04_multi_20180715_081500Z.aif,,,,interval,animal,,,,,,,,,,,,,,,,,machine,,,0.554207,1-4-f,parm file = FW2O_p25.mat
86896MD01_016K_M04_multi_20180715_083000Z.aif_5681,2018_UnivMD_Maryland_86896_Dep01_20180711,86896MD01_016K_M04_multi_20180715_083000Z.aif,,,,interval,animal,,,,,,,,,,,,,,,,,machine,,,0.554442,1-4-f,parm file = FW2O_p25.mat
86896MD01_016K_M04_multi_20180720_014500Z.aif_6308,2018_UnivMD_Maryland_86896_Dep01_20180711,86896MD01_016K_M04_multi_20180720_014500Z.aif,,,,interval,animal,,,,,,,,,,,,,,,,,machine,,,0.519433,1-4-f,parm file = FW2O_p25.mat
86896MD01_016K_M04_multi_20180720_020000Z.aif_6338,2018_UnivMD_Maryland_86896_Dep01_20180711,86896MD01_016K_M04_multi_20180720_020000Z.aif,,,,interval,animal,,,,,,,,,,,,,,,,,machine,,,0.605324,1-4-f,parm file = FW2O_p25.mat
86896MD01_016K_M04_multi_20180720_020000Z.aif_6362,2018_UnivMD_Maryland_86896_Dep01_20180711,86896MD01_016K_M04_multi_20180720_020000Z.aif,,,,interval,animal,,,,,,,,,,,,,,,,,machine,,,0.595807,1-4-f,parm file = FW2O_p25.mat
86896MD01_016K_M04_multi_20180720_020000Z.aif_6409,2018_UnivMD_Maryland_86896_Dep01_20180711,86896MD01_016K_M04_multi_20180720_020000Z.aif,,,,interval,animal,,,,,,,,,,,,,,,,,machine,,,0.533615,1-4-f,parm file = FW2O_p25.mat
86896MD01_016K_M04_multi_20180720_021500Z.aif_6496,2018_UnivMD_Maryland_86896_Dep01_20180711,86896MD01_016K_M04_multi_20180720_021500Z.aif,,,,interval,animal,,,,,,,,,,,,,,,,,machine,,,0.549244,1-4-f,parm file = FW2O_p25.mat
86896MD01_016K_M04_multi_20180720_021500Z.aif_6556,2018_UnivMD_Maryland_86896_Dep01_20180711,86896MD01_016K_M04_multi_20180720_021500Z.aif,,,,interval,animal,,,,,,,,,,,,,,,,,machine,,,0.533201,1-4-f,parm file = FW2O_p25.mat
86896MD01_016K_M04_multi_20180720_023000Z.aif_6793,2018_UnivMD_Maryland_86896_Dep01_20180711,86896MD01_016K_M04_multi_20180720_023000Z.aif,,,,interval,animal,,,,,,,,,,,,,,,,,machine,,,0.614604,1-4-f,parm file = FW2O_p25.mat
86896MD01_016K_M04_multi_20180720_024500Z.aif_6956,2018_UnivMD_Maryland_86896_Dep01_20180711,86896MD01_016K_M04_multi_20180720_024500Z.aif,,,,interval,animal,,,,,,,,,,,,,,,,,machine,,,0.585939,1-4-f,parm file = FW2O_p25.mat
86896MD01_016K_M04_multi_20180720_024500Z.aif_7046,2018_UnivMD_Maryland_86896_Dep01_20180711,86896MD01_016K_M04_multi_20180720_024500Z.aif,,,,interval,animal,,,,,,,,,,,,,,,,,machine,,,0.698274,1-4-f,parm file = FW2O_p25.mat
86896MD01_016K_M04_multi_20180720_024500Z.aif_7050,2018_UnivMD_Maryland_86896_Dep01_20180711,86896MD01_016K_M04_multi_20180720_024500Z.aif,,,,interval,animal,,,,,,,,,,,,,,,,,machine,,,0.677535,1-4-f,parm file = FW2O_p25.mat
86896MD01_016K_M04_multi_20180720_024500Z.aif_7099,2018_UnivMD_Maryland_86896_Dep01_20180711,86896MD01_016K_M04_multi_20180720_024500Z.aif,,,,interval,animal,,,,,,,,,,,,,,,,,machine,,,0.644813,1-4-f,parm file = FW2O_p25.mat
86896MD01_016K_M04_multi_20180720_030000Z.aif_7300,2018_UnivMD_Maryland_86896_Dep01_20180711,86896MD01_016K_M04_multi_20180720_030000Z.aif,,,,interval,animal,,,,,,,,,,,,,,,,,machine,,,0.51557,1-4-f,parm file = FW2O_p25.mat
86896MD01_016K_M04_multi_20180720_031500Z.aif_7382,2018_UnivMD_Maryland_86896_Dep01_20180711,86896MD01_016K_M04_multi_20180720_031500Z.aif,,,,interval,animal,,,,,,,,,,,,,,,,,machine,,,0.529304,1-4-f,parm file = FW2O_p25.mat
86896MD01_016K_M04_multi_20180720_033000Z.aif_7528,2018_UnivMD_Maryland_86896_Dep01_20180711,86896MD01_016K_M04_multi_20180720_033000Z.aif,,,,interval,animal,,,,,,,,,,,,,,,,,machine,,,0.50211,1-4-f,parm file = FW2O_p25.mat
86896MD01_016K_M04_multi_20180720_033000Z.aif_7545,2018_UnivMD_Maryland_86896_Dep01_20180711,86896MD01_016K_M04_multi_20180720_033000Z.aif,,,,interval,animal,,,,,,,,,,,,,,,,,machine,,,0.536393,1-4-f,parm file = FW2O_p25.mat
86896MD01_016K_M04_multi_20180720_034500Z.aif_7701,2018_UnivMD_Maryland_86896_Dep01_20180711,86896MD01_016K_M04_multi_20180720_034500Z.aif,,,,interval,animal,,,,,,,,,,,,,,,,,machine,,,0.572382,1-4-f,parm file = FW2O_p25.mat
86896MD01_016K_M04_multi_20180720_034500Z.aif_7793,2018_UnivMD_Maryland_86896_Dep01_20180711,86896MD01_016K_M04_multi_20180720_034500Z.aif,,,,interval,animal,,,,,,,,,,,,,,,,,machine,,,0.526063,1-4-f,parm file = FW2O_p25.mat
86896MD01_016K_M04_multi_20180720_040000Z.aif_7867,2018_UnivMD_Maryland_86896_Dep01_20180711,86896MD01_016K_M04_multi_20180720_040000Z.aif,,,,interval,animal,,,,,,,,,,,,,,,,,machine,,,0.527504,1-4-f,parm file = FW2O_p25.mat
86896MD01_016K_M04_multi_20180720_040000Z.aif_7885,2018_UnivMD_Maryland_86896_Dep01_20180711,86896MD01_016K_M04_multi_20180720_040000Z.aif,,,,interval,animal,,,,,,,,,,,,,,,,,machine,,,0.645268,1-4-f,parm file = FW2O_p25.mat
86896MD01_016K_M04_multi_20180720_040000Z.aif_7899,2018_UnivMD_Maryland_86896_Dep01_20180711,86896MD01_016K_M04_multi_20180720_040000Z.aif,,,,interval,animal,,,,,,,,,,,,,,,,,machine,,,0.514945,1-4-f,parm file = FW2O_p25.mat
86896MD01_016K_M04_multi_20180720_084500Z.aif_8098,2018_UnivMD_Maryland_86896_Dep01_20180711,86896MD01_016K_M04_multi_20180720_084500Z.aif,,,,interval,animal,,,,,,,,,,,,,,,,,machine,,,0.539209,1-4-f,parm file = FW2O_p25.mat
86896MD01_016K_M04_multi_20180720_171500Z.aif_8163,2018_UnivMD_Maryland_86896_Dep01_20180711,86896MD01_016K_M04_multi_20180720_171500Z.aif,,,,interval,animal,,,,,,,,,,,,,,,,,machine,,,0.521765,1-4-f,parm file = FW2O_p25.mat
86896MD01_016K_M04_multi_20180720_180000Z.aif_8240,2018_UnivMD_Maryland_86896_Dep01_20180711,86896MD01_016K_M04_multi_20180720_180000Z.aif,,,,interval,animal,,,,,,,,,,,,,,,,,machine,,,0.554233,1-4-f,parm file = FW2O_p25.mat
86896MD01_016K_M04_multi_20180721_031500Z.aif_8291,2018_UnivMD_Maryland_86896_Dep01_20180711,86896MD01_016K_M04_multi_20180721_031500Z.aif,,,,interval,animal,,,,,,,,,,,,,,,,,machine,,,0.503272,1-2-f,parm file = FW2O_p25.mat
86896MD01_016K_M04_multi_20180721_161500Z.aif_8421,2018_UnivMD_Maryland_86896_Dep01_20180711,86896MD01_016K_M04_multi_20180721_161500Z.aif,,,,interval,animal,,,,,,,,,,,,,,,,,machine,,,0.509867,1-2-f,parm file = FW2O_p25.mat
86896MD01_016K_M04_multi_20180721_170000Z.aif_8448,2018_UnivMD_Maryland_86896_Dep01_20180711,86896MD01_016K_M04_multi_20180721_170000Z.aif,,,,interval,animal,,,,,,,,,,,,,,,,,machine,,,0.511374,1-2-f,parm file = FW2O_p25.mat
86896MD01_016K_M04_multi_20180721_174500Z.aif_8462,2018_UnivMD_Maryland_86896_Dep01_20180711,86896MD01_016K_M04_multi_20180721_174500Z.aif,,,,interval,animal,,,,,,,,,,,,,,,,,machine,,,0.570644,1-4-f,parm file = FW2O_p25.mat
86896MD01_016K_M04_multi_20180721_183000Z.aif_8479,2018_UnivMD_Maryland_86896_Dep01_20180711,86896MD01_016K_M04_multi_20180721_183000Z.aif,,,,interval,animal,,,,,,,,,,,,,,,,,machine,,,0.504159,1-1-f,parm file = FW2O_p25.mat
86896MD01_016K_M04_multi_20180722_053000Z.aif_8545,2018_UnivMD_Maryland_86896_Dep01_20180711,86896MD01_016K_M04_multi_20180722_053000Z.aif,,,,interval,animal,,,,,,,,,,,,,,,,,machine,,,0.528333,1-4-f,parm file = FW2O_p25.mat
86896MD01_016K_M04_multi_20180722_074500Z.aif_8582,2018_UnivMD_Maryland_86896_Dep01_20180711,86896MD01_016K_M04_multi_20180722_074500Z.aif,,,,interval,animal,,,,,,,,,,,,,,,,,machine,,,0.52505,1-2-f,parm file = FW2O_p25.mat
86896MD01_016K_M04_multi_20180722_104500Z.aif_8736,2018_UnivMD_Maryland_86896_Dep01_20180711,86896MD01_016K_M04_multi_20180722_104500Z.aif,,,,interval,animal,,,,,,,,,,,,,,,,,machine,,,0.570818,1-4-f,parm file = FW2O_p25.mat
86896MD01_016K_M04_multi_20180722_104500Z.aif_8739,2018_UnivMD_Maryland_86896_Dep01_20180711,86896MD01_016K_M04_multi_20180722_104500Z.aif,,,,interval,animal,,,,,,,,,,,,,,,,,machine,,,0.623053,1-4-f,parm file = FW2O_p25.mat
86896MD01_016K_M04_multi_20180722_113000Z.aif_8826,2018_UnivMD_Maryland_86896_Dep01_20180711,86896MD01_016K_M04_multi_20180722_113000Z.aif,,,,interval,animal,,,,,,,,,,,,,,,,,machine,,,0.561189,1-4-f,parm file = FW2O_p25.mat
86896MD01_016K_M04_multi_20180722_183000Z.aif_9089,2018_UnivMD_Maryland_86896_Dep01_20180711,86896MD01_016K_M04_multi_20180722_183000Z.aif,,,,interval,animal,,,,,,,,,,,,,,,,,machine,,,0.502068,1-4-f,parm file = FW2O_p25.mat
86896MD01_016K_M04_multi_20180722_210000Z.aif_9174,2018_UnivMD_Maryland_86896_Dep01_20180711,86896MD01_016K_M04_multi_20180722_210000Z.aif,,,,interval,animal,,,,,,,,,,,,,,,,,machine,,,0.557882,1-4-f,parm file = FW2O_p25.mat
86896MD01_016K_M04_multi_20180722_213000Z.aif_9230,2018_UnivMD_Maryland_86896_Dep01_20180711,86896MD01_016K_M04_multi_20180722_213000Z.aif,,,,interval,animal,,,,,,,,,,,,,,,,,machine,,,0.510335,1-1-f,parm file = FW2O_p25.mat
86896MD01_016K_M04_multi_20180722_214500Z.aif_9299,2018_UnivMD_Maryland_86896_Dep01_20180711,86896MD01_016K_M04_multi_20180722_214500Z.aif,,,,interval,animal,,,,,,,,,,,,,,,,,machine,,,0.555039,1-2-f,parm file = FW2O_p25.mat
86896MD01_016K_M04_multi_20180722_220000Z.aif_9315,2018_UnivMD_Maryland_86896_Dep01_20180711,86896MD01_016K_M04_multi_20180722_220000Z.aif,,,,interval,animal,,,,,,,,,,,,,,,,,machine,,,0.748796,1-4-f,parm file = FW2O_p25.mat
86896MD01_016K_M04_multi_20180722_221500Z.aif_9360,2018_UnivMD_Maryland_86896_Dep01_20180711,86896MD01_016K_M04_multi_20180722_221500Z.aif,,,,interval,animal,,,,,,,,,,,,,,,,,machine,,,0.511355,1-4-f,parm file = FW2O_p25.mat
86896MD01_016K_M04_multi_20180722_230000Z.aif_9399,2018_UnivMD_Maryland_86896_Dep01_20180711,86896MD01_016K_M04_multi_20180722_230000Z.aif,,,,interval,animal,,,,,,,,,,,,,,,,,machine,,,0.612197,1-4-f,parm file = FW2O_p25.mat
86896MD01_016K_M04_multi_20180723_003000Z.aif_9446,2018_UnivMD_Maryland_86896_Dep01_20180711,86896MD01_016K_M04_multi_20180723_003000Z.aif,,,,interval,animal,,,,,,,,,,,,,,,,,machine,,,0.585166,1-4-f,parm file = FW2O_p25.mat
86896MD01_016K_M04_multi_20180723_004500Z.aif_9473,2018_UnivMD_Maryland_86896_Dep01_20180711,86896MD01_016K_M04_multi_20180723_004500Z.aif,,,,interval,animal,,,,,,,,,,,,,,,,,machine,,,0.570323,1-4-f,parm file = FW2O_p25.mat
86896MD01_016K_M04_multi_20180723_010000Z.aif_9486,2018_UnivMD_Maryland_86896_Dep01_20180711,86896MD01_016K_M04_multi_20180723_010000Z.aif,,,,interval,animal,,,,,,,,,,,,,,,,,machine,,,0.632991,1-4-f,parm file = FW2O_p25.mat
86896MD01_016K_M04_multi_20180723_013000Z.aif_9553,2018_UnivMD_Maryland_86896_Dep01_20180711,86896MD01_016K_M04_multi_20180723_013000Z.aif,,,,interval,animal,,,,,,,,,,,,,,,,,machine,,,0.651968,1-4-f,parm file = FW2O_p25.mat
86896MD01_016K_M04_multi_20180723_044500Z.aif_9773,2018_UnivMD_Maryland_86896_Dep01_20180711,86896MD01_016K_M04_multi_20180723_044500Z.aif,,,,interval,animal,,,,,,,,,,,,,,,,,machine,,,0.525827,1-4-f,parm file = FW2O_p25.mat
86896MD01_016K_M04_multi_20180723_060000Z.aif_9786,2018_UnivMD_Maryland_86896_Dep01_20180711,86896MD01_016K_M04_multi_20180723_060000Z.aif,,,,interval,animal,,,,,,,,,,,,,,,,,machine,,,0.502008,1-4-f,parm file = FW2O_p25.mat
86896MD01_016K_M04_multi_20180723_064500Z.aif_9809,2018_UnivMD_Maryland_86896_Dep01_20180711,86896MD01_016K_M04_multi_20180723_064500Z.aif,,,,interval,animal,,,,,,,,,,,,,,,,,machine,,,0.532713,1-4-f,parm file = FW2O_p25.mat
86896MD01_016K_M04_multi_20180723_070000Z.aif_9830,2018_UnivMD_Maryland_86896_Dep01_20180711,86896MD01_016K_M04_multi_20180723_070000Z.aif,,,,interval,animal,,,,,,,,,,,,,,,,,machine,,,0.600817,1-4-f,parm file = FW2O_p25.mat
86896MD01_016K_M04_multi_20180723_080000Z.aif_9883,2018_UnivMD_Maryland_86896_Dep01_20180711,86896MD01_016K_M04_multi_20180723_080000Z.aif,,,,interval,animal,,,,,,,,,,,,,,,,,machine,,,0.611125,1-2-f,parm file = FW2O_p25.mat
86896MD01_016K_M04_multi_20180723_121500Z.aif_9937,2018_UnivMD_Maryland_86896_Dep01_20180711,86896MD01_016K_M04_multi_20180723_121500Z.aif,,,,interval,animal,,,,,,,,,,,,,,,,,machine,,,0.555136,1-4-f,parm file = FW2O_p25.mat
86896MD01_016K_M04_multi_20180723_154500Z.aif_10022,2018_UnivMD_Maryland_86896_Dep01_20180711,86896MD01_016K_M04_multi_20180723_154500Z.aif,,,,interval,animal,,,,,,,,,,,,,,,,,machine,,,0.541635,1-4-f,parm file = FW2O_p25.mat
86896MD01_016K_M04_multi_20180723_223000Z.aif_10110,2018_UnivMD_Maryland_86896_Dep01_20180711,86896MD01_016K_M04_multi_20180723_223000Z.aif,,,,interval,animal,,,,,,,,,,,,,,,,,machine,,,0.500856,1-4-f,parm file = FW2O_p25.mat
86896MD01_016K_M04_multi_20180723_230000Z.aif_10126,2018_UnivMD_Maryland_86896_Dep01_20180711,86896MD01_016K_M04_multi_20180723_230000Z.aif,,,,interval,animal,,,,,,,,,,,,,,,,,machine,,,0.576741,1-4-f,parm file = FW2O_p25.mat
86896MD01_016K_M04_multi_20180723_234500Z.aif_10148,2018_UnivMD_Maryland_86896_Dep01_20180711,86896MD01_016K_M04_multi_20180723_234500Z.aif,,,,interval,animal,,,,,,,,,,,,,,,,,machine,,,0.561641,1-2-f,parm file = FW2O_p25.mat
86896MD01_016K_M04_multi_20180724_044500Z.aif_10258,2018_UnivMD_Maryland_86896_Dep01_20180711,86896MD01_016K_M04_multi_20180724_044500Z.aif,,,,interval,animal,,,,,,,,,,,,,,,,,machine,,,0.571297,1-4-f,parm file = FW2O_p25.mat
86896MD01_016K_M04_multi_20180724_071500Z.aif_10309,2018_UnivMD_Maryland_86896_Dep01_20180711,86896MD01_016K_M04_multi_20180724_071500Z.aif,,,,interval,animal,,,,,,,,,,,,,,,,,machine,,,0.581431,1-4-f,parm file = FW2O_p25.mat
86896MD01_016K_M04_multi_20180724_150000Z.aif_10480,2018_UnivMD_Maryland_86896_Dep01_20180711,86896MD01_016K_M04_multi_20180724_150000Z.aif,,,,interval,animal,,,,,,,,,,,,,,,,,machine,,,0.507657,1-4-f,parm file = FW2O_p25.mat
86896MD01_016K_M04_multi_20180724_171500Z.aif_10515,2018_UnivMD_Maryland_86896_Dep01_20180711,86896MD01_016K_M04_multi_20180724_171500Z.aif,,,,interval,animal,,,,,,,,,,,,,,,,,machine,,,0.574685,1-4-f,parm file = FW2O_p25.mat
86896MD01_016K_M04_multi_20180724_210000Z.aif_10569,2018_UnivMD_Maryland_86896_Dep01_20180711,86896MD01_016K_M04_multi_20180724_210000Z.aif,,,,interval,animal,,,,,,,,,,,,,,,,,machine,,,0.634677,1-4-f,parm file = FW2O_p25.mat
86896MD01_016K_M04_multi_20180724_211500Z.aif_10576,2018_UnivMD_Maryland_86896_Dep01_20180711,86896MD01_016K_M04_multi_20180724_211500Z.aif,,,,interval,animal,,,,,,,,,,,,,,,,,machine,,,0.501166,1-4-f,parm file = FW2O_p25.mat
86896MD01_016K_M04_multi_20180725_020000Z.aif_10768,2018_UnivMD_Maryland_86896_Dep01_20180711,86896MD01_016K_M04_multi_20180725_020000Z.aif,,,,interval,animal,,,,,,,,,,,,,,,,,machine,,,0.621745,1-4-f,parm file = FW2O_p25.mat
86896MD01_016K_M04_multi_20180725_033000Z.aif_10806,2018_UnivMD_Maryland_86896_Dep01_20180711,86896MD01_016K_M04_multi_20180725_033000Z.aif,,,,interval,animal,,,,,,,,,,,,,,,,,machine,,,0.602219,1-4-f,parm file = FW2O_p25.mat
86896MD01_016K_M04_multi_20180725_050000Z.aif_10906,2018_UnivMD_Maryland_86896_Dep01_20180711,86896MD01_016K_M04_multi_20180725_050000Z.aif,,,,interval,animal,,,,,,,,,,,,,,,,,machine,,,0.655539,1-4-f,parm file = FW2O_p25.mat
86896MD01_016K_M04_multi_20180725_051500Z.aif_10912,2018_UnivMD_Maryland_86896_Dep01_20180711,86896MD01_016K_M04_multi_20180725_051500Z.aif,,,,interval,animal,,,,,,,,,,,,,,,,,machine,,,0.545803,1-4-f,parm file = FW2O_p25.mat
86896MD01_016K_M04_multi_20180725_060000Z.aif_10967,2018_UnivMD_Maryland_86896_Dep01_20180711,86896MD01_016K_M04_multi_20180725_060000Z.aif,,,,interval,animal,,,,,,,,,,,,,,,,,machine,,,0.531363,1-4-f,parm file = FW2O_p25.mat
86896MD01_016K_M04_multi_20180725_060000Z.aif_10976,2018_UnivMD_Maryland_86896_Dep01_20180711,86896MD01_016K_M04_multi_20180725_060000Z.aif,,,,interval,animal,,,,,,,,,,,,,,,,,machine,,,0.59001,1-4-f,parm file = FW2O_p25.mat
86896MD01_016K_M04_multi_20180725_060000Z.aif_10987,2018_UnivMD_Maryland_86896_Dep01_20180711,86896MD01_016K_M04_multi_20180725_060000Z.aif,,,,interval,animal,,,,,,,,,,,,,,,,,machine,,,0.672973,1-4-f,parm file = FW2O_p25.mat
86896MD01_016K_M04_multi_20180725_094500Z.aif_11076,2018_UnivMD_Maryland_86896_Dep01_20180711,86896MD01_016K_M04_multi_20180725_094500Z.aif,,,,interval,animal,,,,,,,,,,,,,,,,,machine,,,0.538172,1-4-f,parm file = FW2O_p25.mat
86896MD01_016K_M04_multi_20180725_134500Z.aif_11134,2018_UnivMD_Maryland_86896_Dep01_20180711,86896MD01_016K_M04_multi_20180725_134500Z.aif,,,,interval,animal,,,,,,,,,,,,,,,,,machine,,,0.64183,1-4-f,parm file = FW2O_p25.mat
86896MD01_016K_M04_multi_20180725_140000Z.aif_11171,2018_UnivMD_Maryland_86896_Dep01_20180711,86896MD01_016K_M04_multi_20180725_140000Z.aif,,,,interval,animal,,,,,,,,,,,,,,,,,machine,,,0.522177,1-4-f,parm file = FW2O_p25.mat
86896MD01_016K_M04_multi_20180725_181500Z.aif_11386,2018_UnivMD_Maryland_86896_Dep01_20180711,86896MD01_016K_M04_multi_20180725_181500Z.aif,,,,interval,animal,,,,,,,,,,,,,,,,,machine,,,0.551473,1-4-f,parm file = FW2O_p25.mat
86896MD01_016K_M04_multi_20180725_201500Z.aif_11451,2018_UnivMD_Maryland_86896_Dep01_20180711,86896MD01_016K_M04_multi_20180725_201500Z.aif,,,,interval,animal,,,,,,,,,,,,,,,,,machine,,,0.563412,1-4-f,parm file = FW2O_p25.mat
86896MD01_016K_M04_multi_20180726_030000Z.aif_11540,2018_UnivMD_Maryland_86896_Dep01_20180711,86896MD01_016K_M04_multi_20180726_030000Z.aif,,,,interval,animal,,,,,,,,,,,,,,,,,machine,,,0.567544,1-4-f,parm file = FW2O_p25.mat
86896MD01_016K_M04_multi_20180726_080000Z.aif_11740,2018_UnivMD_Maryland_86896_Dep01_20180711,86896MD01_016K_M04_multi_20180726_080000Z.aif,,,,interval,animal,,,,,,,,,,,,,,,,,machine,,,0.509118,1-4-f,parm file = FW2O_p25.mat
86896MD01_016K_M04_multi_20180726_183000Z.aif_11856,2018_UnivMD_Maryland_86896_Dep01_20180711,86896MD01_016K_M04_multi_20180726_183000Z.aif,,,,interval,animal,,,,,,,,,,,,,,,,,machine,,,0.50958,1-4-f,parm file = FW2O_p25.mat
86896MD01_016K_M04_multi_20180727_080000Z.aif_12173,2018_UnivMD_Maryland_86896_Dep01_20180711,86896MD01_016K_M04_multi_20180727_080000Z.aif,,,,interval,animal,,,,,,,,,,,,,,,,,machine,,,0.523754,1-4-f,parm file = FW2O_p25.mat
86896MD01_016K_M04_multi_20180727_111500Z.aif_12187,2018_UnivMD_Maryland_86896_Dep01_20180711,86896MD01_016K_M04_multi_20180727_111500Z.aif,,,,interval,animal,,,,,,,,,,,,,,,,,machine,,,0.526172,1-4-f,parm file = FW2O_p25.mat
86896MD01_016K_M04_multi_20180727_120000Z.aif_12196,2018_UnivMD_Maryland_86896_Dep01_20180711,86896MD01_016K_M04_multi_20180727_120000Z.aif,,,,interval,animal,,,,,,,,,,,,,,,,,machine,,,0.575641,1-4-f,parm file = FW2O_p25.mat
86896MD01_016K_M04_multi_20180727_171500Z.aif_12270,2018_UnivMD_Maryland_86896_Dep01_20180711,86896MD01_016K_M04_multi_20180727_171500Z.aif,,,,interval,animal,,,,,,,,,,,,,,,,,machine,,,0.573743,1-4-f,parm file = FW2O_p25.mat
86896MD01_016K_M04_multi_20180727_173000Z.aif_12275,2018_UnivMD_Maryland_86896_Dep01_20180711,86896MD01_016K_M04_multi_20180727_173000Z.aif,,,,interval,animal,,,,,,,,,,,,,,,,,machine,,,0.51431,1-4-f,parm file = FW2O_p25.mat
86896MD01_016K_M04_multi_20180727_173000Z.aif_12285,2018_UnivMD_Maryland_86896_Dep01_20180711,86896MD01_016K_M04_multi_20180727_173000Z.aif,,,,interval,animal,,,,,,,,,,,,,,,,,machine,,,0.550133,1-4-f,parm file = FW2O_p25.mat
86896MD01_016K_M04_multi_20180727_173000Z.aif_12286,2018_UnivMD_Maryland_86896_Dep01_20180711,86896MD01_016K_M04_multi_20180727_173000Z.aif,,,,interval,animal,,,,,,,,,,,,,,,,,machine,,,0.63753,1-4-f,parm file = FW2O_p25.mat
86896MD01_016K_M04_multi_20180727_184500Z.aif_12377,2018_UnivMD_Maryland_86896_Dep01_20180711,86896MD01_016K_M04_multi_20180727_184500Z.aif,,,,interval,animal,,,,,,,,,,,,,,,,,machine,,,0.552084,1-4-f,parm file = FW2O_p25.mat
86896MD01_016K_M04_multi_20180727_221500Z.aif_12479,2018_UnivMD_Maryland_86896_Dep01_20180711,86896MD01_016K_M04_multi_20180727_221500Z.aif,,,,interval,animal,,,,,,,,,,,,,,,,,machine,,,0.504956,1-4-f,parm file = FW2O_p25.mat
86896MD01_016K_M04_multi_20180727_224500Z.aif_12623,2018_UnivMD_Maryland_86896_Dep01_20180711,86896MD01_016K_M04_multi_20180727_224500Z.aif,,,,interval,animal,,,,,,,,,,,,,,,,,machine,,,0.542799,1-4-f,parm file = FW2O_p25.mat
86896MD01_016K_M04_multi_20180728_143000Z.aif_12748,2018_UnivMD_Maryland_86896_Dep01_20180711,86896MD01_016K_M04_multi_20180728_143000Z.aif,,,,interval,animal,,,,,,,,,,,,,,,,,machine,,,0.505676,1-4-f,parm file = FW2O_p25.mat
86896MD01_016K_M04_multi_20180730_003000Z.aif_12993,2018_UnivMD_Maryland_86896_Dep01_20180711,86896MD01_016K_M04_multi_20180730_003000Z.aif,,,,interval,animal,,,,,,,,,,,,,,,,,machine,,,0.597364,1-2-f,parm file = FW2O_p25.mat
86896MD01_016K_M04_multi_20180730_130000Z.aif_13037,2018_UnivMD_Maryland_86896_Dep01_20180711,86896MD01_016K_M04_multi_20180730_130000Z.aif,,,,interval,animal,,,,,,,,,,,,,,,,,machine,,,0.625113,1-4-f,parm file = FW2O_p25.mat
86896MD01_016K_M04_multi_20180730_184500Z.aif_13075,2018_UnivMD_Maryland_86896_Dep01_20180711,86896MD01_016K_M04_multi_20180730_184500Z.aif,,,,interval,animal,,,,,,,,,,,,,,,,,machine,,,0.510216,1-4-f,parm file = FW2O_p25.mat
86896MD01_016K_M04_multi_20180731_123000Z.aif_13220,2018_UnivMD_Maryland_86896_Dep01_20180711,86896MD01_016K_M04_multi_20180731_123000Z.aif,,,,interval,animal,,,,,,,,,,,,,,,,,machine,,,0.520497,1-4-f,parm file = FW2O_p25.mat
86896MD01_016K_M04_multi_20180731_123000Z.aif_13227,2018_UnivMD_Maryland_86896_Dep01_20180711,86896MD01_016K_M04_multi_20180731_123000Z.aif,,,,interval,animal,,,,,,,,,,,,,,,,,machine,,,0.549792,1-4-f,parm file = FW2O_p25.mat
86896MD01_016K_M04_multi_20180731_174500Z.aif_13410,2018_UnivMD_Maryland_86896_Dep01_20180711,86896MD01_016K_M04_multi_20180731_174500Z.aif,,,,interval,animal,,,,,,,,,,,,,,,,,machine,,,0.528758,1-4-f,parm file = FW2O_p25.mat
86896MD01_016K_M04_multi_20180731_174500Z.aif_13429,2018_UnivMD_Maryland_86896_Dep01_20180711,86896MD01_016K_M04_multi_20180731_174500Z.aif,,,,interval,animal,,,,,,,,,,,,,,,,,machine,,,0.543876,1-4-f,parm file = FW2O_p25.mat
86896MD01_016K_M04_multi_20180731_201500Z.aif_13476,2018_UnivMD_Maryland_86896_Dep01_20180711,86896MD01_016K_M04_multi_20180731_201500Z.aif,,,,interval,animal,,,,,,,,,,,,,,,,,machine,,,0.564904,1-4-f,parm file = FW2O_p25.mat
86896MD01_016K_M04_multi_20180731_203000Z.aif_13510,2018_UnivMD_Maryland_86896_Dep01_20180711,86896MD01_016K_M04_multi_20180731_203000Z.aif,,,,interval,animal,,,,,,,,,,,,,,,,,machine,,,0.527476,1-4-f,parm file = FW2O_p25.mat
86896MD01_016K_M04_multi_20180731_204500Z.aif_13646,2018_UnivMD_Maryland_86896_Dep01_20180711,86896MD01_016K_M04_multi_20180731_204500Z.aif,,,,interval,animal,,,,,,,,,,,,,,,,,machine,,,0.654562,1-4-f,parm file = FW2O_p25.mat
86896MD01_016K_M04_multi_20180731_210000Z.aif_13710,2018_UnivMD_Maryland_86896_Dep01_20180711,86896MD01_016K_M04_multi_20180731_210000Z.aif,,,,interval,animal,,,,,,,,,,,,,,,,,machine,,,0.570357,1-4-f,parm file = FW2O_p25.mat
86896MD01_016K_M04_multi_20180731_214500Z.aif_13894,2018_UnivMD_Maryland_86896_Dep01_20180711,86896MD01_016K_M04_multi_20180731_214500Z.aif,,,,interval,animal,,,,,,,,,,,,,,,,,machine,,,0.647249,1-4-f,parm file = FW2O_p25.mat
86896MD01_016K_M04_multi_20180731_230000Z.aif_13921,2018_UnivMD_Maryland_86896_Dep01_20180711,86896MD01_016K_M04_multi_20180731_230000Z.aif,,,,interval,animal,,,,,,,,,,,,,,,,,machine,,,0.515693,1-4-f,parm file = FW2O_p25.mat
86896MD01_016K_M04_multi_20180801_014500Z.aif_13997,2018_UnivMD_Maryland_86896_Dep01_20180711,86896MD01_016K_M04_multi_20180801_014500Z.aif,,,,interval,animal,,,,,,,,,,,,,,,,,machine,,,0.594492,1-4-f,parm file = FW2O_p25.mat
86896MD01_016K_M04_multi_20180801_033000Z.aif_14056,2018_UnivMD_Maryland_86896_Dep01_20180711,86896MD01_016K_M04_multi_20180801_033000Z.aif,,,,interval,animal,,,,,,,,,,,,,,,,,machine,,,0.557084,1-4-f,parm file = FW2O_p25.mat
86896MD01_016K_M04_multi_20180801_033000Z.aif_14059,2018_UnivMD_Maryland_86896_Dep01_20180711,86896MD01_016K_M04_multi_20180801_033000Z.aif,,,,interval,animal,,,,,,,,,,,,,,,,,machine,,,0.592427,1-4-f,parm file = FW2O_p25.mat
86896MD01_016K_M04_multi_20180801_034500Z.aif_14070,2018_UnivMD_Maryland_86896_Dep01_20180711,86896MD01_016K_M04_multi_20180801_034500Z.aif,,,,interval,animal,,,,,,,,,,,,,,,,,machine,,,0.525161,1-4-f,parm file = FW2O_p25.mat
86896MD01_016K_M04_multi_20180801_040000Z.aif_14078,2018_UnivMD_Maryland_86896_Dep01_20180711,86896MD01_016K_M04_multi_20180801_040000Z.aif,,,,interval,animal,,,,,,,,,,,,,,,,,machine,,,0.510002,1-4-f,parm file = FW2O_p25.mat
86896MD01_016K_M04_multi_20180801_114500Z.aif_14153,2018_UnivMD_Maryland_86896_Dep01_20180711,86896MD01_016K_M04_multi_20180801_114500Z.aif,,,,interval,animal,,,,,,,,,,,,,,,,,machine,,,0.515539,1-4-f,parm file = FW2O_p25.mat
86896MD01_016K_M04_multi_20180801_121500Z.aif_14257,2018_UnivMD_Maryland_86896_Dep01_20180711,86896MD01_016K_M04_multi_20180801_121500Z.aif,,,,interval,animal,,,,,,,,,,,,,,,,,machine,,,0.50889,1-4-f,parm file = FW2O_p25.mat
86896MD01_016K_M04_multi_20180801_123000Z.aif_14299,2018_UnivMD_Maryland_86896_Dep01_20180711,86896MD01_016K_M04_multi_20180801_123000Z.aif,,,,interval,animal,,,,,,,,,,,,,,,,,machine,,,0.514965,1-4-f,parm file = FW2O_p25.mat
86896MD01_016K_M04_multi_20180801_154500Z.aif_14355,2018_UnivMD_Maryland_86896_Dep01_20180711,86896MD01_016K_M04_multi_20180801_154500Z.aif,,,,interval,animal,,,,,,,,,,,,,,,,,machine,,,0.607156,1-2-f,parm file = FW2O_p25.mat
86896MD01_016K_M04_multi_20180801_213000Z.aif_14473,2018_UnivMD_Maryland_86896_Dep01_20180711,86896MD01_016K_M04_multi_20180801_213000Z.aif,,,,interval,animal,,,,,,,,,,,,,,,,,machine,,,0.517549,1-4-f,parm file = FW2O_p25.mat
86896MD01_016K_M04_multi_20180802_011500Z.aif_14517,2018_UnivMD_Maryland_86896_Dep01_20180711,86896MD01_016K_M04_multi_20180802_011500Z.aif,,,,interval,animal,,,,,,,,,,,,,,,,,machine,,,0.528436,1-4-f,parm file = FW2O_p25.mat
86896MD01_016K_M04_multi_20180802_064500Z.aif_14609,2018_UnivMD_Maryland_86896_Dep01_20180711,86896MD01_016K_M04_multi_20180802_064500Z.aif,,,,interval,animal,,,,,,,,,,,,,,,,,machine,,,0.546802,1-4-f,parm file = FW2O_p25.mat
86896MD01_016K_M04_multi_20180802_091500Z.aif_14625,2018_UnivMD_Maryland_86896_Dep01_20180711,86896MD01_016K_M04_multi_20180802_091500Z.aif,,,,interval,animal,,,,,,,,,,,,,,,,,machine,,,0.511517,1-4-f,parm file = FW2O_p25.mat
86896MD01_016K_M04_multi_20180803_081500Z.aif_14857,2018_UnivMD_Maryland_86896_Dep01_20180711,86896MD01_016K_M04_multi_20180803_081500Z.aif,,,,interval,animal,,,,,,,,,,,,,,,,,machine,,,0.607291,1-4-f,parm file = FW2O_p25.mat
86896MD01_016K_M04_multi_20180803_084500Z.aif_14900,2018_UnivMD_Maryland_86896_Dep01_20180711,86896MD01_016K_M04_multi_20180803_084500Z.aif,,,,interval,animal,,,,,,,,,,,,,,,,,machine,,,0.569268,1-4-f,parm file = FW2O_p25.mat
86896MD01_016K_M04_multi_20180804_233000Z.aif_15360,2018_UnivMD_Maryland_86896_Dep01_20180711,86896MD01_016K_M04_multi_20180804_233000Z.aif,,,,interval,animal,,,,,,,,,,,,,,,,,machine,,,0.587446,1-4-f,parm file = FW2O_p25.mat
86896MD01_016K_M04_multi_20180804_233000Z.aif_15373,2018_UnivMD_Maryland_86896_Dep01_20180711,86896MD01_016K_M04_multi_20180804_233000Z.aif,,,,interval,animal,,,,,,,,,,,,,,,,,machine,,,0.530647,1-4-f,parm file = FW2O_p25.mat
86896MD01_016K_M04_multi_20180805_004500Z.aif_15390,2018_UnivMD_Maryland_86896_Dep01_20180711,86896MD01_016K_M04_multi_20180805_004500Z.aif,,,,interval,animal,,,,,,,,,,,,,,,,,machine,,,0.530217,1-4-f,parm file = FW2O_p25.mat
86896MD01_016K_M04_multi_20180805_070000Z.aif_15470,2018_UnivMD_Maryland_86896_Dep01_20180711,86896MD01_016K_M04_multi_20180805_070000Z.aif,,,,interval,animal,,,,,,,,,,,,,,,,,machine,,,0.580735,1-4-f,parm file = FW2O_p25.mat
86896MD01_016K_M04_multi_20180805_071500Z.aif_15491,2018_UnivMD_Maryland_86896_Dep01_20180711,86896MD01_016K_M04_multi_20180805_071500Z.aif,,,,interval,animal,,,,,,,,,,,,,,,,,machine,,,0.561686,1-4-f,parm file = FW2O_p25.mat
86896MD01_016K_M04_multi_20180805_071500Z.aif_15496,2018_UnivMD_Maryland_86896_Dep01_20180711,86896MD01_016K_M04_multi_20180805_071500Z.aif,,,,interval,animal,,,,,,,,,,,,,,,,,machine,,,0.543227,1-4-f,parm file = FW2O_p25.mat
86896MD01_016K_M04_multi_20180805_201500Z.aif_15600,2018_UnivMD_Maryland_86896_Dep01_20180711,86896MD01_016K_M04_multi_20180805_201500Z.aif,,,,interval,animal,,,,,,,,,,,,,,,,,machine,,,0.511313,1-1-f,parm file = FW2O_p25.mat
86896MD01_016K_M04_multi_20180806_000000Z.aif_15612,2018_UnivMD_Maryland_86896_Dep01_20180711,86896MD01_016K_M04_multi_20180806_000000Z.aif,,,,interval,animal,,,,,,,,,,,,,,,,,machine,,,0.501637,1-4-f,parm file = FW2O_p25.mat
86896MD01_016K_M04_multi_20180806_081500Z.aif_15651,2018_UnivMD_Maryland_86896_Dep01_20180711,86896MD01_016K_M04_multi_20180806_081500Z.aif,,,,interval,animal,,,,,,,,,,,,,,,,,machine,,,0.514895,1-4-f,parm file = FW2O_p25.mat
86896MD01_016K_M04_multi_20180807_094500Z.aif_15789,2018_UnivMD_Maryland_86896_Dep01_20180711,86896MD01_016K_M04_multi_20180807_094500Z.aif,,,,interval,animal,,,,,,,,,,,,,,,,,machine,,,0.559569,1-4-f,parm file = FW2O_p25.mat
86896MD01_016K_M04_multi_20180807_234500Z.aif_15870,2018_UnivMD_Maryland_86896_Dep01_20180711,86896MD01_016K_M04_multi_20180807_234500Z.aif,,,,interval,animal,,,,,,,,,,,,,,,,,machine,,,0.522915,1-1-f,parm file = FW2O_p25.mat
86896MD01_016K_M04_multi_20180808_030000Z.aif_15899,2018_UnivMD_Maryland_86896_Dep01_20180711,86896MD01_016K_M04_multi_20180808_030000Z.aif,,,,interval,animal,,,,,,,,,,,,,,,,,machine,,,0.750029,1-2-f,parm file = FW2O_p25.mat
86896MD01_016K_M04_multi_20180808_050000Z.aif_15931,2018_UnivMD_Maryland_86896_Dep01_20180711,86896MD01_016K_M04_multi_20180808_050000Z.aif,,,,interval,animal,,,,,,,,,,,,,,,,,machine,,,0.539575,1-4-f,parm file = FW2O_p25.mat
86896MD01_016K_M04_multi_20180808_101500Z.aif_16010,2018_UnivMD_Maryland_86896_Dep01_20180711,86896MD01_016K_M04_multi_20180808_101500Z.aif,,,,interval,animal,,,,,,,,,,,,,,,,,machine,,,0.604462,1-4-f,parm file = FW2O_p25.mat
86896MD01_016K_M04_multi_20180808_101500Z.aif_16013,2018_UnivMD_Maryland_86896_Dep01_20180711,86896MD01_016K_M04_multi_20180808_101500Z.aif,,,,interval,animal,,,,,,,,,,,,,,,,,machine,,,0.505331,1-4-f,parm file = FW2O_p25.mat
86896MD01_016K_M04_multi_20180808_140000Z.aif_16108,2018_UnivMD_Maryland_86896_Dep01_20180711,86896MD01_016K_M04_multi_20180808_140000Z.aif,,,,interval,animal,,,,,,,,,,,,,,,,,machine,,,0.501808,1-4-f,parm file = FW2O_p25.mat
86896MD01_016K_M04_multi_20180808_141500Z.aif_16169,2018_UnivMD_Maryland_86896_Dep01_20180711,86896MD01_016K_M04_multi_20180808_141500Z.aif,,,,interval,animal,,,,,,,,,,,,,,,,,machine,,,0.53323,1-4-f,parm file = FW2O_p25.mat
86896MD01_016K_M04_multi_20180808_204500Z.aif_16356,2018_UnivMD_Maryland_86896_Dep01_20180711,86896MD01_016K_M04_multi_20180808_204500Z.aif,,,,interval,animal,,,,,,,,,,,,,,,,,machine,,,0.57201,1-4-f,parm file = FW2O_p25.mat
86896MD01_016K_M04_multi_20180808_231500Z.aif_16789,2018_UnivMD_Maryland_86896_Dep01_20180711,86896MD01_016K_M04_multi_20180808_231500Z.aif,,,,interval,animal,,,,,,,,,,,,,,,,,machine,,,0.612146,1-4-f,parm file = FW2O_p25.mat
86896MD01_016K_M04_multi_20180808_231500Z.aif_16790,2018_UnivMD_Maryland_86896_Dep01_20180711,86896MD01_016K_M04_multi_20180808_231500Z.aif,,,,interval,animal,,,,,,,,,,,,,,,,,machine,,,0.574,1-4-f,parm file = FW2O_p25.mat
86896MD01_016K_M04_multi_20180808_231500Z.aif_16818,2018_UnivMD_Maryland_86896_Dep01_20180711,86896MD01_016K_M04_multi_20180808_231500Z.aif,,,,interval,animal,,,,,,,,,,,,,,,,,machine,,,0.600582,1-4-f,parm file = FW2O_p25.mat
86896MD01_016K_M04_multi_20180808_233000Z.aif_16879,2018_UnivMD_Maryland_86896_Dep01_20180711,86896MD01_016K_M04_multi_20180808_233000Z.aif,,,,interval,animal,,,,,,,,,,,,,,,,,machine,,,0.567521,1-4-f,parm file = FW2O_p25.mat
86896MD01_016K_M04_multi_20180808_233000Z.aif_16896,2018_UnivMD_Maryland_86896_Dep01_20180711,86896MD01_016K_M04_multi_20180808_233000Z.aif,,,,interval,animal,,,,,,,,,,,,,,,,,machine,,,0.62229,1-4-f,parm file = FW2O_p25.mat
86896MD01_016K_M04_multi_20180808_233000Z.aif_16902,2018_UnivMD_Maryland_86896_Dep01_20180711,86896MD01_016K_M04_multi_20180808_233000Z.aif,,,,interval,animal,,,,,,,,,,,,,,,,,machine,,,0.697652,1-4-f,parm file = FW2O_p25.mat
86896MD01_016K_M04_multi_20180808_233000Z.aif_17066,2018_UnivMD_Maryland_86896_Dep01_20180711,86896MD01_016K_M04_multi_20180808_233000Z.aif,,,,interval,animal,,,,,,,,,,,,,,,,,machine,,,0.605193,1-4-f,parm file = FW2O_p25.mat
86896MD01_016K_M04_multi_20180808_234500Z.aif_17094,2018_UnivMD_Maryland_86896_Dep01_20180711,86896MD01_016K_M04_multi_20180808_234500Z.aif,,,,interval,animal,,,,,,,,,,,,,,,,,machine,,,0.545083,1-4-f,parm file = FW2O_p25.mat
86896MD01_016K_M04_multi_20180808_234500Z.aif_17162,2018_UnivMD_Maryland_86896_Dep01_20180711,86896MD01_016K_M04_multi_20180808_234500Z.aif,,,,interval,animal,,,,,,,,,,,,,,,,,machine,,,0.531407,1-4-f,parm file = FW2O_p25.mat
86896MD01_016K_M04_multi_20180808_234500Z.aif_17181,2018_UnivMD_Maryland_86896_Dep01_20180711,86896MD01_016K_M04_multi_20180808_234500Z.aif,,,,interval,animal,,,,,,,,,,,,,,,,,machine,,,0.503467,1-4-f,parm file = FW2O_p25.mat
86896MD01_016K_M04_multi_20180810_180000Z.aif_17560,2018_UnivMD_Maryland_86896_Dep01_20180711,86896MD01_016K_M04_multi_20180810_180000Z.aif,,,,interval,animal,,,,,,,,,,,,,,,,,machine,,,0.572112,1-4-f,parm file = FW2O_p25.mat
86896MD01_016K_M04_multi_20180812_104500Z.aif_17778,2018_UnivMD_Maryland_86896_Dep01_20180711,86896MD01_016K_M04_multi_20180812_104500Z.aif,,,,interval,animal,,,,,,,,,,,,,,,,,machine,,,0.565395,1-4-f,parm file = FW2O_p25.mat
86896MD01_016K_M04_multi_20180812_220000Z.aif_17914,2018_UnivMD_Maryland_86896_Dep01_20180711,86896MD01_016K_M04_multi_20180812_220000Z.aif,,,,interval,animal,,,,,,,,,,,,,,,,,machine,,,0.519819,1-4-f,parm file = FW2O_p25.mat
86896MD01_016K_M04_multi_20180813_064500Z.aif_17948,2018_UnivMD_Maryland_86896_Dep01_20180711,86896MD01_016K_M04_multi_20180813_064500Z.aif,,,,interval,animal,,,,,,,,,,,,,,,,,machine,,,0.509092,1-2-f,parm file = FW2O_p25.mat
86896MD01_016K_M04_multi_20180813_103000Z.aif_18014,2018_UnivMD_Maryland_86896_Dep01_20180711,86896MD01_016K_M04_multi_20180813_103000Z.aif,,,,interval,animal,,,,,,,,,,,,,,,,,machine,,,0.511638,1-4-f,parm file = FW2O_p25.mat
86896MD01_016K_M04_multi_20180813_203000Z.aif_18050,2018_UnivMD_Maryland_86896_Dep01_20180711,86896MD01_016K_M04_multi_20180813_203000Z.aif,,,,interval,animal,,,,,,,,,,,,,,,,,machine,,,0.548444,1-4-f,parm file = FW2O_p25.mat
86896MD01_016K_M04_multi_20180813_213000Z.aif_18085,2018_UnivMD_Maryland_86896_Dep01_20180711,86896MD01_016K_M04_multi_20180813_213000Z.aif,,,,interval,animal,,,,,,,,,,,,,,,,,machine,,,0.505168,1-4-f,parm file = FW2O_p25.mat
86896MD01_016K_M04_multi_20180813_214500Z.aif_18093,2018_UnivMD_Maryland_86896_Dep01_20180711,86896MD01_016K_M04_multi_20180813_214500Z.aif,,,,interval,animal,,,,,,,,,,,,,,,,,machine,,,0.560738,1-4-f,parm file = FW2O_p25.mat
86896MD01_016K_M04_multi_20180813_234500Z.aif_18107,2018_UnivMD_Maryland_86896_Dep01_20180711,86896MD01_016K_M04_multi_20180813_234500Z.aif,,,,interval,animal,,,,,,,,,,,,,,,,,machine,,,0.544139,1-4-f,parm file = FW2O_p25.mat
86896MD01_016K_M04_multi_20180814_021500Z.aif_18116,2018_UnivMD_Maryland_86896_Dep01_20180711,86896MD01_016K_M04_multi_20180814_021500Z.aif,,,,interval,animal,,,,,,,,,,,,,,,,,machine,,,0.523048,1-4-f,parm file = FW2O_p25.mat
86896MD01_016K_M04_multi_20180814_023000Z.aif_18119,2018_UnivMD_Maryland_86896_Dep01_20180711,86896MD01_016K_M04_multi_20180814_023000Z.aif,,,,interval,animal,,,,,,,,,,,,,,,,,machine,,,0.555814,1-4-f,parm file = FW2O_p25.mat
86896MD01_016K_M04_multi_20180814_091500Z.aif_18151,2018_UnivMD_Maryland_86896_Dep01_20180711,86896MD01_016K_M04_multi_20180814_091500Z.aif,,,,interval,animal,,,,,,,,,,,,,,,,,machine,,,0.526193,1-4-f,parm file = FW2O_p25.mat
86896MD01_016K_M04_multi_20180814_093000Z.aif_18159,2018_UnivMD_Maryland_86896_Dep01_20180711,86896MD01_016K_M04_multi_20180814_093000Z.aif,,,,interval,animal,,,,,,,,,,,,,,,,,machine,,,0.59227,1-4-f,parm file = FW2O_p25.mat
86896MD01_016K_M04_multi_20180814_093000Z.aif_18168,2018_UnivMD_Maryland_86896_Dep01_20180711,86896MD01_016K_M04_multi_20180814_093000Z.aif,,,,interval,animal,,,,,,,,,,,,,,,,,machine,,,0.560841,1-4-f,parm file = FW2O_p25.mat
86896MD01_016K_M04_multi_20180814_093000Z.aif_18172,2018_UnivMD_Maryland_86896_Dep01_20180711,86896MD01_016K_M04_multi_20180814_093000Z.aif,,,,interval,animal,,,,,,,,,,,,,,,,,machine,,,0.512991,1-4-f,parm file = FW2O_p25.mat
86896MD01_016K_M04_multi_20180814_143000Z.aif_18247,2018_UnivMD_Maryland_86896_Dep01_20180711,86896MD01_016K_M04_multi_20180814_143000Z.aif,,,,interval,animal,,,,,,,,,,,,,,,,,machine,,,0.500734,1-2-f,parm file = FW2O_p25.mat
86896MD01_016K_M04_multi_20180814_203000Z.aif_18452,2018_UnivMD_Maryland_86896_Dep01_20180711,86896MD01_016K_M04_multi_20180814_203000Z.aif,,,,interval,animal,,,,,,,,,,,,,,,,,machine,,,0.523266,1-4-f,parm file = FW2O_p25.mat
86896MD01_016K_M04_multi_20180815_010000Z.aif_18605,2018_UnivMD_Maryland_86896_Dep01_20180711,86896MD01_016K_M04_multi_20180815_010000Z.aif,,,,interval,animal,,,,,,,,,,,,,,,,,machine,,,0.501805,1-4-f,parm file = FW2O_p25.mat
86896MD01_016K_M04_multi_20180815_014500Z.aif_18708,2018_UnivMD_Maryland_86896_Dep01_20180711,86896MD01_016K_M04_multi_20180815_014500Z.aif,,,,interval,animal,,,,,,,,,,,,,,,,,machine,,,0.531308,1-4-f,parm file = FW2O_p25.mat
86896MD01_016K_M04_multi_20180815_020000Z.aif_18758,2018_UnivMD_Maryland_86896_Dep01_20180711,86896MD01_016K_M04_multi_20180815_020000Z.aif,,,,interval,animal,,,,,,,,,,,,,,,,,machine,,,0.583219,1-4-f,parm file = FW2O_p25.mat
86896MD01_016K_M04_multi_20180815_021500Z.aif_18842,2018_UnivMD_Maryland_86896_Dep01_20180711,86896MD01_016K_M04_multi_20180815_021500Z.aif,,,,interval,animal,,,,,,,,,,,,,,,,,machine,,,0.596001,1-4-f,parm file = FW2O_p25.mat
86896MD01_016K_M04_multi_20180815_021500Z.aif_18866,2018_UnivMD_Maryland_86896_Dep01_20180711,86896MD01_016K_M04_multi_20180815_021500Z.aif,,,,interval,animal,,,,,,,,,,,,,,,,,machine,,,0.669768,1-4-f,parm file = FW2O_p25.mat
86896MD01_016K_M04_multi_20180815_023000Z.aif_18905,2018_UnivMD_Maryland_86896_Dep01_20180711,86896MD01_016K_M04_multi_20180815_023000Z.aif,,,,interval,animal,,,,,,,,,,,,,,,,,machine,,,0.504159,1-4-f,parm file = FW2O_p25.mat
86896MD01_016K_M04_multi_20180815_024500Z.aif_18941,2018_UnivMD_Maryland_86896_Dep01_20180711,86896MD01_016K_M04_multi_20180815_024500Z.aif,,,,interval,animal,,,,,,,,,,,,,,,,,machine,,,0.652281,1-4-f,parm file = FW2O_p25.mat
86896MD01_016K_M04_multi_20180815_030000Z.aif_18992,2018_UnivMD_Maryland_86896_Dep01_20180711,86896MD01_016K_M04_multi_20180815_030000Z.aif,,,,interval,animal,,,,,,,,,,,,,,,,,machine,,,0.556568,1-4-f,parm file = FW2O_p25.mat
86896MD01_016K_M04_multi_20180815_030000Z.aif_19007,2018_UnivMD_Maryland_86896_Dep01_20180711,86896MD01_016K_M04_multi_20180815_030000Z.aif,,,,interval,animal,,,,,,,,,,,,,,,,,machine,,,0.508795,1-4-f,parm file = FW2O_p25.mat
86896MD01_016K_M04_multi_20180815_093000Z.aif_19066,2018_UnivMD_Maryland_86896_Dep01_20180711,86896MD01_016K_M04_multi_20180815_093000Z.aif,,,,interval,animal,,,,,,,,,,,,,,,,,machine,,,0.511137,1-2-f,parm file = FW2O_p25.mat
86896MD01_016K_M04_multi_20180816_041500Z.aif_19371,2018_UnivMD_Maryland_86896_Dep01_20180711,86896MD01_016K_M04_multi_20180816_041500Z.aif,,,,interval,animal,,,,,,,,,,,,,,,,,machine,,,0.520007,1-4-f,parm file = FW2O_p25.mat
86896MD01_016K_M04_multi_20180816_043000Z.aif_19417,2018_UnivMD_Maryland_86896_Dep01_20180711,86896MD01_016K_M04_multi_20180816_043000Z.aif,,,,interval,animal,,,,,,,,,,,,,,,,,machine,,,0.5072,1-4-f,parm file = FW2O_p25.mat
86896MD01_016K_M04_multi_20180816_083000Z.aif_19476,2018_UnivMD_Maryland_86896_Dep01_20180711,86896MD01_016K_M04_multi_20180816_083000Z.aif,,,,interval,animal,,,,,,,,,,,,,,,,,machine,,,0.527435,1-4-f,parm file = FW2O_p25.mat
86896MD01_016K_M04_multi_20180816_084500Z.aif_19480,2018_UnivMD_Maryland_86896_Dep01_20180711,86896MD01_016K_M04_multi_20180816_084500Z.aif,,,,interval,animal,,,,,,,,,,,,,,,,,machine,,,0.501745,1-4-f,parm file = FW2O_p25.mat
86896MD01_016K_M04_multi_20180816_184500Z.aif_19703,2018_UnivMD_Maryland_86896_Dep01_20180711,86896MD01_016K_M04_multi_20180816_184500Z.aif,,,,interval,animal,,,,,,,,,,,,,,,,,machine,,,0.536228,1-4-f,parm file = FW2O_p25.mat
86896MD01_016K_M04_multi_20180816_203000Z.aif_19844,2018_UnivMD_Maryland_86896_Dep01_20180711,86896MD01_016K_M04_multi_20180816_203000Z.aif,,,,interval,animal,,,,,,,,,,,,,,,,,machine,,,0.559007,1-4-f,parm file = FW2O_p25.mat
86896MD01_016K_M04_multi_20180817_001500Z.aif_19928,2018_UnivMD_Maryland_86896_Dep01_20180711,86896MD01_016K_M04_multi_20180817_001500Z.aif,,,,interval,animal,,,,,,,,,,,,,,,,,machine,,,0.523964,1-4-f,parm file = FW2O_p25.mat
86896MD01_016K_M04_multi_20180817_074500Z.aif_20044,2018_UnivMD_Maryland_86896_Dep01_20180711,86896MD01_016K_M04_multi_20180817_074500Z.aif,,,,interval,animal,,,,,,,,,,,,,,,,,machine,,,0.502457,1-4-f,parm file = FW2O_p25.mat
86896MD01_016K_M04_multi_20180817_104500Z.aif_20126,2018_UnivMD_Maryland_86896_Dep01_20180711,86896MD01_016K_M04_multi_20180817_104500Z.aif,,,,interval,animal,,,,,,,,,,,,,,,,,machine,,,0.507858,1-4-f,parm file = FW2O_p25.mat
86896MD01_016K_M04_multi_20180817_144500Z.aif_20304,2018_UnivMD_Maryland_86896_Dep01_20180711,86896MD01_016K_M04_multi_20180817_144500Z.aif,,,,interval,animal,,,,,,,,,,,,,,,,,machine,,,0.556007,1-1-f,parm file = FW2O_p25.mat
86896MD01_016K_M04_multi_20180817_153000Z.aif_20323,2018_UnivMD_Maryland_86896_Dep01_20180711,86896MD01_016K_M04_multi_20180817_153000Z.aif,,,,interval,animal,,,,,,,,,,,,,,,,,machine,,,0.520524,1-4-f,parm file = FW2O_p25.mat
86896MD01_016K_M04_multi_20180817_173000Z.aif_20375,2018_UnivMD_Maryland_86896_Dep01_20180711,86896MD01_016K_M04_multi_20180817_173000Z.aif,,,,interval,animal,,,,,,,,,,,,,,,,,machine,,,0.649554,1-2-f,parm file = FW2O_p25.mat
86896MD01_016K_M04_multi_20180817_173000Z.aif_20382,2018_UnivMD_Maryland_86896_Dep01_20180711,86896MD01_016K_M04_multi_20180817_173000Z.aif,,,,interval,animal,,,,,,,,,,,,,,,,,machine,,,0.635301,1-2-f,parm file = FW2O_p25.mat
86896MD01_016K_M04_multi_20180817_213000Z.aif_20473,2018_UnivMD_Maryland_86896_Dep01_20180711,86896MD01_016K_M04_multi_20180817_213000Z.aif,,,,interval,animal,,,,,,,,,,,,,,,,,machine,,,0.510702,1-4-f,parm file = FW2O_p25.mat
86896MD01_016K_M04_multi_20180817_214500Z.aif_20509,2018_UnivMD_Maryland_86896_Dep01_20180711,86896MD01_016K_M04_multi_20180817_214500Z.aif,,,,interval,animal,,,,,,,,,,,,,,,,,machine,,,0.518311,1-4-f,parm file = FW2O_p25.mat
86896MD01_016K_M04_multi_20180817_223000Z.aif_20534,2018_UnivMD_Maryland_86896_Dep01_20180711,86896MD01_016K_M04_multi_20180817_223000Z.aif,,,,interval,animal,,,,,,,,,,,,,,,,,machine,,,0.550084,1-4-f,parm file = FW2O_p25.mat
86896MD01_016K_M04_multi_20180817_224500Z.aif_20559,2018_UnivMD_Maryland_86896_Dep01_20180711,86896MD01_016K_M04_multi_20180817_224500Z.aif,,,,interval,animal,,,,,,,,,,,,,,,,,machine,,,0.569409,1-4-f,parm file = FW2O_p25.mat
86896MD01_016K_M04_multi_20180817_230000Z.aif_20644,2018_UnivMD_Maryland_86896_Dep01_20180711,86896MD01_016K_M04_multi_20180817_230000Z.aif,,,,interval,animal,,,,,,,,,,,,,,,,,machine,,,0.536354,1-4-f,parm file = FW2O_p25.mat
86896MD01_016K_M04_multi_20180817_230000Z.aif_20652,2018_UnivMD_Maryland_86896_Dep01_20180711,86896MD01_016K_M04_multi_20180817_230000Z.aif,,,,interval,animal,,,,,,,,,,,,,,,,,machine,,,0.619969,1-4-f,parm file = FW2O_p25.mat
86896MD01_016K_M04_multi_20180817_231500Z.aif_20752,2018_UnivMD_Maryland_86896_Dep01_20180711,86896MD01_016K_M04_multi_20180817_231500Z.aif,,,,interval,animal,,,,,,,,,,,,,,,,,machine,,,0.565643,1-4-f,parm file = FW2O_p25.mat
86896MD01_016K_M04_multi_20180817_231500Z.aif_20788,2018_UnivMD_Maryland_86896_Dep01_20180711,86896MD01_016K_M04_multi_20180817_231500Z.aif,,,,interval,animal,,,,,,,,,,,,,,,,,machine,,,0.525683,1-4-f,parm file = FW2O_p25.mat
86896MD01_016K_M04_multi_20180817_234500Z.aif_20906,2018_UnivMD_Maryland_86896_Dep01_20180711,86896MD01_016K_M04_multi_20180817_234500Z.aif,,,,interval,animal,,,,,,,,,,,,,,,,,machine,,,0.538922,1-4-f,parm file = FW2O_p25.mat
86896MD01_016K_M04_multi_20180818_000000Z.aif_20973,2018_UnivMD_Maryland_86896_Dep01_20180711,86896MD01_016K_M04_multi_20180818_000000Z.aif,,,,interval,animal,,,,,,,,,,,,,,,,,machine,,,0.643258,1-4-f,parm file = FW2O_p25.mat
86896MD01_016K_M04_multi_20180818_001500Z.aif_21034,2018_UnivMD_Maryland_86896_Dep01_20180711,86896MD01_016K_M04_multi_20180818_001500Z.aif,,,,interval,animal,,,,,,,,,,,,,,,,,machine,,,0.605932,1-4-f,parm file = FW2O_p25.mat
86896MD01_016K_M04_multi_20180818_013000Z.aif_21117,2018_UnivMD_Maryland_86896_Dep01_20180711,86896MD01_016K_M04_multi_20180818_013000Z.aif,,,,interval,animal,,,,,,,,,,,,,,,,,machine,,,0.789586,1-4-f,parm file = FW2O_p25.mat
86896MD01_016K_M04_multi_20180818_013000Z.aif_21125,2018_UnivMD_Maryland_86896_Dep01_20180711,86896MD01_016K_M04_multi_20180818_013000Z.aif,,,,interval,animal,,,,,,,,,,,,,,,,,machine,,,0.799821,1-4-f,parm file = FW2O_p25.mat
86896MD01_016K_M04_multi_20180818_013000Z.aif_21139,2018_UnivMD_Maryland_86896_Dep01_20180711,86896MD01_016K_M04_multi_20180818_013000Z.aif,,,,interval,animal,,,,,,,,,,,,,,,,,machine,,,0.846579,1-4-f,parm file = FW2O_p25.mat
86896MD01_016K_M04_multi_20180818_014500Z.aif_21192,2018_UnivMD_Maryland_86896_Dep01_20180711,86896MD01_016K_M04_multi_20180818_014500Z.aif,,,,interval,animal,,,,,,,,,,,,,,,,,machine,,,0.743061,1-1-f,parm file = FW2O_p25.mat
86896MD01_016K_M04_multi_20180818_014500Z.aif_21276,2018_UnivMD_Maryland_86896_Dep01_20180711,86896MD01_016K_M04_multi_20180818_014500Z.aif,,,,interval,animal,,,,,,,,,,,,,,,,,machine,,,0.68456,1-4-f,parm file = FW2O_p25.mat
86896MD01_016K_M04_multi_20180818_014500Z.aif_21292,2018_UnivMD_Maryland_86896_Dep01_20180711,86896MD01_016K_M04_multi_20180818_014500Z.aif,,,,interval,animal,,,,,,,,,,,,,,,,,machine,,,0.777723,1-4-f,parm file = FW2O_p25.mat
86896MD01_016K_M04_multi_20180818_014500Z.aif_21345,2018_UnivMD_Maryland_86896_Dep01_20180711,86896MD01_016K_M04_multi_20180818_014500Z.aif,,,,interval,animal,,,,,,,,,,,,,,,,,machine,,,0.768645,1-4-f,parm file = FW2O_p25.mat
86896MD01_016K_M04_multi_20180818_020000Z.aif_21424,2018_UnivMD_Maryland_86896_Dep01_20180711,86896MD01_016K_M04_multi_20180818_020000Z.aif,,,,interval,animal,,,,,,,,,,,,,,,,,machine,,,0.849913,1-4-f,parm file = FW2O_p25.mat
86896MD01_016K_M04_multi_20180818_020000Z.aif_21463,2018_UnivMD_Maryland_86896_Dep01_20180711,86896MD01_016K_M04_multi_20180818_020000Z.aif,,,,interval,animal,,,,,,,,,,,,,,,,,machine,,,0.827494,1-4-f,parm file = FW2O_p25.mat
86896MD01_016K_M04_multi_20180818_031500Z.aif_21654,2018_UnivMD_Maryland_86896_Dep01_20180711,86896MD01_016K_M04_multi_20180818_031500Z.aif,,,,interval,animal,,,,,,,,,,,,,,,,,machine,,,0.51488,1-4-f,parm file = FW2O_p25.mat
86896MD01_016K_M04_multi_20180818_040000Z.aif_21900,2018_UnivMD_Maryland_86896_Dep01_20180711,86896MD01_016K_M04_multi_20180818_040000Z.aif,,,,interval,animal,,,,,,,,,,,,,,,,,machine,,,0.782088,1-4-f,parm file = FW2O_p25.mat
86896MD01_016K_M04_multi_20180818_040000Z.aif_21960,2018_UnivMD_Maryland_86896_Dep01_20180711,86896MD01_016K_M04_multi_20180818_040000Z.aif,,,,interval,animal,,,,,,,,,,,,,,,,,machine,,,0.705584,1-4-f,parm file = FW2O_p25.mat
86896MD01_016K_M04_multi_20180818_060000Z.aif_22168,2018_UnivMD_Maryland_86896_Dep01_20180711,86896MD01_016K_M04_multi_20180818_060000Z.aif,,,,interval,animal,,,,,,,,,,,,,,,,,machine,,,0.618887,1-2-f,parm file = FW2O_p25.mat
86896MD01_016K_M04_multi_20180818_061500Z.aif_22344,2018_UnivMD_Maryland_86896_Dep01_20180711,86896MD01_016K_M04_multi_20180818_061500Z.aif,,,,interval,animal,,,,,,,,,,,,,,,,,machine,,,0.574364,1-4-f,parm file = FW2O_p25.mat
86896MD01_016K_M04_multi_20180818_074500Z.aif_22443,2018_UnivMD_Maryland_86896_Dep01_20180711,86896MD01_016K_M04_multi_20180818_074500Z.aif,,,,interval,animal,,,,,,,,,,,,,,,,,machine,,,0.68137,1-4-f,parm file = FW2O_p25.mat
86896MD01_016K_M04_multi_20180818_081500Z.aif_22514,2018_UnivMD_Maryland_86896_Dep01_20180711,86896MD01_016K_M04_multi_20180818_081500Z.aif,,,,interval,animal,,,,,,,,,,,,,,,,,machine,,,0.538572,1-4-f,parm file = FW2O_p25.mat
86896MD01_016K_M04_multi_20180818_083000Z.aif_22596,2018_UnivMD_Maryland_86896_Dep01_20180711,86896MD01_016K_M04_multi_20180818_083000Z.aif,,,,interval,animal,,,,,,,,,,,,,,,,,machine,,,0.732134,1-4-f,parm file = FW2O_p25.mat
86896MD01_016K_M04_multi_20180818_083000Z.aif_22614,2018_UnivMD_Maryland_86896_Dep01_20180711,86896MD01_016K_M04_multi_20180818_083000Z.aif,,,,interval,animal,,,,,,,,,,,,,,,,,machine,,,0.814325,1-4-f,parm file = FW2O_p25.mat
86896MD01_016K_M04_multi_20180818_083000Z.aif_22624,2018_UnivMD_Maryland_86896_Dep01_20180711,86896MD01_016K_M04_multi_20180818_083000Z.aif,,,,interval,animal,,,,,,,,,,,,,,,,,machine,,,0.700129,1-4-f,parm file = FW2O_p25.mat
86896MD01_016K_M04_multi_20180818_083000Z.aif_22665,2018_UnivMD_Maryland_86896_Dep01_20180711,86896MD01_016K_M04_multi_20180818_083000Z.aif,,,,interval,animal,,,,,,,,,,,,,,,,,machine,,,0.534033,1-4-f,parm file = FW2O_p25.mat
86896MD01_016K_M04_multi_20180818_083000Z.aif_22674,2018_UnivMD_Maryland_86896_Dep01_20180711,86896MD01_016K_M04_multi_20180818_083000Z.aif,,,,interval,animal,,,,,,,,,,,,,,,,,machine,,,0.534883,1-4-f,parm file = FW2O_p25.mat
86896MD01_016K_M04_multi_20180818_083000Z.aif_22676,2018_UnivMD_Maryland_86896_Dep01_20180711,86896MD01_016K_M04_multi_20180818_083000Z.aif,,,,interval,animal,,,,,,,,,,,,,,,,,machine,,,0.562732,1-4-f,parm file = FW2O_p25.mat
86896MD01_016K_M04_multi_20180818_090000Z.aif_22762,2018_UnivMD_Maryland_86896_Dep01_20180711,86896MD01_016K_M04_multi_20180818_090000Z.aif,,,,interval,animal,,,,,,,,,,,,,,,,,machine,,,0.902215,1-4-f,parm file = FW2O_p25.mat
86896MD01_016K_M04_multi_20180818_090000Z.aif_22809,2018_UnivMD_Maryland_86896_Dep01_20180711,86896MD01_016K_M04_multi_20180818_090000Z.aif,,,,interval,animal,,,,,,,,,,,,,,,,,machine,,,0.642829,1-1-f,parm file = FW2O_p25.mat
86896MD01_016K_M04_multi_20180818_091500Z.aif_22842,2018_UnivMD_Maryland_86896_Dep01_20180711,86896MD01_016K_M04_multi_20180818_091500Z.aif,,,,interval,animal,,,,,,,,,,,,,,,,,machine,,,0.868114,1-1-f,parm file = FW2O_p25.mat
86896MD01_016K_M04_multi_20180818_093000Z.aif_23009,2018_UnivMD_Maryland_86896_Dep01_20180711,86896MD01_016K_M04_multi_20180818_093000Z.aif,,,,interval,animal,,,,,,,,,,,,,,,,,machine,,,0.824407,1-4-f,parm file = FW2O_p25.mat
86896MD01_016K_M04_multi_20180818_093000Z.aif_23036,2018_UnivMD_Maryland_86896_Dep01_20180711,86896MD01_016K_M04_multi_20180818_093000Z.aif,,,,interval,animal,,,,,,,,,,,,,,,,,machine,,,0.849617,1-1-f,parm file = FW2O_p25.mat
86896MD01_016K_M04_multi_20180818_094500Z.aif_23112,2018_UnivMD_Maryland_86896_Dep01_20180711,86896MD01_016K_M04_multi_20180818_094500Z.aif,,,,interval,animal,,,,,,,,,,,,,,,,,machine,,,0.862786,1-1-f,parm file = FW2O_p25.mat
86896MD01_016K_M04_multi_20180818_110000Z.aif_23193,2018_UnivMD_Maryland_86896_Dep01_20180711,86896MD01_016K_M04_multi_20180818_110000Z.aif,,,,interval,animal,,,,,,,,,,,,,,,,,machine,,,0.534594,1-4-f,parm file = FW2O_p25.mat
86896MD01_016K_M04_multi_20180818_110000Z.aif_23241,2018_UnivMD_Maryland_86896_Dep01_20180711,86896MD01_016K_M04_multi_20180818_110000Z.aif,,,,interval,animal,,,,,,,,,,,,,,,,,machine,,,0.744983,1-1-f,parm file = FW2O_p25.mat
86896MD01_016K_M04_multi_20180818_110000Z.aif_23321,2018_UnivMD_Maryland_86896_Dep01_20180711,86896MD01_016K_M04_multi_20180818_110000Z.aif,,,,interval,animal,,,,,,,,,,,,,,,,,machine,,,0.729967,1-4-f,parm file = FW2O_p25.mat
86896MD01_016K_M04_multi_20180818_113000Z.aif_23457,2018_UnivMD_Maryland_86896_Dep01_20180711,86896MD01_016K_M04_multi_20180818_113000Z.aif,,,,interval,animal,,,,,,,,,,,,,,,,,machine,,,0.603471,1-2-f,parm file = FW2O_p25.mat
86896MD01_016K_M04_multi_20180818_120000Z.aif_23665,2018_UnivMD_Maryland_86896_Dep01_20180711,86896MD01_016K_M04_multi_20180818_120000Z.aif,,,,interval,animal,,,,,,,,,,,,,,,,,machine,,,0.838698,1-4-f,parm file = FW2O_p25.mat
86896MD01_016K_M04_multi_20180818_121500Z.aif_23773,2018_UnivMD_Maryland_86896_Dep01_20180711,86896MD01_016K_M04_multi_20180818_121500Z.aif,,,,interval,animal,,,,,,,,,,,,,,,,,machine,,,0.669529,1-4-f,parm file = FW2O_p25.mat
86896MD01_016K_M04_multi_20180818_124500Z.aif_23859,2018_UnivMD_Maryland_86896_Dep01_20180711,86896MD01_016K_M04_multi_20180818_124500Z.aif,,,,interval,animal,,,,,,,,,,,,,,,,,machine,,,0.866026,1-4-f,parm file = FW2O_p25.mat
86896MD01_016K_M04_multi_20180818_124500Z.aif_23971,2018_UnivMD_Maryland_86896_Dep01_20180711,86896MD01_016K_M04_multi_20180818_124500Z.aif,,,,interval,animal,,,,,,,,,,,,,,,,,machine,,,0.792649,1-1-f,parm file = FW2O_p25.mat
86896MD01_016K_M04_multi_20180818_124500Z.aif_23978,2018_UnivMD_Maryland_86896_Dep01_20180711,86896MD01_016K_M04_multi_20180818_124500Z.aif,,,,interval,animal,,,,,,,,,,,,,,,,,machine,,,0.879961,1-4-f,parm file = FW2O_p25.mat
86896MD01_016K_M04_multi_20180818_130000Z.aif_24028,2018_UnivMD_Maryland_86896_Dep01_20180711,86896MD01_016K_M04_multi_20180818_130000Z.aif,,,,interval,animal,,,,,,,,,,,,,,,,,machine,,,0.640102,1-4-f,parm file = FW2O_p25.mat
86896MD01_016K_M04_multi_20180818_130000Z.aif_24077,2018_UnivMD_Maryland_86896_Dep01_20180711,86896MD01_016K_M04_multi_20180818_130000Z.aif,,,,interval,animal,,,,,,,,,,,,,,,,,machine,,,0.872064,1-4-f,parm file = FW2O_p25.mat
86896MD01_016K_M04_multi_20180818_131500Z.aif_24261,2018_UnivMD_Maryland_86896_Dep01_20180711,86896MD01_016K_M04_multi_20180818_131500Z.aif,,,,interval,animal,,,,,,,,,,,,,,,,,machine,,,0.70307,1-1-f,parm file = FW2O_p25.mat
86896MD01_016K_M04_multi_20180818_134500Z.aif_24490,2018_UnivMD_Maryland_86896_Dep01_20180711,86896MD01_016K_M04_multi_20180818_134500Z.aif,,,,interval,animal,,,,,,,,,,,,,,,,,machine,,,0.847408,1-1-f,parm file = FW2O_p25.mat
86896MD01_016K_M04_multi_20180818_134500Z.aif_24502,2018_UnivMD_Maryland_86896_Dep01_20180711,86896MD01_016K_M04_multi_20180818_134500Z.aif,,,,interval,animal,,,,,,,,,,,,,,,,,machine,,,0.860171,1-4-f,parm file = FW2O_p25.mat
86896MD01_016K_M04_multi_20180818_134500Z.aif_24540,2018_UnivMD_Maryland_86896_Dep01_20180711,86896MD01_016K_M04_multi_20180818_134500Z.aif,,,,interval,animal,,,,,,,,,,,,,,,,,machine,,,0.86576,1-4-f,parm file = FW2O_p25.mat
86896MD01_016K_M04_multi_20180818_134500Z.aif_24551,2018_UnivMD_Maryland_86896_Dep01_20180711,86896MD01_016K_M04_multi_20180818_134500Z.aif,,,,interval,animal,,,,,,,,,,,,,,,,,machine,,,0.514638,1-4-f,parm file = FW2O_p25.mat
86896MD01_016K_M04_multi_20180818_134500Z.aif_24565,2018_UnivMD_Maryland_86896_Dep01_20180711,86896MD01_016K_M04_multi_20180818_134500Z.aif,,,,interval,animal,,,,,,,,,,,,,,,,,machine,,,0.8536,1-4-f,parm file = FW2O_p25.mat
86896MD01_016K_M04_multi_20180818_143000Z.aif_24708,2018_UnivMD_Maryland_86896_Dep01_20180711,86896MD01_016K_M04_multi_20180818_143000Z.aif,,,,interval,animal,,,,,,,,,,,,,,,,,machine,,,0.862315,1-1-f,parm file = FW2O_p25.mat
86896MD01_016K_M04_multi_20180818_143000Z.aif_24711,2018_UnivMD_Maryland_86896_Dep01_20180711,86896MD01_016K_M04_multi_20180818_143000Z.aif,,,,interval,animal,,,,,,,,,,,,,,,,,machine,,,0.568974,1-4-f,parm file = FW2O_p25.mat
86896MD01_016K_M04_multi_20180818_143000Z.aif_24722,2018_UnivMD_Maryland_86896_Dep01_20180711,86896MD01_016K_M04_multi_20180818_143000Z.aif,,,,interval,animal,,,,,,,,,,,,,,,,,machine,,,0.608994,1-4-f,parm file = FW2O_p25.mat
86896MD01_016K_M04_multi_20180818_144500Z.aif_25026,2018_UnivMD_Maryland_86896_Dep01_20180711,86896MD01_016K_M04_multi_20180818_144500Z.aif,,,,interval,animal,,,,,,,,,,,,,,,,,machine,,,0.837061,1-4-f,parm file = FW2O_p25.mat
86896MD01_016K_M04_multi_20180818_144500Z.aif_25039,2018_UnivMD_Maryland_86896_Dep01_20180711,86896MD01_016K_M04_multi_20180818_144500Z.aif,,,,interval,animal,,,,,,,,,,,,,,,,,machine,,,0.828289,1-1-f,parm file = FW2O_p25.mat
86896MD01_016K_M04_multi_20180818_150000Z.aif_25078,2018_UnivMD_Maryland_86896_Dep01_20180711,86896MD01_016K_M04_multi_20180818_150000Z.aif,,,,interval,animal,,,,,,,,,,,,,,,,,machine,,,0.680088,1-4-f,parm file = FW2O_p25.mat
86896MD01_016K_M04_multi_20180818_150000Z.aif_25127,2018_UnivMD_Maryland_86896_Dep01_20180711,86896MD01_016K_M04_multi_20180818_150000Z.aif,,,,interval,animal,,,,,,,,,,,,,,,,,machine,,,0.828283,1-4-f,parm file = FW2O_p25.mat
86896MD01_016K_M04_multi_20180818_150000Z.aif_25173,2018_UnivMD_Maryland_86896_Dep01_20180711,86896MD01_016K_M04_multi_20180818_150000Z.aif,,,,interval,animal,,,,,,,,,,,,,,,,,machine,,,0.873653,1-4-f,parm file = FW2O_p25.mat
86896MD01_016K_M04_multi_20180818_150000Z.aif_25189,2018_UnivMD_Maryland_86896_Dep01_20180711,86896MD01_016K_M04_multi_20180818_150000Z.aif,,,,interval,animal,,,,,,,,,,,,,,,,,machine,,,0.671171,1-4-f,parm file = FW2O_p25.mat
86896MD01_016K_M04_multi_20180818_151500Z.aif_25330,2018_UnivMD_Maryland_86896_Dep01_20180711,86896MD01_016K_M04_multi_20180818_151500Z.aif,,,,interval,animal,,,,,,,,,,,,,,,,,machine,,,0.671601,1-1-f,parm file = FW2O_p25.mat
86896MD01_016K_M04_multi_20180818_153000Z.aif_25412,2018_UnivMD_Maryland_86896_Dep01_20180711,86896MD01_016K_M04_multi_20180818_153000Z.aif,,,,interval,animal,,,,,,,,,,,,,,,,,machine,,,0.519606,1-4-f,parm file = FW2O_p25.mat
86896MD01_016K_M04_multi_20180818_153000Z.aif_25414,2018_UnivMD_Maryland_86896_Dep01_20180711,86896MD01_016K_M04_multi_20180818_153000Z.aif,,,,interval,animal,,,,,,,,,,,,,,,,,machine,,,0.53072,1-4-f,parm file = FW2O_p25.mat
86896MD01_016K_M04_multi_20180818_153000Z.aif_25451,2018_UnivMD_Maryland_86896_Dep01_20180711,86896MD01_016K_M04_multi_20180818_153000Z.aif,,,,interval,animal,,,,,,,,,,,,,,,,,machine,,,0.634258,1-4-f,parm file = FW2O_p25.mat
86896MD01_016K_M04_multi_20180818_153000Z.aif_25456,2018_UnivMD_Maryland_86896_Dep01_20180711,86896MD01_016K_M04_multi_20180818_153000Z.aif,,,,interval,animal,,,,,,,,,,,,,,,,,machine,,,0.62827,1-4-f,parm file = FW2O_p25.mat
86896MD01_016K_M04_multi_20180818_154500Z.aif_25532,2018_UnivMD_Maryland_86896_Dep01_20180711,86896MD01_016K_M04_multi_20180818_154500Z.aif,,,,interval,animal,,,,,,,,,,,,,,,,,machine,,,0.780335,1-4-f,parm file = FW2O_p25.mat
86896MD01_016K_M04_multi_20180818_160000Z.aif_25610,2018_UnivMD_Maryland_86896_Dep01_20180711,86896MD01_016K_M04_multi_20180818_160000Z.aif,,,,interval,animal,,,,,,,,,,,,,,,,,machine,,,0.740259,1-2-f,parm file = FW2O_p25.mat
86896MD01_016K_M04_multi_20180818_161500Z.aif_25619,2018_UnivMD_Maryland_86896_Dep01_20180711,86896MD01_016K_M04_multi_20180818_161500Z.aif,,,,interval,animal,,,,,,,,,,,,,,,,,machine,,,0.625284,1-1-f,parm file = FW2O_p25.mat
86896MD01_016K_M04_multi_20180818_161500Z.aif_25623,2018_UnivMD_Maryland_86896_Dep01_20180711,86896MD01_016K_M04_multi_20180818_161500Z.aif,,,,interval,animal,,,,,,,,,,,,,,,,,machine,,,0.597606,1-1-f,parm file = FW2O_p25.mat
86896MD01_016K_M04_multi_20180818_164500Z.aif_25678,2018_UnivMD_Maryland_86896_Dep01_20180711,86896MD01_016K_M04_multi_20180818_164500Z.aif,,,,interval,animal,,,,,,,,,,,,,,,,,machine,,,0.560645,1-4-f,parm file = FW2O_p25.mat
86896MD01_016K_M04_multi_20180818_171500Z.aif_25782,2018_UnivMD_Maryland_86896_Dep01_20180711,86896MD01_016K_M04_multi_20180818_171500Z.aif,,,,interval,animal,,,,,,,,,,,,,,,,,machine,,,0.804767,1-4-f,parm file = FW2O_p25.mat
86896MD01_016K_M04_multi_20180818_171500Z.aif_25833,2018_UnivMD_Maryland_86896_Dep01_20180711,86896MD01_016K_M04_multi_20180818_171500Z.aif,,,,interval,animal,,,,,,,,,,,,,,,,,machine,,,0.698085,1-4-f,parm file = FW2O_p25.mat
86896MD01_016K_M04_multi_20180818_183000Z.aif_25967,2018_UnivMD_Maryland_86896_Dep01_20180711,86896MD01_016K_M04_multi_20180818_183000Z.aif,,,,interval,animal,,,,,,,,,,,,,,,,,machine,,,0.520791,1-2-f,parm file = FW2O_p25.mat
86896MD01_016K_M04_multi_20180818_194500Z.aif_25990,2018_UnivMD_Maryland_86896_Dep01_20180711,86896MD01_016K_M04_multi_20180818_194500Z.aif,,,,interval,animal,,,,,,,,,,,,,,,,,machine,,,0.501834,1-4-f,parm file = FW2O_p25.mat
86896MD01_016K_M04_multi_20180818_194500Z.aif_26008,2018_UnivMD_Maryland_86896_Dep01_20180711,86896MD01_016K_M04_multi_20180818_194500Z.aif,,,,interval,animal,,,,,,,,,,,,,,,,,machine,,,0.721027,1-4-f,parm file = FW2O_p25.mat
86896MD01_016K_M04_multi_20180818_194500Z.aif_26024,2018_UnivMD_Maryland_86896_Dep01_20180711,86896MD01_016K_M04_multi_20180818_194500Z.aif,,,,interval,animal,,,,,,,,,,,,,,,,,machine,,,0.699858,1-4-f,parm file = FW2O_p25.mat
86896MD01_016K_M04_multi_20180818_194500Z.aif_26050,2018_UnivMD_Maryland_86896_Dep01_20180711,86896MD01_016K_M04_multi_20180818_194500Z.aif,,,,interval,animal,,,,,,,,,,,,,,,,,machine,,,0.529599,1-2-f,parm file = FW2O_p25.mat
86896MD01_016K_M04_multi_20180818_194500Z.aif_26063,2018_UnivMD_Maryland_86896_Dep01_20180711,86896MD01_016K_M04_multi_20180818_194500Z.aif,,,,interval,animal,,,,,,,,,,,,,,,,,machine,,,0.654119,1-4-f,parm file = FW2O_p25.mat
86896MD01_016K_M04_multi_20180818_194500Z.aif_26108,2018_UnivMD_Maryland_86896_Dep01_20180711,86896MD01_016K_M04_multi_20180818_194500Z.aif,,,,interval,animal,,,,,,,,,,,,,,,,,machine,,,0.749774,1-4-f,parm file = FW2O_p25.mat
86896MD01_016K_M04_multi_20180818_200000Z.aif_26132,2018_UnivMD_Maryland_86896_Dep01_20180711,86896MD01_016K_M04_multi_20180818_200000Z.aif,,,,interval,animal,,,,,,,,,,,,,,,,,machine,,,0.67347,1-1-f,parm file = FW2O_p25.mat
86896MD01_016K_M04_multi_20180818_200000Z.aif_26163,2018_UnivMD_Maryland_86896_Dep01_20180711,86896MD01_016K_M04_multi_20180818_200000Z.aif,,,,interval,animal,,,,,,,,,,,,,,,,,machine,,,0.881526,1-2-f,parm file = FW2O_p25.mat
86896MD01_016K_M04_multi_20180818_200000Z.aif_26188,2018_UnivMD_Maryland_86896_Dep01_20180711,86896MD01_016K_M04_multi_20180818_200000Z.aif,,,,interval,animal,,,,,,,,,,,,,,,,,machine,,,0.549512,1-4-f,parm file = FW2O_p25.mat
86896MD01_016K_M04_multi_20180818_201500Z.aif_26228,2018_UnivMD_Maryland_86896_Dep01_20180711,86896MD01_016K_M04_multi_20180818_201500Z.aif,,,,interval,animal,,,,,,,,,,,,,,,,,machine,,,0.855385,1-4-f,parm file = FW2O_p25.mat
86896MD01_016K_M04_multi_20180818_201500Z.aif_26229,2018_UnivMD_Maryland_86896_Dep01_20180711,86896MD01_016K_M04_multi_20180818_201500Z.aif,,,,interval,animal,,,,,,,,,,,,,,,,,machine,,,0.720688,1-1-f,parm file = FW2O_p25.mat
86896MD01_016K_M04_multi_20180818_203000Z.aif_26269,2018_UnivMD_Maryland_86896_Dep01_20180711,86896MD01_016K_M04_multi_20180818_203000Z.aif,,,,interval,animal,,,,,,,,,,,,,,,,,machine,,,0.824694,1-1-f,parm file = FW2O_p25.mat
86896MD01_016K_M04_multi_20180818_204500Z.aif_26394,2018_UnivMD_Maryland_86896_Dep01_20180711,86896MD01_016K_M04_multi_20180818_204500Z.aif,,,,interval,animal,,,,,,,,,,,,,,,,,machine,,,0.644923,1-2-f,parm file = FW2O_p25.mat
86896MD01_016K_M04_multi_20180818_211500Z.aif_26569,2018_UnivMD_Maryland_86896_Dep01_20180711,86896MD01_016K_M04_multi_20180818_211500Z.aif,,,,interval,animal,,,,,,,,,,,,,,,,,machine,,,0.687031,1-4-f,parm file = FW2O_p25.mat
86896MD01_016K_M04_multi_20180818_211500Z.aif_26612,2018_UnivMD_Maryland_86896_Dep01_20180711,86896MD01_016K_M04_multi_20180818_211500Z.aif,,,,interval,animal,,,,,,,,,,,,,,,,,machine,,,0.669091,1-2-f,parm file = FW2O_p25.mat
86896MD01_016K_M04_multi_20180818_211500Z.aif_26616,2018_UnivMD_Maryland_86896_Dep01_20180711,86896MD01_016K_M04_multi_20180818_211500Z.aif,,,,interval,animal,,,,,,,,,,,,,,,,,machine,,,0.582508,1-2-f,parm file = FW2O_p25.mat
86896MD01_016K_M04_multi_20180818_213000Z.aif_26726,2018_UnivMD_Maryland_86896_Dep01_20180711,86896MD01_016K_M04_multi_20180818_213000Z.aif,,,,interval,animal,,,,,,,,,,,,,,,,,machine,,,0.86771,1-4-f,parm file = FW2O_p25.mat
86896MD01_016K_M04_multi_20180818_220000Z.aif_26971,2018_UnivMD_Maryland_86896_Dep01_20180711,86896MD01_016K_M04_multi_20180818_220000Z.aif,,,,interval,animal,,,,,,,,,,,,,,,,,machine,,,0.712314,1-2-f,parm file = FW2O_p25.mat
86896MD01_016K_M04_multi_20180818_221500Z.aif_27025,2018_UnivMD_Maryland_86896_Dep01_20180711,86896MD01_016K_M04_multi_20180818_221500Z.aif,,,,interval,animal,,,,,,,,,,,,,,,,,machine,,,0.720276,1-4-f,parm file = FW2O_p25.mat
86896MD01_016K_M04_multi_20180818_223000Z.aif_27064,2018_UnivMD_Maryland_86896_Dep01_20180711,86896MD01_016K_M04_multi_20180818_223000Z.aif,,,,interval,animal,,,,,,,,,,,,,,,,,machine,,,0.566807,1-4-f,parm file = FW2O_p25.mat
86896MD01_016K_M04_multi_20180818_224500Z.aif_27093,2018_UnivMD_Maryland_86896_Dep01_20180711,86896MD01_016K_M04_multi_20180818_224500Z.aif,,,,interval,animal,,,,,,,,,,,,,,,,,machine,,,0.539544,1-2-f,parm file = FW2O_p25.mat
86896MD01_016K_M04_multi_20180818_231500Z.aif_27107,2018_UnivMD_Maryland_86896_Dep01_20180711,86896MD01_016K_M04_multi_20180818_231500Z.aif,,,,interval,animal,,,,,,,,,,,,,,,,,machine,,,0.523591,1-4-f,parm file = FW2O_p25.mat
86896MD01_016K_M04_multi_20180819_000000Z.aif_27120,2018_UnivMD_Maryland_86896_Dep01_20180711,86896MD01_016K_M04_multi_20180819_000000Z.aif,,,,interval,animal,,,,,,,,,,,,,,,,,machine,,,0.513362,1-4-f,parm file = FW2O_p25.mat
86896MD01_016K_M04_multi_20180819_023000Z.aif_27152,2018_UnivMD_Maryland_86896_Dep01_20180711,86896MD01_016K_M04_multi_20180819_023000Z.aif,,,,interval,animal,,,,,,,,,,,,,,,,,machine,,,0.531561,1-4-f,parm file = FW2O_p25.mat
86896MD01_016K_M04_multi_20180819_031500Z.aif_27163,2018_UnivMD_Maryland_86896_Dep01_20180711,86896MD01_016K_M04_multi_20180819_031500Z.aif,,,,interval,animal,,,,,,,,,,,,,,,,,machine,,,0.526607,1-4-f,parm file = FW2O_p25.mat
86896MD01_016K_M04_multi_20180819_123000Z.aif_27413,2018_UnivMD_Maryland_86896_Dep01_20180711,86896MD01_016K_M04_multi_20180819_123000Z.aif,,,,interval,animal,,,,,,,,,,,,,,,,,machine,,,0.571515,1-2-f,parm file = FW2O_p25.mat
86896MD01_016K_M04_multi_20180819_214500Z.aif_27654,2018_UnivMD_Maryland_86896_Dep01_20180711,86896MD01_016K_M04_multi_20180819_214500Z.aif,,,,interval,animal,,,,,,,,,,,,,,,,,machine,,,0.511592,1-2-f,parm file = FW2O_p25.mat
86896MD01_016K_M04_multi_20180819_230000Z.aif_27684,2018_UnivMD_Maryland_86896_Dep01_20180711,86896MD01_016K_M04_multi_20180819_230000Z.aif,,,,interval,animal,,,,,,,,,,,,,,,,,machine,,,0.50403,1-1-f,parm file = FW2O_p25.mat
86896MD01_016K_M04_multi_20180820_024500Z.aif_27761,2018_UnivMD_Maryland_86896_Dep01_20180711,86896MD01_016K_M04_multi_20180820_024500Z.aif,,,,interval,animal,,,,,,,,,,,,,,,,,machine,,,0.58199,1-4-f,parm file = FW2O_p25.mat
86896MD01_016K_M04_multi_20180820_073000Z.aif_27870,2018_UnivMD_Maryland_86896_Dep01_20180711,86896MD01_016K_M04_multi_20180820_073000Z.aif,,,,interval,animal,,,,,,,,,,,,,,,,,machine,,,0.502055,1-4-f,parm file = FW2O_p25.mat
86896MD01_016K_M04_multi_20180820_080000Z.aif_27875,2018_UnivMD_Maryland_86896_Dep01_20180711,86896MD01_016K_M04_multi_20180820_080000Z.aif,,,,interval,animal,,,,,,,,,,,,,,,,,machine,,,0.535784,1-4-f,parm file = FW2O_p25.mat
86896MD01_016K_M04_multi_20180821_011500Z.aif_28131,2018_UnivMD_Maryland_86896_Dep01_20180711,86896MD01_016K_M04_multi_20180821_011500Z.aif,,,,interval,animal,,,,,,,,,,,,,,,,,machine,,,0.532687,1-2-f,parm file = FW2O_p25.mat
86896MD01_016K_M04_multi_20180821_061500Z.aif_28204,2018_UnivMD_Maryland_86896_Dep01_20180711,86896MD01_016K_M04_multi_20180821_061500Z.aif,,,,interval,animal,,,,,,,,,,,,,,,,,machine,,,0.51805,1-2-f,parm file = FW2O_p25.mat
86896MD01_016K_M04_multi_20180821_120000Z.aif_28358,2018_UnivMD_Maryland_86896_Dep01_20180711,86896MD01_016K_M04_multi_20180821_120000Z.aif,,,,interval,animal,,,,,,,,,,,,,,,,,machine,,,0.615192,1-4-f,parm file = FW2O_p25.mat
86896MD01_016K_M04_multi_20180821_134500Z.aif_28535,2018_UnivMD_Maryland_86896_Dep01_20180711,86896MD01_016K_M04_multi_20180821_134500Z.aif,,,,interval,animal,,,,,,,,,,,,,,,,,machine,,,0.585168,1-4-f,parm file = FW2O_p25.mat
86896MD01_016K_M04_multi_20180821_140000Z.aif_28563,2018_UnivMD_Maryland_86896_Dep01_20180711,86896MD01_016K_M04_multi_20180821_140000Z.aif,,,,interval,animal,,,,,,,,,,,,,,,,,machine,,,0.507259,1-4-f,parm file = FW2O_p25.mat
86896MD01_016K_M04_multi_20180821_150000Z.aif_28715,2018_UnivMD_Maryland_86896_Dep01_20180711,86896MD01_016K_M04_multi_20180821_150000Z.aif,,,,interval,animal,,,,,,,,,,,,,,,,,machine,,,0.531485,1-1-f,parm file = FW2O_p25.mat
86896MD01_016K_M04_multi_20180821_154500Z.aif_28834,2018_UnivMD_Maryland_86896_Dep01_20180711,86896MD01_016K_M04_multi_20180821_154500Z.aif,,,,interval,animal,,,,,,,,,,,,,,,,,machine,,,0.587194,1-4-f,parm file = FW2O_p25.mat
86896MD01_016K_M04_multi_20180821_164500Z.aif_29068,2018_UnivMD_Maryland_86896_Dep01_20180711,86896MD01_016K_M04_multi_20180821_164500Z.aif,,,,interval,animal,,,,,,,,,,,,,,,,,machine,,,0.557755,1-1-f,parm file = FW2O_p25.mat
86896MD01_016K_M04_multi_20180821_164500Z.aif_29074,2018_UnivMD_Maryland_86896_Dep01_20180711,86896MD01_016K_M04_multi_20180821_164500Z.aif,,,,interval,animal,,,,,,,,,,,,,,,,,machine,,,0.588012,1-4-f,parm file = FW2O_p25.mat
86896MD01_016K_M04_multi_20180821_171500Z.aif_29149,2018_UnivMD_Maryland_86896_Dep01_20180711,86896MD01_016K_M04_multi_20180821_171500Z.aif,,,,interval,animal,,,,,,,,,,,,,,,,,machine,,,0.590739,1-1-f,parm file = FW2O_p25.mat
86896MD01_016K_M04_multi_20180821_174500Z.aif_29206,2018_UnivMD_Maryland_86896_Dep01_20180711,86896MD01_016K_M04_multi_20180821_174500Z.aif,,,,interval,animal,,,,,,,,,,,,,,,,,machine,,,0.539187,1-1-f,parm file = FW2O_p25.mat
86896MD01_016K_M04_multi_20180821_180000Z.aif_29259,2018_UnivMD_Maryland_86896_Dep01_20180711,86896MD01_016K_M04_multi_20180821_180000Z.aif,,,,interval,animal,,,,,,,,,,,,,,,,,machine,,,0.508989,1-2-f,parm file = FW2O_p25.mat
86896MD01_016K_M04_multi_20180821_190000Z.aif_29477,2018_UnivMD_Maryland_86896_Dep01_20180711,86896MD01_016K_M04_multi_20180821_190000Z.aif,,,,interval,animal,,,,,,,,,,,,,,,,,machine,,,0.581162,1-2-f,parm file = FW2O_p25.mat
86896MD01_016K_M04_multi_20180821_190000Z.aif_29526,2018_UnivMD_Maryland_86896_Dep01_20180711,86896MD01_016K_M04_multi_20180821_190000Z.aif,,,,interval,animal,,,,,,,,,,,,,,,,,machine,,,0.543229,1-1-f,parm file = FW2O_p25.mat
86896MD01_016K_M04_multi_20180821_191500Z.aif_29579,2018_UnivMD_Maryland_86896_Dep01_20180711,86896MD01_016K_M04_multi_20180821_191500Z.aif,,,,interval,animal,,,,,,,,,,,,,,,,,machine,,,0.648668,1-2-f,parm file = FW2O_p25.mat
86896MD01_016K_M04_multi_20180821_191500Z.aif_29609,2018_UnivMD_Maryland_86896_Dep01_20180711,86896MD01_016K_M04_multi_20180821_191500Z.aif,,,,interval,animal,,,,,,,,,,,,,,,,,machine,,,0.564443,1-2-f,parm file = FW2O_p25.mat
86896MD01_016K_M04_multi_20180821_191500Z.aif_29669,2018_UnivMD_Maryland_86896_Dep01_20180711,86896MD01_016K_M04_multi_20180821_191500Z.aif,,,,interval,animal,,,,,,,,,,,,,,,,,machine,,,0.512887,1-2-f,parm file = FW2O_p25.mat
86896MD01_016K_M04_multi_20180821_191500Z.aif_29674,2018_UnivMD_Maryland_86896_Dep01_20180711,86896MD01_016K_M04_multi_20180821_191500Z.aif,,,,interval,animal,,,,,,,,,,,,,,,,,machine,,,0.511777,1-2-f,parm file = FW2O_p25.mat
86896MD01_016K_M04_multi_20180821_194500Z.aif_29805,2018_UnivMD_Maryland_86896_Dep01_20180711,86896MD01_016K_M04_multi_20180821_194500Z.aif,,,,interval,animal,,,,,,,,,,,,,,,,,machine,,,0.555033,1-2-f,parm file = FW2O_p25.mat
86896MD01_016K_M04_multi_20180821_194500Z.aif_29822,2018_UnivMD_Maryland_86896_Dep01_20180711,86896MD01_016K_M04_multi_20180821_194500Z.aif,,,,interval,animal,,,,,,,,,,,,,,,,,machine,,,0.549216,1-2-f,parm file = FW2O_p25.mat
86896MD01_016K_M04_multi_20180821_194500Z.aif_29870,2018_UnivMD_Maryland_86896_Dep01_20180711,86896MD01_016K_M04_multi_20180821_194500Z.aif,,,,interval,animal,,,,,,,,,,,,,,,,,machine,,,0.580074,1-2-f,parm file = FW2O_p25.mat
86896MD01_016K_M04_multi_20180821_194500Z.aif_29891,2018_UnivMD_Maryland_86896_Dep01_20180711,86896MD01_016K_M04_multi_20180821_194500Z.aif,,,,interval,animal,,,,,,,,,,,,,,,,,machine,,,0.596214,1-2-f,parm file = FW2O_p25.mat
86896MD01_016K_M04_multi_20180821_194500Z.aif_29892,2018_UnivMD_Maryland_86896_Dep01_20180711,86896MD01_016K_M04_multi_20180821_194500Z.aif,,,,interval,animal,,,,,,,,,,,,,,,,,machine,,,0.582108,1-2-f,parm file = FW2O_p25.mat
86896MD01_016K_M04_multi_20180821_200000Z.aif_29898,2018_UnivMD_Maryland_86896_Dep01_20180711,86896MD01_016K_M04_multi_20180821_200000Z.aif,,,,interval,animal,,,,,,,,,,,,,,,,,machine,,,0.565038,1-2-f,parm file = FW2O_p25.mat
86896MD01_016K_M04_multi_20180821_200000Z.aif_29987,2018_UnivMD_Maryland_86896_Dep01_20180711,86896MD01_016K_M04_multi_20180821_200000Z.aif,,,,interval,animal,,,,,,,,,,,,,,,,,machine,,,0.53298,1-2-f,parm file = FW2O_p25.mat
86896MD01_016K_M04_multi_20180821_203000Z.aif_30124,2018_UnivMD_Maryland_86896_Dep01_20180711,86896MD01_016K_M04_multi_20180821_203000Z.aif,,,,interval,animal,,,,,,,,,,,,,,,,,machine,,,0.534726,1-1-f,parm file = FW2O_p25.mat
86896MD01_016K_M04_multi_20180821_204500Z.aif_30224,2018_UnivMD_Maryland_86896_Dep01_20180711,86896MD01_016K_M04_multi_20180821_204500Z.aif,,,,interval,animal,,,,,,,,,,,,,,,,,machine,,,0.526461,1-2-f,parm file = FW2O_p25.mat
86896MD01_016K_M04_multi_20180821_214500Z.aif_30416,2018_UnivMD_Maryland_86896_Dep01_20180711,86896MD01_016K_M04_multi_20180821_214500Z.aif,,,,interval,animal,,,,,,,,,,,,,,,,,machine,,,0.653742,1-2-f,parm file = FW2O_p25.mat
86896MD01_016K_M04_multi_20180821_224500Z.aif_30495,2018_UnivMD_Maryland_86896_Dep01_20180711,86896MD01_016K_M04_multi_20180821_224500Z.aif,,,,interval,animal,,,,,,,,,,,,,,,,,machine,,,0.534742,1-2-f,parm file = FW2O_p25.mat
86896MD01_016K_M04_multi_20180822_001500Z.aif_30645,2018_UnivMD_Maryland_86896_Dep01_20180711,86896MD01_016K_M04_multi_20180822_001500Z.aif,,,,interval,animal,,,,,,,,,,,,,,,,,machine,,,0.503412,1-4-f,parm file = FW2O_p25.mat
86896MD01_016K_M04_multi_20180822_003000Z.aif_30652,2018_UnivMD_Maryland_86896_Dep01_20180711,86896MD01_016K_M04_multi_20180822_003000Z.aif,,,,interval,animal,,,,,,,,,,,,,,,,,machine,,,0.574242,1-4-f,parm file = FW2O_p25.mat
86896MD01_016K_M04_multi_20180822_103000Z.aif_31081,2018_UnivMD_Maryland_86896_Dep01_20180711,86896MD01_016K_M04_multi_20180822_103000Z.aif,,,,interval,animal,,,,,,,,,,,,,,,,,machine,,,0.521148,1-4-f,parm file = FW2O_p25.mat
86896MD01_016K_M04_multi_20180822_104500Z.aif_31156,2018_UnivMD_Maryland_86896_Dep01_20180711,86896MD01_016K_M04_multi_20180822_104500Z.aif,,,,interval,animal,,,,,,,,,,,,,,,,,machine,,,0.614337,1-4-f,parm file = FW2O_p25.mat
86896MD01_016K_M04_multi_20180822_110000Z.aif_31206,2018_UnivMD_Maryland_86896_Dep01_20180711,86896MD01_016K_M04_multi_20180822_110000Z.aif,,,,interval,animal,,,,,,,,,,,,,,,,,machine,,,0.50693,1-4-f,parm file = FW2O_p25.mat
86896MD01_016K_M04_multi_20180822_134500Z.aif_31334,2018_UnivMD_Maryland_86896_Dep01_20180711,86896MD01_016K_M04_multi_20180822_134500Z.aif,,,,interval,animal,,,,,,,,,,,,,,,,,machine,,,0.502988,1-4-f,parm file = FW2O_p25.mat
86896MD01_016K_M04_multi_20180822_181500Z.aif_31527,2018_UnivMD_Maryland_86896_Dep01_20180711,86896MD01_016K_M04_multi_20180822_181500Z.aif,,,,interval,animal,,,,,,,,,,,,,,,,,machine,,,0.518618,1-4-f,parm file = FW2O_p25.mat
86896MD01_016K_M04_multi_20180822_194500Z.aif_31567,2018_UnivMD_Maryland_86896_Dep01_20180711,86896MD01_016K_M04_multi_20180822_194500Z.aif,,,,interval,animal,,,,,,,,,,,,,,,,,machine,,,0.555997,1-4-f,parm file = FW2O_p25.mat
86896MD01_016K_M04_multi_20180822_201500Z.aif_31584,2018_UnivMD_Maryland_86896_Dep01_20180711,86896MD01_016K_M04_multi_20180822_201500Z.aif,,,,interval,animal,,,,,,,,,,,,,,,,,machine,,,0.536143,1-4-f,parm file = FW2O_p25.mat
86896MD01_016K_M04_multi_20180822_204500Z.aif_31647,2018_UnivMD_Maryland_86896_Dep01_20180711,86896MD01_016K_M04_multi_20180822_204500Z.aif,,,,interval,animal,,,,,,,,,,,,,,,,,machine,,,0.565605,1-4-f,parm file = FW2O_p25.mat
86896MD01_016K_M04_multi_20180822_211500Z.aif_31767,2018_UnivMD_Maryland_86896_Dep01_20180711,86896MD01_016K_M04_multi_20180822_211500Z.aif,,,,interval,animal,,,,,,,,,,,,,,,,,machine,,,0.544645,1-4-f,parm file = FW2O_p25.mat
86896MD01_016K_M04_multi_20180822_211500Z.aif_31772,2018_UnivMD_Maryland_86896_Dep01_20180711,86896MD01_016K_M04_multi_20180822_211500Z.aif,,,,interval,animal,,,,,,,,,,,,,,,,,machine,,,0.524139,1-4-f,parm file = FW2O_p25.mat
86896MD01_016K_M04_multi_20180822_211500Z.aif_31775,2018_UnivMD_Maryland_86896_Dep01_20180711,86896MD01_016K_M04_multi_20180822_211500Z.aif,,,,interval,animal,,,,,,,,,,,,,,,,,machine,,,0.511554,1-4-f,parm file = FW2O_p25.mat
86896MD01_016K_M04_multi_20180822_213000Z.aif_31826,2018_UnivMD_Maryland_86896_Dep01_20180711,86896MD01_016K_M04_multi_20180822_213000Z.aif,,,,interval,animal,,,,,,,,,,,,,,,,,machine,,,0.512852,1-4-f,parm file = FW2O_p25.mat
86896MD01_016K_M04_multi_20180822_214500Z.aif_31889,2018_UnivMD_Maryland_86896_Dep01_20180711,86896MD01_016K_M04_multi_20180822_214500Z.aif,,,,interval,animal,,,,,,,,,,,,,,,,,machine,,,0.525873,1-4-f,parm file = FW2O_p25.mat
86896MD01_016K_M04_multi_20180822_223000Z.aif_32014,2018_UnivMD_Maryland_86896_Dep01_20180711,86896MD01_016K_M04_multi_20180822_223000Z.aif,,,,interval,animal,,,,,,,,,,,,,,,,,machine,,,0.505845,1-4-f,parm file = FW2O_p25.mat
86896MD01_016K_M04_multi_20180822_234500Z.aif_32200,2018_UnivMD_Maryland_86896_Dep01_20180711,86896MD01_016K_M04_multi_20180822_234500Z.aif,,,,interval,animal,,,,,,,,,,,,,,,,,machine,,,0.505057,1-4-f,parm file = FW2O_p25.mat
86896MD01_016K_M04_multi_20180823_020000Z.aif_32411,2018_UnivMD_Maryland_86896_Dep01_20180711,86896MD01_016K_M04_multi_20180823_020000Z.aif,,,,interval,animal,,,,,,,,,,,,,,,,,machine,,,0.538137,1-4-f,parm file = FW2O_p25.mat
86896MD01_016K_M04_multi_20180823_023000Z.aif_32441,2018_UnivMD_Maryland_86896_Dep01_20180711,86896MD01_016K_M04_multi_20180823_023000Z.aif,,,,interval,animal,,,,,,,,,,,,,,,,,machine,,,0.571993,1-4-f,parm file = FW2O_p25.mat
86896MD01_016K_M04_multi_20180823_023000Z.aif_32465,2018_UnivMD_Maryland_86896_Dep01_20180711,86896MD01_016K_M04_multi_20180823_023000Z.aif,,,,interval,animal,,,,,,,,,,,,,,,,,machine,,,0.516581,1-4-f,parm file = FW2O_p25.mat
86896MD01_016K_M04_multi_20180823_023000Z.aif_32474,2018_UnivMD_Maryland_86896_Dep01_20180711,86896MD01_016K_M04_multi_20180823_023000Z.aif,,,,interval,animal,,,,,,,,,,,,,,,,,machine,,,0.517935,1-4-f,parm file = FW2O_p25.mat
86896MD01_016K_M04_multi_20180823_030000Z.aif_32499,2018_UnivMD_Maryland_86896_Dep01_20180711,86896MD01_016K_M04_multi_20180823_030000Z.aif,,,,interval,animal,,,,,,,,,,,,,,,,,machine,,,0.518654,1-4-f,parm file = FW2O_p25.mat
86896MD01_016K_M04_multi_20180823_031500Z.aif_32517,2018_UnivMD_Maryland_86896_Dep01_20180711,86896MD01_016K_M04_multi_20180823_031500Z.aif,,,,interval,animal,,,,,,,,,,,,,,,,,machine,,,0.502351,1-4-f,parm file = FW2O_p25.mat
86896MD01_016K_M04_multi_20180823_041500Z.aif_32599,2018_UnivMD_Maryland_86896_Dep01_20180711,86896MD01_016K_M04_multi_20180823_041500Z.aif,,,,interval,animal,,,,,,,,,,,,,,,,,machine,,,0.559913,1-4-f,parm file = FW2O_p25.mat
86896MD01_016K_M04_multi_20180823_044500Z.aif_32677,2018_UnivMD_Maryland_86896_Dep01_20180711,86896MD01_016K_M04_multi_20180823_044500Z.aif,,,,interval,animal,,,,,,,,,,,,,,,,,machine,,,0.570313,1-4-f,parm file = FW2O_p25.mat
86896MD01_016K_M04_multi_20180823_044500Z.aif_32697,2018_UnivMD_Maryland_86896_Dep01_20180711,86896MD01_016K_M04_multi_20180823_044500Z.aif,,,,interval,animal,,,,,,,,,,,,,,,,,machine,,,0.514255,1-4-f,parm file = FW2O_p25.mat
86896MD01_016K_M04_multi_20180823_050000Z.aif_32725,2018_UnivMD_Maryland_86896_Dep01_20180711,86896MD01_016K_M04_multi_20180823_050000Z.aif,,,,interval,animal,,,,,,,,,,,,,,,,,machine,,,0.543532,1-4-f,parm file = FW2O_p25.mat
86896MD01_016K_M04_multi_20180823_053000Z.aif_32766,2018_UnivMD_Maryland_86896_Dep01_20180711,86896MD01_016K_M04_multi_20180823_053000Z.aif,,,,interval,animal,,,,,,,,,,,,,,,,,machine,,,0.563213,1-4-f,parm file = FW2O_p25.mat
86896MD01_016K_M04_multi_20180823_073000Z.aif_33030,2018_UnivMD_Maryland_86896_Dep01_20180711,86896MD01_016K_M04_multi_20180823_073000Z.aif,,,,interval,animal,,,,,,,,,,,,,,,,,machine,,,0.523879,1-4-f,parm file = FW2O_p25.mat
86896MD01_016K_M04_multi_20180823_073000Z.aif_33032,2018_UnivMD_Maryland_86896_Dep01_20180711,86896MD01_016K_M04_multi_20180823_073000Z.aif,,,,interval,animal,,,,,,,,,,,,,,,,,machine,,,0.502228,1-4-f,parm file = FW2O_p25.mat
86896MD01_016K_M04_multi_20180823_091500Z.aif_33228,2018_UnivMD_Maryland_86896_Dep01_20180711,86896MD01_016K_M04_multi_20180823_091500Z.aif,,,,interval,animal,,,,,,,,,,,,,,,,,machine,,,0.505919,1-4-f,parm file = FW2O_p25.mat
86896MD01_016K_M04_multi_20180823_110000Z.aif_33411,2018_UnivMD_Maryland_86896_Dep01_20180711,86896MD01_016K_M04_multi_20180823_110000Z.aif,,,,interval,animal,,,,,,,,,,,,,,,,,machine,,,0.525948,1-4-f,parm file = FW2O_p25.mat
86896MD01_016K_M04_multi_20180823_113000Z.aif_33442,2018_UnivMD_Maryland_86896_Dep01_20180711,86896MD01_016K_M04_multi_20180823_113000Z.aif,,,,interval,animal,,,,,,,,,,,,,,,,,machine,,,0.524331,1-4-f,parm file = FW2O_p25.mat
86896MD01_016K_M04_multi_20180823_133000Z.aif_33554,2018_UnivMD_Maryland_86896_Dep01_20180711,86896MD01_016K_M04_multi_20180823_133000Z.aif,,,,interval,animal,,,,,,,,,,,,,,,,,machine,,,0.720986,1-1-f,parm file = FW2O_p25.mat
86896MD01_016K_M04_multi_20180823_161500Z.aif_33750,2018_UnivMD_Maryland_86896_Dep01_20180711,86896MD01_016K_M04_multi_20180823_161500Z.aif,,,,interval,animal,,,,,,,,,,,,,,,,,machine,,,0.510367,1-4-f,parm file = FW2O_p25.mat
86896MD01_016K_M04_multi_20180823_161500Z.aif_33773,2018_UnivMD_Maryland_86896_Dep01_20180711,86896MD01_016K_M04_multi_20180823_161500Z.aif,,,,interval,animal,,,,,,,,,,,,,,,,,machine,,,0.525399,1-4-f,parm file = FW2O_p25.mat
86896MD01_016K_M04_multi_20180823_163000Z.aif_33809,2018_UnivMD_Maryland_86896_Dep01_20180711,86896MD01_016K_M04_multi_20180823_163000Z.aif,,,,interval,animal,,,,,,,,,,,,,,,,,machine,,,0.515755,1-4-f,parm file = FW2O_p25.mat
86896MD01_016K_M04_multi_20180823_183000Z.aif_33979,2018_UnivMD_Maryland_86896_Dep01_20180711,86896MD01_016K_M04_multi_20180823_183000Z.aif,,,,interval,animal,,,,,,,,,,,,,,,,,machine,,,0.539054,1-4-f,parm file = FW2O_p25.mat
86896MD01_016K_M04_multi_20180823_200000Z.aif_34023,2018_UnivMD_Maryland_86896_Dep01_20180711,86896MD01_016K_M04_multi_20180823_200000Z.aif,,,,interval,animal,,,,,,,,,,,,,,,,,machine,,,0.595362,1-4-f,parm file = FW2O_p25.mat
86896MD01_016K_M04_multi_20180823_204500Z.aif_34097,2018_UnivMD_Maryland_86896_Dep01_20180711,86896MD01_016K_M04_multi_20180823_204500Z.aif,,,,interval,animal,,,,,,,,,,,,,,,,,machine,,,0.527546,1-4-f,parm file = FW2O_p25.mat
86896MD01_016K_M04_multi_20180823_214500Z.aif_34201,2018_UnivMD_Maryland_86896_Dep01_20180711,86896MD01_016K_M04_multi_20180823_214500Z.aif,,,,interval,animal,,,,,,,,,,,,,,,,,machine,,,0.532035,1-4-f,parm file = FW2O_p25.mat
86896MD01_016K_M04_multi_20180823_221500Z.aif_34257,2018_UnivMD_Maryland_86896_Dep01_20180711,86896MD01_016K_M04_multi_20180823_221500Z.aif,,,,interval,animal,,,,,,,,,,,,,,,,,machine,,,0.548416,1-4-f,parm file = FW2O_p25.mat
86896MD01_016K_M04_multi_20180823_224500Z.aif_34394,2018_UnivMD_Maryland_86896_Dep01_20180711,86896MD01_016K_M04_multi_20180823_224500Z.aif,,,,interval,animal,,,,,,,,,,,,,,,,,machine,,,0.520537,1-4-f,parm file = FW2O_p25.mat
86896MD01_016K_M04_multi_20180823_231500Z.aif_34478,2018_UnivMD_Maryland_86896_Dep01_20180711,86896MD01_016K_M04_multi_20180823_231500Z.aif,,,,interval,animal,,,,,,,,,,,,,,,,,machine,,,0.504237,1-4-f,parm file = FW2O_p25.mat
86896MD01_016K_M04_multi_20180823_231500Z.aif_34484,2018_UnivMD_Maryland_86896_Dep01_20180711,86896MD01_016K_M04_multi_20180823_231500Z.aif,,,,interval,animal,,,,,,,,,,,,,,,,,machine,,,0.543389,1-4-f,parm file = FW2O_p25.mat
86896MD01_016K_M04_multi_20180824_001500Z.aif_34668,2018_UnivMD_Maryland_86896_Dep01_20180711,86896MD01_016K_M04_multi_20180824_001500Z.aif,,,,interval,animal,,,,,,,,,,,,,,,,,machine,,,0.541803,1-4-f,parm file = FW2O_p25.mat
86896MD01_016K_M04_multi_20180824_003000Z.aif_34733,2018_UnivMD_Maryland_86896_Dep01_20180711,86896MD01_016K_M04_multi_20180824_003000Z.aif,,,,interval,animal,,,,,,,,,,,,,,,,,machine,,,0.516679,1-4-f,parm file = FW2O_p25.mat
86896MD01_016K_M04_multi_20180824_004500Z.aif_34795,2018_UnivMD_Maryland_86896_Dep01_20180711,86896MD01_016K_M04_multi_20180824_004500Z.aif,,,,interval,animal,,,,,,,,,,,,,,,,,machine,,,0.538489,1-4-f,parm file = FW2O_p25.mat
86896MD01_016K_M04_multi_20180824_004500Z.aif_34800,2018_UnivMD_Maryland_86896_Dep01_20180711,86896MD01_016K_M04_multi_20180824_004500Z.aif,,,,interval,animal,,,,,,,,,,,,,,,,,machine,,,0.513304,1-4-f,parm file = FW2O_p25.mat
86896MD01_016K_M04_multi_20180824_013000Z.aif_34918,2018_UnivMD_Maryland_86896_Dep01_20180711,86896MD01_016K_M04_multi_20180824_013000Z.aif,,,,interval,animal,,,,,,,,,,,,,,,,,machine,,,0.511901,1-4-f,parm file = FW2O_p25.mat
86896MD01_016K_M04_multi_20180824_020000Z.aif_35065,2018_UnivMD_Maryland_86896_Dep01_20180711,86896MD01_016K_M04_multi_20180824_020000Z.aif,,,,interval,animal,,,,,,,,,,,,,,,,,machine,,,0.504058,1-4-f,parm file = FW2O_p25.mat
86896MD01_016K_M04_multi_20180824_021500Z.aif_35100,2018_UnivMD_Maryland_86896_Dep01_20180711,86896MD01_016K_M04_multi_20180824_021500Z.aif,,,,interval,animal,,,,,,,,,,,,,,,,,machine,,,0.527678,1-4-f,parm file = FW2O_p25.mat
86896MD01_016K_M04_multi_20180824_034500Z.aif_35397,2018_UnivMD_Maryland_86896_Dep01_20180711,86896MD01_016K_M04_multi_20180824_034500Z.aif,,,,interval,animal,,,,,,,,,,,,,,,,,machine,,,0.52189,1-4-f,parm file = FW2O_p25.mat
86896MD01_016K_M04_multi_20180824_043000Z.aif_35489,2018_UnivMD_Maryland_86896_Dep01_20180711,86896MD01_016K_M04_multi_20180824_043000Z.aif,,,,interval,animal,,,,,,,,,,,,,,,,,machine,,,0.50125,1-4-f,parm file = FW2O_p25.mat
86896MD01_016K_M04_multi_20180824_060000Z.aif_35663,2018_UnivMD_Maryland_86896_Dep01_20180711,86896MD01_016K_M04_multi_20180824_060000Z.aif,,,,interval,animal,,,,,,,,,,,,,,,,,machine,,,0.528349,1-4-f,parm file = FW2O_p25.mat
86896MD01_016K_M04_multi_20180824_063000Z.aif_35764,2018_UnivMD_Maryland_86896_Dep01_20180711,86896MD01_016K_M04_multi_20180824_063000Z.aif,,,,interval,animal,,,,,,,,,,,,,,,,,machine,,,0.501236,1-4-f,parm file = FW2O_p25.mat
86896MD01_016K_M04_multi_20180824_064500Z.aif_35770,2018_UnivMD_Maryland_86896_Dep01_20180711,86896MD01_016K_M04_multi_20180824_064500Z.aif,,,,interval,animal,,,,,,,,,,,,,,,,,machine,,,0.511151,1-4-f,parm file = FW2O_p25.mat
86896MD01_016K_M04_multi_20180824_070000Z.aif_35821,2018_UnivMD_Maryland_86896_Dep01_20180711,86896MD01_016K_M04_multi_20180824_070000Z.aif,,,,interval,animal,,,,,,,,,,,,,,,,,machine,,,0.526539,1-4-f,parm file = FW2O_p25.mat
86896MD01_016K_M04_multi_20180824_071500Z.aif_35845,2018_UnivMD_Maryland_86896_Dep01_20180711,86896MD01_016K_M04_multi_20180824_071500Z.aif,,,,interval,animal,,,,,,,,,,,,,,,,,machine,,,0.509462,1-4-f,parm file = FW2O_p25.mat
86896MD01_016K_M04_multi_20180824_071500Z.aif_35874,2018_UnivMD_Maryland_86896_Dep01_20180711,86896MD01_016K_M04_multi_20180824_071500Z.aif,,,,interval,animal,,,,,,,,,,,,,,,,,machine,,,0.518425,1-4-f,parm file = FW2O_p25.mat
86896MD01_016K_M04_multi_20180824_083000Z.aif_36027,2018_UnivMD_Maryland_86896_Dep01_20180711,86896MD01_016K_M04_multi_20180824_083000Z.aif,,,,interval,animal,,,,,,,,,,,,,,,,,machine,,,0.523144,1-4-f,parm file = FW2O_p25.mat
86896MD01_016K_M04_multi_20180824_091500Z.aif_36068,2018_UnivMD_Maryland_86896_Dep01_20180711,86896MD01_016K_M04_multi_20180824_091500Z.aif,,,,interval,animal,,,,,,,,,,,,,,,,,machine,,,0.514652,1-4-f,parm file = FW2O_p25.mat
86896MD01_016K_M04_multi_20180824_103000Z.aif_36212,2018_UnivMD_Maryland_86896_Dep01_20180711,86896MD01_016K_M04_multi_20180824_103000Z.aif,,,,interval,animal,,,,,,,,,,,,,,,,,machine,,,0.517266,1-4-f,parm file = FW2O_p25.mat
86896MD01_016K_M04_multi_20180824_113000Z.aif_36335,2018_UnivMD_Maryland_86896_Dep01_20180711,86896MD01_016K_M04_multi_20180824_113000Z.aif,,,,interval,animal,,,,,,,,,,,,,,,,,machine,,,0.514904,1-4-f,parm file = FW2O_p25.mat
86896MD01_016K_M04_multi_20180824_114500Z.aif_36370,2018_UnivMD_Maryland_86896_Dep01_20180711,86896MD01_016K_M04_multi_20180824_114500Z.aif,,,,interval,animal,,,,,,,,,,,,,,,,,machine,,,0.580028,1-4-f,parm file = FW2O_p25.mat
86896MD01_016K_M04_multi_20180824_121500Z.aif_36418,2018_UnivMD_Maryland_86896_Dep01_20180711,86896MD01_016K_M04_multi_20180824_121500Z.aif,,,,interval,animal,,,,,,,,,,,,,,,,,machine,,,0.528203,1-4-f,parm file = FW2O_p25.mat
86896MD01_016K_M04_multi_20180824_131500Z.aif_36530,2018_UnivMD_Maryland_86896_Dep01_20180711,86896MD01_016K_M04_multi_20180824_131500Z.aif,,,,interval,animal,,,,,,,,,,,,,,,,,machine,,,0.518088,1-4-f,parm file = FW2O_p25.mat
86896MD01_016K_M04_multi_20180824_141500Z.aif_36585,2018_UnivMD_Maryland_86896_Dep01_20180711,86896MD01_016K_M04_multi_20180824_141500Z.aif,,,,interval,animal,,,,,,,,,,,,,,,,,machine,,,0.556319,1-4-f,parm file = FW2O_p25.mat
86896MD01_016K_M04_multi_20180824_153000Z.aif_36678,2018_UnivMD_Maryland_86896_Dep01_20180711,86896MD01_016K_M04_multi_20180824_153000Z.aif,,,,interval,animal,,,,,,,,,,,,,,,,,machine,,,0.515468,1-4-f,parm file = FW2O_p25.mat
86896MD01_016K_M04_multi_20180824_201500Z.aif_36912,2018_UnivMD_Maryland_86896_Dep01_20180711,86896MD01_016K_M04_multi_20180824_201500Z.aif,,,,interval,animal,,,,,,,,,,,,,,,,,machine,,,0.513178,1-4-f,parm file = FW2O_p25.mat
86896MD01_016K_M04_multi_20180824_214500Z.aif_36976,2018_UnivMD_Maryland_86896_Dep01_20180711,86896MD01_016K_M04_multi_20180824_214500Z.aif,,,,interval,animal,,,,,,,,,,,,,,,,,machine,,,0.546975,1-4-f,parm file = FW2O_p25.mat
86896MD01_016K_M04_multi_20180824_224500Z.aif_37062,2018_UnivMD_Maryland_86896_Dep01_20180711,86896MD01_016K_M04_multi_20180824_224500Z.aif,,,,interval,animal,,,,,,,,,,,,,,,,,machine,,,0.51028,1-4-f,parm file = FW2O_p25.mat
86896MD01_016K_M04_multi_20180824_231500Z.aif_37110,2018_UnivMD_Maryland_86896_Dep01_20180711,86896MD01_016K_M04_multi_20180824_231500Z.aif,,,,interval,animal,,,,,,,,,,,,,,,,,machine,,,0.527592,1-4-f,parm file = FW2O_p25.mat
86896MD01_016K_M04_multi_20180824_231500Z.aif_37118,2018_UnivMD_Maryland_86896_Dep01_20180711,86896MD01_016K_M04_multi_20180824_231500Z.aif,,,,interval,animal,,,,,,,,,,,,,,,,,machine,,,0.540796,1-4-f,parm file = FW2O_p25.mat
86896MD01_016K_M04_multi_20180825_004500Z.aif_37311,2018_UnivMD_Maryland_86896_Dep01_20180711,86896MD01_016K_M04_multi_20180825_004500Z.aif,,,,interval,animal,,,,,,,,,,,,,,,,,machine,,,0.509388,1-4-f,parm file = FW2O_p25.mat
86896MD01_016K_M04_multi_20180825_011500Z.aif_37421,2018_UnivMD_Maryland_86896_Dep01_20180711,86896MD01_016K_M04_multi_20180825_011500Z.aif,,,,interval,animal,,,,,,,,,,,,,,,,,machine,,,0.552105,1-4-f,parm file = FW2O_p25.mat
86896MD01_016K_M04_multi_20180825_013000Z.aif_37475,2018_UnivMD_Maryland_86896_Dep01_20180711,86896MD01_016K_M04_multi_20180825_013000Z.aif,,,,interval,animal,,,,,,,,,,,,,,,,,machine,,,0.523083,1-4-f,parm file = FW2O_p25.mat
86896MD01_016K_M04_multi_20180825_013000Z.aif_37483,2018_UnivMD_Maryland_86896_Dep01_20180711,86896MD01_016K_M04_multi_20180825_013000Z.aif,,,,interval,animal,,,,,,,,,,,,,,,,,machine,,,0.502345,1-4-f,parm file = FW2O_p25.mat
86896MD01_016K_M04_multi_20180825_014500Z.aif_37532,2018_UnivMD_Maryland_86896_Dep01_20180711,86896MD01_016K_M04_multi_20180825_014500Z.aif,,,,interval,animal,,,,,,,,,,,,,,,,,machine,,,0.531549,1-4-f,parm file = FW2O_p25.mat
86896MD01_016K_M04_multi_20180825_014500Z.aif_37561,2018_UnivMD_Maryland_86896_Dep01_20180711,86896MD01_016K_M04_multi_20180825_014500Z.aif,,,,interval,animal,,,,,,,,,,,,,,,,,machine,,,0.537713,1-4-f,parm file = FW2O_p25.mat
86896MD01_016K_M04_multi_20180825_024500Z.aif_37712,2018_UnivMD_Maryland_86896_Dep01_20180711,86896MD01_016K_M04_multi_20180825_024500Z.aif,,,,interval,animal,,,,,,,,,,,,,,,,,machine,,,0.507038,1-4-f,parm file = FW2O_p25.mat
86896MD01_016K_M04_multi_20180825_044500Z.aif_37897,2018_UnivMD_Maryland_86896_Dep01_20180711,86896MD01_016K_M04_multi_20180825_044500Z.aif,,,,interval,animal,,,,,,,,,,,,,,,,,machine,,,0.519287,1-4-f,parm file = FW2O_p25.mat
86896MD01_016K_M04_multi_20180825_044500Z.aif_37900,2018_UnivMD_Maryland_86896_Dep01_20180711,86896MD01_016K_M04_multi_20180825_044500Z.aif,,,,interval,animal,,,,,,,,,,,,,,,,,machine,,,0.506261,1-4-f,parm file = FW2O_p25.mat
86896MD01_016K_M04_multi_20180825_050000Z.aif_37942,2018_UnivMD_Maryland_86896_Dep01_20180711,86896MD01_016K_M04_multi_20180825_050000Z.aif,,,,interval,animal,,,,,,,,,,,,,,,,,machine,,,0.506006,1-4-f,parm file = FW2O_p25.mat
86896MD01_016K_M04_multi_20180825_054500Z.aif_37994,2018_UnivMD_Maryland_86896_Dep01_20180711,86896MD01_016K_M04_multi_20180825_054500Z.aif,,,,interval,animal,,,,,,,,,,,,,,,,,machine,,,0.519525,1-4-f,parm file = FW2O_p25.mat
86896MD01_016K_M04_multi_20180825_061500Z.aif_38070,2018_UnivMD_Maryland_86896_Dep01_20180711,86896MD01_016K_M04_multi_20180825_061500Z.aif,,,,interval,animal,,,,,,,,,,,,,,,,,machine,,,0.505645,1-4-f,parm file = FW2O_p25.mat
86896MD01_016K_M04_multi_20180825_073000Z.aif_38186,2018_UnivMD_Maryland_86896_Dep01_20180711,86896MD01_016K_M04_multi_20180825_073000Z.aif,,,,interval,animal,,,,,,,,,,,,,,,,,machine,,,0.537316,1-4-f,parm file = FW2O_p25.mat
86896MD01_016K_M04_multi_20180825_113000Z.aif_38585,2018_UnivMD_Maryland_86896_Dep01_20180711,86896MD01_016K_M04_multi_20180825_113000Z.aif,,,,interval,animal,,,,,,,,,,,,,,,,,machine,,,0.502512,1-4-f,parm file = FW2O_p25.mat
86896MD01_016K_M04_multi_20180825_114500Z.aif_38602,2018_UnivMD_Maryland_86896_Dep01_20180711,86896MD01_016K_M04_multi_20180825_114500Z.aif,,,,interval,animal,,,,,,,,,,,,,,,,,machine,,,0.514827,1-4-f,parm file = FW2O_p25.mat
86896MD01_016K_M04_multi_20180825_114500Z.aif_38603,2018_UnivMD_Maryland_86896_Dep01_20180711,86896MD01_016K_M04_multi_20180825_114500Z.aif,,,,interval,animal,,,,,,,,,,,,,,,,,machine,,,0.505639,1-4-f,parm file = FW2O_p25.mat
86896MD01_016K_M04_multi_20180825_121500Z.aif_38661,2018_UnivMD_Maryland_86896_Dep01_20180711,86896MD01_016K_M04_multi_20180825_121500Z.aif,,,,interval,animal,,,,,,,,,,,,,,,,,machine,,,0.501612,1-4-f,parm file = FW2O_p25.mat
86896MD01_016K_M04_multi_20180825_153000Z.aif_38953,2018_UnivMD_Maryland_86896_Dep01_20180711,86896MD01_016K_M04_multi_20180825_153000Z.aif,,,,interval,animal,,,,,,,,,,,,,,,,,machine,,,0.522552,1-4-f,parm file = FW2O_p25.mat
86896MD01_016K_M04_multi_20180825_161500Z.aif_39002,2018_UnivMD_Maryland_86896_Dep01_20180711,86896MD01_016K_M04_multi_20180825_161500Z.aif,,,,interval,animal,,,,,,,,,,,,,,,,,machine,,,0.509704,1-4-f,parm file = FW2O_p25.mat
86896MD01_016K_M04_multi_20180825_193000Z.aif_39188,2018_UnivMD_Maryland_86896_Dep01_20180711,86896MD01_016K_M04_multi_20180825_193000Z.aif,,,,interval,animal,,,,,,,,,,,,,,,,,machine,,,0.501529,1-4-f,parm file = FW2O_p25.mat
86896MD01_016K_M04_multi_20180825_210000Z.aif_39226,2018_UnivMD_Maryland_86896_Dep01_20180711,86896MD01_016K_M04_multi_20180825_210000Z.aif,,,,interval,animal,,,,,,,,,,,,,,,,,machine,,,0.517979,1-4-f,parm file = FW2O_p25.mat
86896MD01_016K_M04_multi_20180825_230000Z.aif_39361,2018_UnivMD_Maryland_86896_Dep01_20180711,86896MD01_016K_M04_multi_20180825_230000Z.aif,,,,interval,animal,,,,,,,,,,,,,,,,,machine,,,0.514113,1-4-f,parm file = FW2O_p25.mat
86896MD01_016K_M04_multi_20180825_234500Z.aif_39409,2018_UnivMD_Maryland_86896_Dep01_20180711,86896MD01_016K_M04_multi_20180825_234500Z.aif,,,,interval,animal,,,,,,,,,,,,,,,,,machine,,,0.562069,1-4-f,parm file = FW2O_p25.mat
86896MD01_016K_M04_multi_20180826_020000Z.aif_39640,2018_UnivMD_Maryland_86896_Dep01_20180711,86896MD01_016K_M04_multi_20180826_020000Z.aif,,,,interval,animal,,,,,,,,,,,,,,,,,machine,,,0.52695,1-4-f,parm file = FW2O_p25.mat
86896MD01_016K_M04_multi_20180826_021500Z.aif_39673,2018_UnivMD_Maryland_86896_Dep01_20180711,86896MD01_016K_M04_multi_20180826_021500Z.aif,,,,interval,animal,,,,,,,,,,,,,,,,,machine,,,0.532095,1-4-f,parm file = FW2O_p25.mat
86896MD01_016K_M04_multi_20180826_043000Z.aif_39836,2018_UnivMD_Maryland_86896_Dep01_20180711,86896MD01_016K_M04_multi_20180826_043000Z.aif,,,,interval,animal,,,,,,,,,,,,,,,,,machine,,,0.500425,1-4-f,parm file = FW2O_p25.mat
86896MD01_016K_M04_multi_20180826_044500Z.aif_39856,2018_UnivMD_Maryland_86896_Dep01_20180711,86896MD01_016K_M04_multi_20180826_044500Z.aif,,,,interval,animal,,,,,,,,,,,,,,,,,machine,,,0.503101,1-4-f,parm file = FW2O_p25.mat
86896MD01_016K_M04_multi_20180826_051500Z.aif_39885,2018_UnivMD_Maryland_86896_Dep01_20180711,86896MD01_016K_M04_multi_20180826_051500Z.aif,,,,interval,animal,,,,,,,,,,,,,,,,,machine,,,0.508105,1-4-f,parm file = FW2O_p25.mat
86896MD01_016K_M04_multi_20180826_053000Z.aif_39903,2018_UnivMD_Maryland_86896_Dep01_20180711,86896MD01_016K_M04_multi_20180826_053000Z.aif,,,,interval,animal,,,,,,,,,,,,,,,,,machine,,,0.505779,1-4-f,parm file = FW2O_p25.mat
86896MD01_016K_M04_multi_20180826_061500Z.aif_39971,2018_UnivMD_Maryland_86896_Dep01_20180711,86896MD01_016K_M04_multi_20180826_061500Z.aif,,,,interval,animal,,,,,,,,,,,,,,,,,machine,,,0.517345,1-4-f,parm file = FW2O_p25.mat
86896MD01_016K_M04_multi_20180826_070000Z.aif_40105,2018_UnivMD_Maryland_86896_Dep01_20180711,86896MD01_016K_M04_multi_20180826_070000Z.aif,,,,interval,animal,,,,,,,,,,,,,,,,,machine,,,0.50518,1-4-f,parm file = FW2O_p25.mat
86896MD01_016K_M04_multi_20180826_073000Z.aif_40171,2018_UnivMD_Maryland_86896_Dep01_20180711,86896MD01_016K_M04_multi_20180826_073000Z.aif,,,,interval,animal,,,,,,,,,,,,,,,,,machine,,,0.502242,1-4-f,parm file = FW2O_p25.mat
86896MD01_016K_M04_multi_20180826_084500Z.aif_40376,2018_UnivMD_Maryland_86896_Dep01_20180711,86896MD01_016K_M04_multi_20180826_084500Z.aif,,,,interval,animal,,,,,,,,,,,,,,,,,machine,,,0.506271,1-4-f,parm file = FW2O_p25.mat
86896MD01_016K_M04_multi_20180826_084500Z.aif_40378,2018_UnivMD_Maryland_86896_Dep01_20180711,86896MD01_016K_M04_multi_20180826_084500Z.aif,,,,interval,animal,,,,,,,,,,,,,,,,,machine,,,0.556101,1-4-f,parm file = FW2O_p25.mat
86896MD01_016K_M04_multi_20180826_101500Z.aif_40525,2018_UnivMD_Maryland_86896_Dep01_20180711,86896MD01_016K_M04_multi_20180826_101500Z.aif,,,,interval,animal,,,,,,,,,,,,,,,,,machine,,,0.519627,1-4-f,parm file = FW2O_p25.mat
86896MD01_016K_M04_multi_20180826_101500Z.aif_40538,2018_UnivMD_Maryland_86896_Dep01_20180711,86896MD01_016K_M04_multi_20180826_101500Z.aif,,,,interval,animal,,,,,,,,,,,,,,,,,machine,,,0.556784,1-4-f,parm file = FW2O_p25.mat
86896MD01_016K_M04_multi_20180826_104500Z.aif_40599,2018_UnivMD_Maryland_86896_Dep01_20180711,86896MD01_016K_M04_multi_20180826_104500Z.aif,,,,interval,animal,,,,,,,,,,,,,,,,,machine,,,0.526543,1-4-f,parm file = FW2O_p25.mat
86896MD01_016K_M04_multi_20180826_121500Z.aif_40757,2018_UnivMD_Maryland_86896_Dep01_20180711,86896MD01_016K_M04_multi_20180826_121500Z.aif,,,,interval,animal,,,,,,,,,,,,,,,,,machine,,,0.541536,1-4-f,parm file = FW2O_p25.mat
86896MD01_016K_M04_multi_20180826_141500Z.aif_40981,2018_UnivMD_Maryland_86896_Dep01_20180711,86896MD01_016K_M04_multi_20180826_141500Z.aif,,,,interval,animal,,,,,,,,,,,,,,,,,machine,,,0.749974,1-1-f,parm file = FW2O_p25.mat
86896MD01_016K_M04_multi_20180826_143000Z.aif_41013,2018_UnivMD_Maryland_86896_Dep01_20180711,86896MD01_016K_M04_multi_20180826_143000Z.aif,,,,interval,animal,,,,,,,,,,,,,,,,,machine,,,0.501084,1-4-f,parm file = FW2O_p25.mat
86896MD01_016K_M04_multi_20180826_144500Z.aif_41044,2018_UnivMD_Maryland_86896_Dep01_20180711,86896MD01_016K_M04_multi_20180826_144500Z.aif,,,,interval,animal,,,,,,,,,,,,,,,,,machine,,,0.516461,1-4-f,parm file = FW2O_p25.mat
