mediaID,deploymentID,captureMethod,timestamp,filePath,filePublic,fileName,fileMediatype,samplingFrequency,bitDepth,gain,channels,duration,exifData,favorite,mediaComments
86896MD01_016K_M04_multi_20180711_124500Z.aif,2018_UnivMD_Maryland_86896_Dep01_20180711,schedule,2018-07-11T12:45:00Z,\\Repnas\w\projects\2018_UnivMD_Maryland_86896\86896_MD01_20180711\86896_MD01_AIFF\86896MD01_016K_M04_multi_20180711\86896MD01_016K_M04_multi_20180711_124500Z.aif,FALSE,,audio/aiff,16000,16,23.5,,,,,
86896MD01_016K_M04_multi_20180711_131500Z.aif,2018_UnivMD_Maryland_86896_Dep01_20180711,schedule,2018-07-11T13:15:00Z,\\Repnas\w\projects\2018_UnivMD_Maryland_86896\86896_MD01_20180711\86896_MD01_AIFF\86896MD01_016K_M04_multi_20180711\86896MD01_016K_M04_multi_20180711_131500Z.aif,FALSE,,audio/aiff,16000,16,23.5,,,,,
86896MD01_016K_M04_multi_20180711_143000Z.aif,2018_UnivMD_Maryland_86896_Dep01_20180711,schedule,2018-07-11T14:30:00Z,\\Repnas\w\projects\2018_UnivMD_Maryland_86896\86896_MD01_20180711\86896_MD01_AIFF\86896MD01_016K_M04_multi_20180711\86896MD01_016K_M04_multi_20180711_143000Z.aif,FALSE,,audio/aiff,16000,16,23.5,,,,,
86896MD01_016K_M04_multi_20180711_170000Z.aif,2018_UnivMD_Maryland_86896_Dep01_20180711,schedule,2018-07-11T17:00:00Z,\\Repnas\w\projects\2018_UnivMD_Maryland_86896\86896_MD01_20180711\86896_MD01_AIFF\86896MD01_016K_M04_multi_20180711\86896MD01_016K_M04_multi_20180711_170000Z.aif,FALSE,,audio/aiff,16000,16,23.5,,,,,
86896MD01_016K_M04_multi_20180711_193000Z.aif,2018_UnivMD_Maryland_86896_Dep01_20180711,schedule,2018-07-11T19:30:00Z,\\Repnas\w\projects\2018_UnivMD_Maryland_86896\86896_MD01_20180711\86896_MD01_AIFF\86896MD01_016K_M04_multi_20180711\86896MD01_016K_M04_multi_20180711_193000Z.aif,FALSE,,audio/aiff,16000,16,23.5,,,,,
86896MD01_016K_M04_multi_20180712_001500Z.aif,2018_UnivMD_Maryland_86896_Dep01_20180711,schedule,2018-07-12T00:15:00Z,\\Repnas\w\projects\2018_UnivMD_Maryland_86896\86896_MD01_20180711\86896_MD01_AIFF\86896MD01_016K_M04_multi_20180712\86896MD01_016K_M04_multi_20180712_001500Z.aif,FALSE,,audio/aiff,16000,16,23.5,,,,,
86896MD01_016K_M04_multi_20180712_091500Z.aif,2018_UnivMD_Maryland_86896_Dep01_20180711,schedule,2018-07-12T09:15:00Z,\\Repnas\w\projects\2018_UnivMD_Maryland_86896\86896_MD01_20180711\86896_MD01_AIFF\86896MD01_016K_M04_multi_20180712\86896MD01_016K_M04_multi_20180712_091500Z.aif,FALSE,,audio/aiff,16000,16,23.5,,,,,
86896MD01_016K_M04_multi_20180712_093000Z.aif,2018_UnivMD_Maryland_86896_Dep01_20180711,schedule,2018-07-12T09:30:00Z,\\Repnas\w\projects\2018_UnivMD_Maryland_86896\86896_MD01_20180711\86896_MD01_AIFF\86896MD01_016K_M04_multi_20180712\86896MD01_016K_M04_multi_20180712_093000Z.aif,FALSE,,audio/aiff,16000,16,23.5,,,,,
86896MD01_016K_M04_multi_20180712_094500Z.aif,2018_UnivMD_Maryland_86896_Dep01_20180711,schedule,2018-07-12T09:45:00Z,\\Repnas\w\projects\2018_UnivMD_Maryland_86896\86896_MD01_20180711\86896_MD01_AIFF\86896MD01_016K_M04_multi_20180712\86896MD01_016K_M04_multi_20180712_094500Z.aif,FALSE,,audio/aiff,16000,16,23.5,,,,,
86896MD01_016K_M04_multi_20180712_100000Z.aif,2018_UnivMD_Maryland_86896_Dep01_20180711,schedule,2018-07-12T10:00:00Z,\\Repnas\w\projects\2018_UnivMD_Maryland_86896\86896_MD01_20180711\86896_MD01_AIFF\86896MD01_016K_M04_multi_20180712\86896MD01_016K_M04_multi_20180712_100000Z.aif,FALSE,,audio/aiff,16000,16,23.5,,,,,
86896MD01_016K_M04_multi_20180712_101500Z.aif,2018_UnivMD_Maryland_86896_Dep01_20180711,schedule,2018-07-12T10:15:00Z,\\Repnas\w\projects\2018_UnivMD_Maryland_86896\86896_MD01_20180711\86896_MD01_AIFF\86896MD01_016K_M04_multi_20180712\86896MD01_016K_M04_multi_20180712_101500Z.aif,FALSE,,audio/aiff,16000,16,23.5,,,,,
86896MD01_016K_M04_multi_20180712_103000Z.aif,2018_UnivMD_Maryland_86896_Dep01_20180711,schedule,2018-07-12T10:30:00Z,\\Repnas\w\projects\2018_UnivMD_Maryland_86896\86896_MD01_20180711\86896_MD01_AIFF\86896MD01_016K_M04_multi_20180712\86896MD01_016K_M04_multi_20180712_103000Z.aif,FALSE,,audio/aiff,16000,16,23.5,,,,,
86896MD01_016K_M04_multi_20180712_104500Z.aif,2018_UnivMD_Maryland_86896_Dep01_20180711,schedule,2018-07-12T10:45:00Z,\\Repnas\w\projects\2018_UnivMD_Maryland_86896\86896_MD01_20180711\86896_MD01_AIFF\86896MD01_016K_M04_multi_20180712\86896MD01_016K_M04_multi_20180712_104500Z.aif,FALSE,,audio/aiff,16000,16,23.5,,,,,
86896MD01_016K_M04_multi_20180712_110000Z.aif,2018_UnivMD_Maryland_86896_Dep01_20180711,schedule,2018-07-12T11:00:00Z,\\Repnas\w\projects\2018_UnivMD_Maryland_86896\86896_MD01_20180711\86896_MD01_AIFF\86896MD01_016K_M04_multi_20180712\86896MD01_016K_M04_multi_20180712_110000Z.aif,FALSE,,audio/aiff,16000,16,23.5,,,,,
86896MD01_016K_M04_multi_20180712_113000Z.aif,2018_UnivMD_Maryland_86896_Dep01_20180711,schedule,2018-07-12T11:30:00Z,\\Repnas\w\projects\2018_UnivMD_Maryland_86896\86896_MD01_20180711\86896_MD01_AIFF\86896MD01_016K_M04_multi_20180712\86896MD01_016K_M04_multi_20180712_113000Z.aif,FALSE,,audio/aiff,16000,16,23.5,,,,,
86896MD01_016K_M04_multi_20180712_114500Z.aif,2018_UnivMD_Maryland_86896_Dep01_20180711,schedule,2018-07-12T11:45:00Z,\\Repnas\w\projects\2018_UnivMD_Maryland_86896\86896_MD01_20180711\86896_MD01_AIFF\86896MD01_016K_M04_multi_20180712\86896MD01_016K_M04_multi_20180712_114500Z.aif,FALSE,,audio/aiff,16000,16,23.5,,,,,
86896MD01_016K_M04_multi_20180712_120000Z.aif,2018_UnivMD_Maryland_86896_Dep01_20180711,schedule,2018-07-12T12:00:00Z,\\Repnas\w\projects\2018_UnivMD_Maryland_86896\86896_MD01_20180711\86896_MD01_AIFF\86896MD01_016K_M04_multi_20180712\86896MD01_016K_M04_multi_20180712_120000Z.aif,FALSE,,audio/aiff,16000,16,23.5,,,,,
86896MD01_016K_M04_multi_20180712_121500Z.aif,2018_UnivMD_Maryland_86896_Dep01_20180711,schedule,2018-07-12T12:15:00Z,\\Repnas\w\projects\2018_UnivMD_Maryland_86896\86896_MD01_20180711\86896_MD01_AIFF\86896MD01_016K_M04_multi_20180712\86896MD01_016K_M04_multi_20180712_121500Z.aif,FALSE,,audio/aiff,16000,16,23.5,,,,,
86896MD01_016K_M04_multi_20180712_123000Z.aif,2018_UnivMD_Maryland_86896_Dep01_20180711,schedule,2018-07-12T12:30:00Z,\\Repnas\w\projects\2018_UnivMD_Maryland_86896\86896_MD01_20180711\86896_MD01_AIFF\86896MD01_016K_M04_multi_20180712\86896MD01_016K_M04_multi_20180712_123000Z.aif,FALSE,,audio/aiff,16000,16,23.5,,,,,
86896MD01_016K_M04_multi_20180712_130000Z.aif,2018_UnivMD_Maryland_86896_Dep01_20180711,schedule,2018-07-12T13:00:00Z,\\Repnas\w\projects\2018_UnivMD_Maryland_86896\86896_MD01_20180711\86896_MD01_AIFF\86896MD01_016K_M04_multi_20180712\86896MD01_016K_M04_multi_20180712_130000Z.aif,FALSE,,audio/aiff,16000,16,23.5,,,,,
86896MD01_016K_M04_multi_20180712_131500Z.aif,2018_UnivMD_Maryland_86896_Dep01_20180711,schedule,2018-07-12T13:15:00Z,\\Repnas\w\projects\2018_UnivMD_Maryland_86896\86896_MD01_20180711\86896_MD01_AIFF\86896MD01_016K_M04_multi_20180712\86896MD01_016K_M04_multi_20180712_131500Z.aif,FALSE,,audio/aiff,16000,16,23.5,,,,,
86896MD01_016K_M04_multi_20180712_134500Z.aif,2018_UnivMD_Maryland_86896_Dep01_20180711,schedule,2018-07-12T13:45:00Z,\\Repnas\w\projects\2018_UnivMD_Maryland_86896\86896_MD01_20180711\86896_MD01_AIFF\86896MD01_016K_M04_multi_20180712\86896MD01_016K_M04_multi_20180712_134500Z.aif,FALSE,,audio/aiff,16000,16,23.5,,,,,
86896MD01_016K_M04_multi_20180712_140000Z.aif,2018_UnivMD_Maryland_86896_Dep01_20180711,schedule,2018-07-12T14:00:00Z,\\Repnas\w\projects\2018_UnivMD_Maryland_86896\86896_MD01_20180711\86896_MD01_AIFF\86896MD01_016K_M04_multi_20180712\86896MD01_016K_M04_multi_20180712_140000Z.aif,FALSE,,audio/aiff,16000,16,23.5,,,,,
86896MD01_016K_M04_multi_20180712_141500Z.aif,2018_UnivMD_Maryland_86896_Dep01_20180711,schedule,2018-07-12T14:15:00Z,\\Repnas\w\projects\2018_UnivMD_Maryland_86896\86896_MD01_20180711\86896_MD01_AIFF\86896MD01_016K_M04_multi_20180712\86896MD01_016K_M04_multi_20180712_141500Z.aif,FALSE,,audio/aiff,16000,16,23.5,,,,,
86896MD01_016K_M04_multi_20180712_143000Z.aif,2018_UnivMD_Maryland_86896_Dep01_20180711,schedule,2018-07-12T14:30:00Z,\\Repnas\w\projects\2018_UnivMD_Maryland_86896\86896_MD01_20180711\86896_MD01_AIFF\86896MD01_016K_M04_multi_20180712\86896MD01_016K_M04_multi_20180712_143000Z.aif,FALSE,,audio/aiff,16000,16,23.5,,,,,
86896MD01_016K_M04_multi_20180712_153000Z.aif,2018_UnivMD_Maryland_86896_Dep01_20180711,schedule,2018-07-12T15:30:00Z,\\Repnas\w\projects\2018_UnivMD_Maryland_86896\86896_MD01_20180711\86896_MD01_AIFF\86896MD01_016K_M04_multi_20180712\86896MD01_016K_M04_multi_20180712_153000Z.aif,FALSE,,audio/aiff,16000,16,23.5,,,,,
86896MD01_016K_M04_multi_20180712_154500Z.aif,2018_UnivMD_Maryland_86896_Dep01_20180711,schedule,2018-07-12T15:45:00Z,\\Repnas\w\projects\2018_UnivMD_Maryland_86896\86896_MD01_20180711\86896_MD01_AIFF\86896MD01_016K_M04_multi_20180712\86896MD01_016K_M04_multi_20180712_154500Z.aif,FALSE,,audio/aiff,16000,16,23.5,,,,,
86896MD01_016K_M04_multi_20180712_160000Z.aif,2018_UnivMD_Maryland_86896_Dep01_20180711,schedule,2018-07-12T16:00:00Z,\\Repnas\w\projects\2018_UnivMD_Maryland_86896\86896_MD01_20180711\86896_MD01_AIFF\86896MD01_016K_M04_multi_20180712\86896MD01_016K_M04_multi_20180712_160000Z.aif,FALSE,,audio/aiff,16000,16,23.5,,,,,
86896MD01_016K_M04_multi_20180712_161500Z.aif,2018_UnivMD_Maryland_86896_Dep01_20180711,schedule,2018-07-12T16:15:00Z,\\Repnas\w\projects\2018_UnivMD_Maryland_86896\86896_MD01_20180711\86896_MD01_AIFF\86896MD01_016K_M04_multi_20180712\86896MD01_016K_M04_multi_20180712_161500Z.aif,FALSE,,audio/aiff,16000,16,23.5,,,,,
86896MD01_016K_M04_multi_20180712_164500Z.aif,2018_UnivMD_Maryland_86896_Dep01_20180711,schedule,2018-07-12T16:45:00Z,\\Repnas\w\projects\2018_UnivMD_Maryland_86896\86896_MD01_20180711\86896_MD01_AIFF\86896MD01_016K_M04_multi_20180712\86896MD01_016K_M04_multi_20180712_164500Z.aif,FALSE,,audio/aiff,16000,16,23.5,,,,,
86896MD01_016K_M04_multi_20180712_184500Z.aif,2018_UnivMD_Maryland_86896_Dep01_20180711,schedule,2018-07-12T18:45:00Z,\\Repnas\w\projects\2018_UnivMD_Maryland_86896\86896_MD01_20180711\86896_MD01_AIFF\86896MD01_016K_M04_multi_20180712\86896MD01_016K_M04_multi_20180712_184500Z.aif,FALSE,,audio/aiff,16000,16,23.5,,,,,
86896MD01_016K_M04_multi_20180712_191500Z.aif,2018_UnivMD_Maryland_86896_Dep01_20180711,schedule,2018-07-12T19:15:00Z,\\Repnas\w\projects\2018_UnivMD_Maryland_86896\86896_MD01_20180711\86896_MD01_AIFF\86896MD01_016K_M04_multi_20180712\86896MD01_016K_M04_multi_20180712_191500Z.aif,FALSE,,audio/aiff,16000,16,23.5,,,,,
86896MD01_016K_M04_multi_20180712_210000Z.aif,2018_UnivMD_Maryland_86896_Dep01_20180711,schedule,2018-07-12T21:00:00Z,\\Repnas\w\projects\2018_UnivMD_Maryland_86896\86896_MD01_20180711\86896_MD01_AIFF\86896MD01_016K_M04_multi_20180712\86896MD01_016K_M04_multi_20180712_210000Z.aif,FALSE,,audio/aiff,16000,16,23.5,,,,,
86896MD01_016K_M04_multi_20180713_174500Z.aif,2018_UnivMD_Maryland_86896_Dep01_20180711,schedule,2018-07-13T17:45:00Z,\\Repnas\w\projects\2018_UnivMD_Maryland_86896\86896_MD01_20180711\86896_MD01_AIFF\86896MD01_016K_M04_multi_20180713\86896MD01_016K_M04_multi_20180713_174500Z.aif,FALSE,,audio/aiff,16000,16,23.5,,,,,
86896MD01_016K_M04_multi_20180713_181500Z.aif,2018_UnivMD_Maryland_86896_Dep01_20180711,schedule,2018-07-13T18:15:00Z,\\Repnas\w\projects\2018_UnivMD_Maryland_86896\86896_MD01_20180711\86896_MD01_AIFF\86896MD01_016K_M04_multi_20180713\86896MD01_016K_M04_multi_20180713_181500Z.aif,FALSE,,audio/aiff,16000,16,23.5,,,,,
86896MD01_016K_M04_multi_20180713_210000Z.aif,2018_UnivMD_Maryland_86896_Dep01_20180711,schedule,2018-07-13T21:00:00Z,\\Repnas\w\projects\2018_UnivMD_Maryland_86896\86896_MD01_20180711\86896_MD01_AIFF\86896MD01_016K_M04_multi_20180713\86896MD01_016K_M04_multi_20180713_210000Z.aif,FALSE,,audio/aiff,16000,16,23.5,,,,,
86896MD01_016K_M04_multi_20180713_231500Z.aif,2018_UnivMD_Maryland_86896_Dep01_20180711,schedule,2018-07-13T23:15:00Z,\\Repnas\w\projects\2018_UnivMD_Maryland_86896\86896_MD01_20180711\86896_MD01_AIFF\86896MD01_016K_M04_multi_20180713\86896MD01_016K_M04_multi_20180713_231500Z.aif,FALSE,,audio/aiff,16000,16,23.5,,,,,
86896MD01_016K_M04_multi_20180714_110000Z.aif,2018_UnivMD_Maryland_86896_Dep01_20180711,schedule,2018-07-14T11:00:00Z,\\Repnas\w\projects\2018_UnivMD_Maryland_86896\86896_MD01_20180711\86896_MD01_AIFF\86896MD01_016K_M04_multi_20180714\86896MD01_016K_M04_multi_20180714_110000Z.aif,FALSE,,audio/aiff,16000,16,23.5,,,,,
86896MD01_016K_M04_multi_20180714_121500Z.aif,2018_UnivMD_Maryland_86896_Dep01_20180711,schedule,2018-07-14T12:15:00Z,\\Repnas\w\projects\2018_UnivMD_Maryland_86896\86896_MD01_20180711\86896_MD01_AIFF\86896MD01_016K_M04_multi_20180714\86896MD01_016K_M04_multi_20180714_121500Z.aif,FALSE,,audio/aiff,16000,16,23.5,,,,,
86896MD01_016K_M04_multi_20180714_171500Z.aif,2018_UnivMD_Maryland_86896_Dep01_20180711,schedule,2018-07-14T17:15:00Z,\\Repnas\w\projects\2018_UnivMD_Maryland_86896\86896_MD01_20180711\86896_MD01_AIFF\86896MD01_016K_M04_multi_20180714\86896MD01_016K_M04_multi_20180714_171500Z.aif,FALSE,,audio/aiff,16000,16,23.5,,,,,
86896MD01_016K_M04_multi_20180715_011500Z.aif,2018_UnivMD_Maryland_86896_Dep01_20180711,schedule,2018-07-15T01:15:00Z,\\Repnas\w\projects\2018_UnivMD_Maryland_86896\86896_MD01_20180711\86896_MD01_AIFF\86896MD01_016K_M04_multi_20180715\86896MD01_016K_M04_multi_20180715_011500Z.aif,FALSE,,audio/aiff,16000,16,23.5,,,,,
86896MD01_016K_M04_multi_20180715_071500Z.aif,2018_UnivMD_Maryland_86896_Dep01_20180711,schedule,2018-07-15T07:15:00Z,\\Repnas\w\projects\2018_UnivMD_Maryland_86896\86896_MD01_20180711\86896_MD01_AIFF\86896MD01_016K_M04_multi_20180715\86896MD01_016K_M04_multi_20180715_071500Z.aif,FALSE,,audio/aiff,16000,16,23.5,,,,,
86896MD01_016K_M04_multi_20180715_124500Z.aif,2018_UnivMD_Maryland_86896_Dep01_20180711,schedule,2018-07-15T12:45:00Z,\\Repnas\w\projects\2018_UnivMD_Maryland_86896\86896_MD01_20180711\86896_MD01_AIFF\86896MD01_016K_M04_multi_20180715\86896MD01_016K_M04_multi_20180715_124500Z.aif,FALSE,,audio/aiff,16000,16,23.5,,,,,
86896MD01_016K_M04_multi_20180715_171500Z.aif,2018_UnivMD_Maryland_86896_Dep01_20180711,schedule,2018-07-15T17:15:00Z,\\Repnas\w\projects\2018_UnivMD_Maryland_86896\86896_MD01_20180711\86896_MD01_AIFF\86896MD01_016K_M04_multi_20180715\86896MD01_016K_M04_multi_20180715_171500Z.aif,FALSE,,audio/aiff,16000,16,23.5,,,,,
86896MD01_016K_M04_multi_20180715_193000Z.aif,2018_UnivMD_Maryland_86896_Dep01_20180711,schedule,2018-07-15T19:30:00Z,\\Repnas\w\projects\2018_UnivMD_Maryland_86896\86896_MD01_20180711\86896_MD01_AIFF\86896MD01_016K_M04_multi_20180715\86896MD01_016K_M04_multi_20180715_193000Z.aif,FALSE,,audio/aiff,16000,16,23.5,,,,,
86896MD01_016K_M04_multi_20180715_194500Z.aif,2018_UnivMD_Maryland_86896_Dep01_20180711,schedule,2018-07-15T19:45:00Z,\\Repnas\w\projects\2018_UnivMD_Maryland_86896\86896_MD01_20180711\86896_MD01_AIFF\86896MD01_016K_M04_multi_20180715\86896MD01_016K_M04_multi_20180715_194500Z.aif,FALSE,,audio/aiff,16000,16,23.5,,,,,
86896MD01_016K_M04_multi_20180719_161500Z.aif,2018_UnivMD_Maryland_86896_Dep01_20180711,schedule,2018-07-19T16:15:00Z,\\Repnas\w\projects\2018_UnivMD_Maryland_86896\86896_MD01_20180711\86896_MD01_AIFF\86896MD01_016K_M04_multi_20180719\86896MD01_016K_M04_multi_20180719_161500Z.aif,FALSE,,audio/aiff,16000,16,23.5,,,,,
86896MD01_016K_M04_multi_20180720_014500Z.aif,2018_UnivMD_Maryland_86896_Dep01_20180711,schedule,2018-07-20T01:45:00Z,\\Repnas\w\projects\2018_UnivMD_Maryland_86896\86896_MD01_20180711\86896_MD01_AIFF\86896MD01_016K_M04_multi_20180720\86896MD01_016K_M04_multi_20180720_014500Z.aif,FALSE,,audio/aiff,16000,16,23.5,,,,,
86896MD01_016K_M04_multi_20180720_020000Z.aif,2018_UnivMD_Maryland_86896_Dep01_20180711,schedule,2018-07-20T02:00:00Z,\\Repnas\w\projects\2018_UnivMD_Maryland_86896\86896_MD01_20180711\86896_MD01_AIFF\86896MD01_016K_M04_multi_20180720\86896MD01_016K_M04_multi_20180720_020000Z.aif,FALSE,,audio/aiff,16000,16,23.5,,,,,
86896MD01_016K_M04_multi_20180720_021500Z.aif,2018_UnivMD_Maryland_86896_Dep01_20180711,schedule,2018-07-20T02:15:00Z,\\Repnas\w\projects\2018_UnivMD_Maryland_86896\86896_MD01_20180711\86896_MD01_AIFF\86896MD01_016K_M04_multi_20180720\86896MD01_016K_M04_multi_20180720_021500Z.aif,FALSE,,audio/aiff,16000,16,23.5,,,,,
86896MD01_016K_M04_multi_20180720_023000Z.aif,2018_UnivMD_Maryland_86896_Dep01_20180711,schedule,2018-07-20T02:30:00Z,\\Repnas\w\projects\2018_UnivMD_Maryland_86896\86896_MD01_20180711\86896_MD01_AIFF\86896MD01_016K_M04_multi_20180720\86896MD01_016K_M04_multi_20180720_023000Z.aif,FALSE,,audio/aiff,16000,16,23.5,,,,,
86896MD01_016K_M04_multi_20180720_024500Z.aif,2018_UnivMD_Maryland_86896_Dep01_20180711,schedule,2018-07-20T02:45:00Z,\\Repnas\w\projects\2018_UnivMD_Maryland_86896\86896_MD01_20180711\86896_MD01_AIFF\86896MD01_016K_M04_multi_20180720\86896MD01_016K_M04_multi_20180720_024500Z.aif,FALSE,,audio/aiff,16000,16,23.5,,,,,
86896MD01_016K_M04_multi_20180720_030000Z.aif,2018_UnivMD_Maryland_86896_Dep01_20180711,schedule,2018-07-20T03:00:00Z,\\Repnas\w\projects\2018_UnivMD_Maryland_86896\86896_MD01_20180711\86896_MD01_AIFF\86896MD01_016K_M04_multi_20180720\86896MD01_016K_M04_multi_20180720_030000Z.aif,FALSE,,audio/aiff,16000,16,23.5,,,,,
86896MD01_016K_M04_multi_20180720_031500Z.aif,2018_UnivMD_Maryland_86896_Dep01_20180711,schedule,2018-07-20T03:15:00Z,\\Repnas\w\projects\2018_UnivMD_Maryland_86896\86896_MD01_20180711\86896_MD01_AIFF\86896MD01_016K_M04_multi_20180720\86896MD01_016K_M04_multi_20180720_031500Z.aif,FALSE,,audio/aiff,16000,16,23.5,,,,,
86896MD01_016K_M04_multi_20180720_033000Z.aif,2018_UnivMD_Maryland_86896_Dep01_20180711,schedule,2018-07-20T03:30:00Z,\\Repnas\w\projects\2018_UnivMD_Maryland_86896\86896_MD01_20180711\86896_MD01_AIFF\86896MD01_016K_M04_multi_20180720\86896MD01_016K_M04_multi_20180720_033000Z.aif,FALSE,,audio/aiff,16000,16,23.5,,,,,
86896MD01_016K_M04_multi_20180720_040000Z.aif,2018_UnivMD_Maryland_86896_Dep01_20180711,schedule,2018-07-20T04:00:00Z,\\Repnas\w\projects\2018_UnivMD_Maryland_86896\86896_MD01_20180711\86896_MD01_AIFF\86896MD01_016K_M04_multi_20180720\86896MD01_016K_M04_multi_20180720_040000Z.aif,FALSE,,audio/aiff,16000,16,23.5,,,,,
86896MD01_016K_M04_multi_20180720_041500Z.aif,2018_UnivMD_Maryland_86896_Dep01_20180711,schedule,2018-07-20T04:15:00Z,\\Repnas\w\projects\2018_UnivMD_Maryland_86896\86896_MD01_20180711\86896_MD01_AIFF\86896MD01_016K_M04_multi_20180720\86896MD01_016K_M04_multi_20180720_041500Z.aif,FALSE,,audio/aiff,16000,16,23.5,,,,,
86896MD01_016K_M04_multi_20180720_044500Z.aif,2018_UnivMD_Maryland_86896_Dep01_20180711,schedule,2018-07-20T04:45:00Z,\\Repnas\w\projects\2018_UnivMD_Maryland_86896\86896_MD01_20180711\86896_MD01_AIFF\86896MD01_016K_M04_multi_20180720\86896MD01_016K_M04_multi_20180720_044500Z.aif,FALSE,,audio/aiff,16000,16,23.5,,,,,
86896MD01_016K_M04_multi_20180720_130000Z.aif,2018_UnivMD_Maryland_86896_Dep01_20180711,schedule,2018-07-20T13:00:00Z,\\Repnas\w\projects\2018_UnivMD_Maryland_86896\86896_MD01_20180711\86896_MD01_AIFF\86896MD01_016K_M04_multi_20180720\86896MD01_016K_M04_multi_20180720_130000Z.aif,FALSE,,audio/aiff,16000,16,23.5,,,,,
86896MD01_016K_M04_multi_20180720_173000Z.aif,2018_UnivMD_Maryland_86896_Dep01_20180711,schedule,2018-07-20T17:30:00Z,\\Repnas\w\projects\2018_UnivMD_Maryland_86896\86896_MD01_20180711\86896_MD01_AIFF\86896MD01_016K_M04_multi_20180720\86896MD01_016K_M04_multi_20180720_173000Z.aif,FALSE,,audio/aiff,16000,16,23.5,,,,,
86896MD01_016K_M04_multi_20180721_033000Z.aif,2018_UnivMD_Maryland_86896_Dep01_20180711,schedule,2018-07-21T03:30:00Z,\\Repnas\w\projects\2018_UnivMD_Maryland_86896\86896_MD01_20180711\86896_MD01_AIFF\86896MD01_016K_M04_multi_20180721\86896MD01_016K_M04_multi_20180721_033000Z.aif,FALSE,,audio/aiff,16000,16,23.5,,,,,
86896MD01_016K_M04_multi_20180721_153000Z.aif,2018_UnivMD_Maryland_86896_Dep01_20180711,schedule,2018-07-21T15:30:00Z,\\Repnas\w\projects\2018_UnivMD_Maryland_86896\86896_MD01_20180711\86896_MD01_AIFF\86896MD01_016K_M04_multi_20180721\86896MD01_016K_M04_multi_20180721_153000Z.aif,FALSE,,audio/aiff,16000,16,23.5,,,,,
86896MD01_016K_M04_multi_20180721_160000Z.aif,2018_UnivMD_Maryland_86896_Dep01_20180711,schedule,2018-07-21T16:00:00Z,\\Repnas\w\projects\2018_UnivMD_Maryland_86896\86896_MD01_20180711\86896_MD01_AIFF\86896MD01_016K_M04_multi_20180721\86896MD01_016K_M04_multi_20180721_160000Z.aif,FALSE,,audio/aiff,16000,16,23.5,,,,,
86896MD01_016K_M04_multi_20180722_113000Z.aif,2018_UnivMD_Maryland_86896_Dep01_20180711,schedule,2018-07-22T11:30:00Z,\\Repnas\w\projects\2018_UnivMD_Maryland_86896\86896_MD01_20180711\86896_MD01_AIFF\86896MD01_016K_M04_multi_20180722\86896MD01_016K_M04_multi_20180722_113000Z.aif,FALSE,,audio/aiff,16000,16,23.5,,,,,
86896MD01_016K_M04_multi_20180722_130000Z.aif,2018_UnivMD_Maryland_86896_Dep01_20180711,schedule,2018-07-22T13:00:00Z,\\Repnas\w\projects\2018_UnivMD_Maryland_86896\86896_MD01_20180711\86896_MD01_AIFF\86896MD01_016K_M04_multi_20180722\86896MD01_016K_M04_multi_20180722_130000Z.aif,FALSE,,audio/aiff,16000,16,23.5,,,,,
86896MD01_016K_M04_multi_20180722_134500Z.aif,2018_UnivMD_Maryland_86896_Dep01_20180711,schedule,2018-07-22T13:45:00Z,\\Repnas\w\projects\2018_UnivMD_Maryland_86896\86896_MD01_20180711\86896_MD01_AIFF\86896MD01_016K_M04_multi_20180722\86896MD01_016K_M04_multi_20180722_134500Z.aif,FALSE,,audio/aiff,16000,16,23.5,,,,,
86896MD01_016K_M04_multi_20180722_210000Z.aif,2018_UnivMD_Maryland_86896_Dep01_20180711,schedule,2018-07-22T21:00:00Z,\\Repnas\w\projects\2018_UnivMD_Maryland_86896\86896_MD01_20180711\86896_MD01_AIFF\86896MD01_016K_M04_multi_20180722\86896MD01_016K_M04_multi_20180722_210000Z.aif,FALSE,,audio/aiff,16000,16,23.5,,,,,
86896MD01_016K_M04_multi_20180722_213000Z.aif,2018_UnivMD_Maryland_86896_Dep01_20180711,schedule,2018-07-22T21:30:00Z,\\Repnas\w\projects\2018_UnivMD_Maryland_86896\86896_MD01_20180711\86896_MD01_AIFF\86896MD01_016K_M04_multi_20180722\86896MD01_016K_M04_multi_20180722_213000Z.aif,FALSE,,audio/aiff,16000,16,23.5,,,,,
86896MD01_016K_M04_multi_20180722_214500Z.aif,2018_UnivMD_Maryland_86896_Dep01_20180711,schedule,2018-07-22T21:45:00Z,\\Repnas\w\projects\2018_UnivMD_Maryland_86896\86896_MD01_20180711\86896_MD01_AIFF\86896MD01_016K_M04_multi_20180722\86896MD01_016K_M04_multi_20180722_214500Z.aif,FALSE,,audio/aiff,16000,16,23.5,,,,,
86896MD01_016K_M04_multi_20180722_220000Z.aif,2018_UnivMD_Maryland_86896_Dep01_20180711,schedule,2018-07-22T22:00:00Z,\\Repnas\w\projects\2018_UnivMD_Maryland_86896\86896_MD01_20180711\86896_MD01_AIFF\86896MD01_016K_M04_multi_20180722\86896MD01_016K_M04_multi_20180722_220000Z.aif,FALSE,,audio/aiff,16000,16,23.5,,,,,
86896MD01_016K_M04_multi_20180722_221500Z.aif,2018_UnivMD_Maryland_86896_Dep01_20180711,schedule,2018-07-22T22:15:00Z,\\Repnas\w\projects\2018_UnivMD_Maryland_86896\86896_MD01_20180711\86896_MD01_AIFF\86896MD01_016K_M04_multi_20180722\86896MD01_016K_M04_multi_20180722_221500Z.aif,FALSE,,audio/aiff,16000,16,23.5,,,,,
86896MD01_016K_M04_multi_20180723_004500Z.aif,2018_UnivMD_Maryland_86896_Dep01_20180711,schedule,2018-07-23T00:45:00Z,\\Repnas\w\projects\2018_UnivMD_Maryland_86896\86896_MD01_20180711\86896_MD01_AIFF\86896MD01_016K_M04_multi_20180723\86896MD01_016K_M04_multi_20180723_004500Z.aif,FALSE,,audio/aiff,16000,16,23.5,,,,,
86896MD01_016K_M04_multi_20180723_011500Z.aif,2018_UnivMD_Maryland_86896_Dep01_20180711,schedule,2018-07-23T01:15:00Z,\\Repnas\w\projects\2018_UnivMD_Maryland_86896\86896_MD01_20180711\86896_MD01_AIFF\86896MD01_016K_M04_multi_20180723\86896MD01_016K_M04_multi_20180723_011500Z.aif,FALSE,,audio/aiff,16000,16,23.5,,,,,
86896MD01_016K_M04_multi_20180723_014500Z.aif,2018_UnivMD_Maryland_86896_Dep01_20180711,schedule,2018-07-23T01:45:00Z,\\Repnas\w\projects\2018_UnivMD_Maryland_86896\86896_MD01_20180711\86896_MD01_AIFF\86896MD01_016K_M04_multi_20180723\86896MD01_016K_M04_multi_20180723_014500Z.aif,FALSE,,audio/aiff,16000,16,23.5,,,,,
86896MD01_016K_M04_multi_20180723_044500Z.aif,2018_UnivMD_Maryland_86896_Dep01_20180711,schedule,2018-07-23T04:45:00Z,\\Repnas\w\projects\2018_UnivMD_Maryland_86896\86896_MD01_20180711\86896_MD01_AIFF\86896MD01_016K_M04_multi_20180723\86896MD01_016K_M04_multi_20180723_044500Z.aif,FALSE,,audio/aiff,16000,16,23.5,,,,,
86896MD01_016K_M04_multi_20180723_064500Z.aif,2018_UnivMD_Maryland_86896_Dep01_20180711,schedule,2018-07-23T06:45:00Z,\\Repnas\w\projects\2018_UnivMD_Maryland_86896\86896_MD01_20180711\86896_MD01_AIFF\86896MD01_016K_M04_multi_20180723\86896MD01_016K_M04_multi_20180723_064500Z.aif,FALSE,,audio/aiff,16000,16,23.5,,,,,
86896MD01_016K_M04_multi_20180723_070000Z.aif,2018_UnivMD_Maryland_86896_Dep01_20180711,schedule,2018-07-23T07:00:00Z,\\Repnas\w\projects\2018_UnivMD_Maryland_86896\86896_MD01_20180711\86896_MD01_AIFF\86896MD01_016K_M04_multi_20180723\86896MD01_016K_M04_multi_20180723_070000Z.aif,FALSE,,audio/aiff,16000,16,23.5,,,,,
86896MD01_016K_M04_multi_20180723_081500Z.aif,2018_UnivMD_Maryland_86896_Dep01_20180711,schedule,2018-07-23T08:15:00Z,\\Repnas\w\projects\2018_UnivMD_Maryland_86896\86896_MD01_20180711\86896_MD01_AIFF\86896MD01_016K_M04_multi_20180723\86896MD01_016K_M04_multi_20180723_081500Z.aif,FALSE,,audio/aiff,16000,16,23.5,,,,,
86896MD01_016K_M04_multi_20180723_161500Z.aif,2018_UnivMD_Maryland_86896_Dep01_20180711,schedule,2018-07-23T16:15:00Z,\\Repnas\w\projects\2018_UnivMD_Maryland_86896\86896_MD01_20180711\86896_MD01_AIFF\86896MD01_016K_M04_multi_20180723\86896MD01_016K_M04_multi_20180723_161500Z.aif,FALSE,,audio/aiff,16000,16,23.5,,,,,
86896MD01_016K_M04_multi_20180724_000000Z.aif,2018_UnivMD_Maryland_86896_Dep01_20180711,schedule,2018-07-24T00:00:00Z,\\Repnas\w\projects\2018_UnivMD_Maryland_86896\86896_MD01_20180711\86896_MD01_AIFF\86896MD01_016K_M04_multi_20180724\86896MD01_016K_M04_multi_20180724_000000Z.aif,FALSE,,audio/aiff,16000,16,23.5,,,,,
86896MD01_016K_M04_multi_20180724_004500Z.aif,2018_UnivMD_Maryland_86896_Dep01_20180711,schedule,2018-07-24T00:45:00Z,\\Repnas\w\projects\2018_UnivMD_Maryland_86896\86896_MD01_20180711\86896_MD01_AIFF\86896MD01_016K_M04_multi_20180724\86896MD01_016K_M04_multi_20180724_004500Z.aif,FALSE,,audio/aiff,16000,16,23.5,,,,,
86896MD01_016K_M04_multi_20180724_013000Z.aif,2018_UnivMD_Maryland_86896_Dep01_20180711,schedule,2018-07-24T01:30:00Z,\\Repnas\w\projects\2018_UnivMD_Maryland_86896\86896_MD01_20180711\86896_MD01_AIFF\86896MD01_016K_M04_multi_20180724\86896MD01_016K_M04_multi_20180724_013000Z.aif,FALSE,,audio/aiff,16000,16,23.5,,,,,
86896MD01_016K_M04_multi_20180724_081500Z.aif,2018_UnivMD_Maryland_86896_Dep01_20180711,schedule,2018-07-24T08:15:00Z,\\Repnas\w\projects\2018_UnivMD_Maryland_86896\86896_MD01_20180711\86896_MD01_AIFF\86896MD01_016K_M04_multi_20180724\86896MD01_016K_M04_multi_20180724_081500Z.aif,FALSE,,audio/aiff,16000,16,23.5,,,,,
86896MD01_016K_M04_multi_20180724_083000Z.aif,2018_UnivMD_Maryland_86896_Dep01_20180711,schedule,2018-07-24T08:30:00Z,\\Repnas\w\projects\2018_UnivMD_Maryland_86896\86896_MD01_20180711\86896_MD01_AIFF\86896MD01_016K_M04_multi_20180724\86896MD01_016K_M04_multi_20180724_083000Z.aif,FALSE,,audio/aiff,16000,16,23.5,,,,,
86896MD01_016K_M04_multi_20180724_114500Z.aif,2018_UnivMD_Maryland_86896_Dep01_20180711,schedule,2018-07-24T11:45:00Z,\\Repnas\w\projects\2018_UnivMD_Maryland_86896\86896_MD01_20180711\86896_MD01_AIFF\86896MD01_016K_M04_multi_20180724\86896MD01_016K_M04_multi_20180724_114500Z.aif,FALSE,,audio/aiff,16000,16,23.5,,,,,
86896MD01_016K_M04_multi_20180724_143000Z.aif,2018_UnivMD_Maryland_86896_Dep01_20180711,schedule,2018-07-24T14:30:00Z,\\Repnas\w\projects\2018_UnivMD_Maryland_86896\86896_MD01_20180711\86896_MD01_AIFF\86896MD01_016K_M04_multi_20180724\86896MD01_016K_M04_multi_20180724_143000Z.aif,FALSE,,audio/aiff,16000,16,23.5,,,,,
86896MD01_016K_M04_multi_20180724_164500Z.aif,2018_UnivMD_Maryland_86896_Dep01_20180711,schedule,2018-07-24T16:45:00Z,\\Repnas\w\projects\2018_UnivMD_Maryland_86896\86896_MD01_20180711\86896_MD01_AIFF\86896MD01_016K_M04_multi_20180724\86896MD01_016K_M04_multi_20180724_164500Z.aif,FALSE,,audio/aiff,16000,16,23.5,,,,,
86896MD01_016K_M04_multi_20180724_174500Z.aif,2018_UnivMD_Maryland_86896_Dep01_20180711,schedule,2018-07-24T17:45:00Z,\\Repnas\w\projects\2018_UnivMD_Maryland_86896\86896_MD01_20180711\86896_MD01_AIFF\86896MD01_016K_M04_multi_20180724\86896MD01_016K_M04_multi_20180724_174500Z.aif,FALSE,,audio/aiff,16000,16,23.5,,,,,
86896MD01_016K_M04_multi_20180725_034500Z.aif,2018_UnivMD_Maryland_86896_Dep01_20180711,schedule,2018-07-25T03:45:00Z,\\Repnas\w\projects\2018_UnivMD_Maryland_86896\86896_MD01_20180711\86896_MD01_AIFF\86896MD01_016K_M04_multi_20180725\86896MD01_016K_M04_multi_20180725_034500Z.aif,FALSE,,audio/aiff,16000,16,23.5,,,,,
86896MD01_016K_M04_multi_20180725_041500Z.aif,2018_UnivMD_Maryland_86896_Dep01_20180711,schedule,2018-07-25T04:15:00Z,\\Repnas\w\projects\2018_UnivMD_Maryland_86896\86896_MD01_20180711\86896_MD01_AIFF\86896MD01_016K_M04_multi_20180725\86896MD01_016K_M04_multi_20180725_041500Z.aif,FALSE,,audio/aiff,16000,16,23.5,,,,,
86896MD01_016K_M04_multi_20180725_051500Z.aif,2018_UnivMD_Maryland_86896_Dep01_20180711,schedule,2018-07-25T05:15:00Z,\\Repnas\w\projects\2018_UnivMD_Maryland_86896\86896_MD01_20180711\86896_MD01_AIFF\86896MD01_016K_M04_multi_20180725\86896MD01_016K_M04_multi_20180725_051500Z.aif,FALSE,,audio/aiff,16000,16,23.5,,,,,
86896MD01_016K_M04_multi_20180725_083000Z.aif,2018_UnivMD_Maryland_86896_Dep01_20180711,schedule,2018-07-25T08:30:00Z,\\Repnas\w\projects\2018_UnivMD_Maryland_86896\86896_MD01_20180711\86896_MD01_AIFF\86896MD01_016K_M04_multi_20180725\86896MD01_016K_M04_multi_20180725_083000Z.aif,FALSE,,audio/aiff,16000,16,23.5,,,,,
86896MD01_016K_M04_multi_20180725_140000Z.aif,2018_UnivMD_Maryland_86896_Dep01_20180711,schedule,2018-07-25T14:00:00Z,\\Repnas\w\projects\2018_UnivMD_Maryland_86896\86896_MD01_20180711\86896_MD01_AIFF\86896MD01_016K_M04_multi_20180725\86896MD01_016K_M04_multi_20180725_140000Z.aif,FALSE,,audio/aiff,16000,16,23.5,,,,,
86896MD01_016K_M04_multi_20180725_143000Z.aif,2018_UnivMD_Maryland_86896_Dep01_20180711,schedule,2018-07-25T14:30:00Z,\\Repnas\w\projects\2018_UnivMD_Maryland_86896\86896_MD01_20180711\86896_MD01_AIFF\86896MD01_016K_M04_multi_20180725\86896MD01_016K_M04_multi_20180725_143000Z.aif,FALSE,,audio/aiff,16000,16,23.5,,,,,
86896MD01_016K_M04_multi_20180725_151500Z.aif,2018_UnivMD_Maryland_86896_Dep01_20180711,schedule,2018-07-25T15:15:00Z,\\Repnas\w\projects\2018_UnivMD_Maryland_86896\86896_MD01_20180711\86896_MD01_AIFF\86896MD01_016K_M04_multi_20180725\86896MD01_016K_M04_multi_20180725_151500Z.aif,FALSE,,audio/aiff,16000,16,23.5,,,,,
86896MD01_016K_M04_multi_20180725_200000Z.aif,2018_UnivMD_Maryland_86896_Dep01_20180711,schedule,2018-07-25T20:00:00Z,\\Repnas\w\projects\2018_UnivMD_Maryland_86896\86896_MD01_20180711\86896_MD01_AIFF\86896MD01_016K_M04_multi_20180725\86896MD01_016K_M04_multi_20180725_200000Z.aif,FALSE,,audio/aiff,16000,16,23.5,,,,,
86896MD01_016K_M04_multi_20180726_063000Z.aif,2018_UnivMD_Maryland_86896_Dep01_20180711,schedule,2018-07-26T06:30:00Z,\\Repnas\w\projects\2018_UnivMD_Maryland_86896\86896_MD01_20180711\86896_MD01_AIFF\86896MD01_016K_M04_multi_20180726\86896MD01_016K_M04_multi_20180726_063000Z.aif,FALSE,,audio/aiff,16000,16,23.5,,,,,
86896MD01_016K_M04_multi_20180726_070000Z.aif,2018_UnivMD_Maryland_86896_Dep01_20180711,schedule,2018-07-26T07:00:00Z,\\Repnas\w\projects\2018_UnivMD_Maryland_86896\86896_MD01_20180711\86896_MD01_AIFF\86896MD01_016K_M04_multi_20180726\86896MD01_016K_M04_multi_20180726_070000Z.aif,FALSE,,audio/aiff,16000,16,23.5,,,,,
86896MD01_016K_M04_multi_20180726_111500Z.aif,2018_UnivMD_Maryland_86896_Dep01_20180711,schedule,2018-07-26T11:15:00Z,\\Repnas\w\projects\2018_UnivMD_Maryland_86896\86896_MD01_20180711\86896_MD01_AIFF\86896MD01_016K_M04_multi_20180726\86896MD01_016K_M04_multi_20180726_111500Z.aif,FALSE,,audio/aiff,16000,16,23.5,,,,,
86896MD01_016K_M04_multi_20180726_184500Z.aif,2018_UnivMD_Maryland_86896_Dep01_20180711,schedule,2018-07-26T18:45:00Z,\\Repnas\w\projects\2018_UnivMD_Maryland_86896\86896_MD01_20180711\86896_MD01_AIFF\86896MD01_016K_M04_multi_20180726\86896MD01_016K_M04_multi_20180726_184500Z.aif,FALSE,,audio/aiff,16000,16,23.5,,,,,
86896MD01_016K_M04_multi_20180727_050000Z.aif,2018_UnivMD_Maryland_86896_Dep01_20180711,schedule,2018-07-27T05:00:00Z,\\Repnas\w\projects\2018_UnivMD_Maryland_86896\86896_MD01_20180711\86896_MD01_AIFF\86896MD01_016K_M04_multi_20180727\86896MD01_016K_M04_multi_20180727_050000Z.aif,FALSE,,audio/aiff,16000,16,23.5,,,,,
86896MD01_016K_M04_multi_20180727_051500Z.aif,2018_UnivMD_Maryland_86896_Dep01_20180711,schedule,2018-07-27T05:15:00Z,\\Repnas\w\projects\2018_UnivMD_Maryland_86896\86896_MD01_20180711\86896_MD01_AIFF\86896MD01_016K_M04_multi_20180727\86896MD01_016K_M04_multi_20180727_051500Z.aif,FALSE,,audio/aiff,16000,16,23.5,,,,,
86896MD01_016K_M04_multi_20180727_053000Z.aif,2018_UnivMD_Maryland_86896_Dep01_20180711,schedule,2018-07-27T05:30:00Z,\\Repnas\w\projects\2018_UnivMD_Maryland_86896\86896_MD01_20180711\86896_MD01_AIFF\86896MD01_016K_M04_multi_20180727\86896MD01_016K_M04_multi_20180727_053000Z.aif,FALSE,,audio/aiff,16000,16,23.5,,,,,
86896MD01_016K_M04_multi_20180727_173000Z.aif,2018_UnivMD_Maryland_86896_Dep01_20180711,schedule,2018-07-27T17:30:00Z,\\Repnas\w\projects\2018_UnivMD_Maryland_86896\86896_MD01_20180711\86896_MD01_AIFF\86896MD01_016K_M04_multi_20180727\86896MD01_016K_M04_multi_20180727_173000Z.aif,FALSE,,audio/aiff,16000,16,23.5,,,,,
86896MD01_016K_M04_multi_20180727_183000Z.aif,2018_UnivMD_Maryland_86896_Dep01_20180711,schedule,2018-07-27T18:30:00Z,\\Repnas\w\projects\2018_UnivMD_Maryland_86896\86896_MD01_20180711\86896_MD01_AIFF\86896MD01_016K_M04_multi_20180727\86896MD01_016K_M04_multi_20180727_183000Z.aif,FALSE,,audio/aiff,16000,16,23.5,,,,,
86896MD01_016K_M04_multi_20180727_190000Z.aif,2018_UnivMD_Maryland_86896_Dep01_20180711,schedule,2018-07-27T19:00:00Z,\\Repnas\w\projects\2018_UnivMD_Maryland_86896\86896_MD01_20180711\86896_MD01_AIFF\86896MD01_016K_M04_multi_20180727\86896MD01_016K_M04_multi_20180727_190000Z.aif,FALSE,,audio/aiff,16000,16,23.5,,,,,
86896MD01_016K_M04_multi_20180727_191500Z.aif,2018_UnivMD_Maryland_86896_Dep01_20180711,schedule,2018-07-27T19:15:00Z,\\Repnas\w\projects\2018_UnivMD_Maryland_86896\86896_MD01_20180711\86896_MD01_AIFF\86896MD01_016K_M04_multi_20180727\86896MD01_016K_M04_multi_20180727_191500Z.aif,FALSE,,audio/aiff,16000,16,23.5,,,,,
86896MD01_016K_M04_multi_20180727_223000Z.aif,2018_UnivMD_Maryland_86896_Dep01_20180711,schedule,2018-07-27T22:30:00Z,\\Repnas\w\projects\2018_UnivMD_Maryland_86896\86896_MD01_20180711\86896_MD01_AIFF\86896MD01_016K_M04_multi_20180727\86896MD01_016K_M04_multi_20180727_223000Z.aif,FALSE,,audio/aiff,16000,16,23.5,,,,,
86896MD01_016K_M04_multi_20180727_224500Z.aif,2018_UnivMD_Maryland_86896_Dep01_20180711,schedule,2018-07-27T22:45:00Z,\\Repnas\w\projects\2018_UnivMD_Maryland_86896\86896_MD01_20180711\86896_MD01_AIFF\86896MD01_016K_M04_multi_20180727\86896MD01_016K_M04_multi_20180727_224500Z.aif,FALSE,,audio/aiff,16000,16,23.5,,,,,
86896MD01_016K_M04_multi_20180728_044500Z.aif,2018_UnivMD_Maryland_86896_Dep01_20180711,schedule,2018-07-28T04:45:00Z,\\Repnas\w\projects\2018_UnivMD_Maryland_86896\86896_MD01_20180711\86896_MD01_AIFF\86896MD01_016K_M04_multi_20180728\86896MD01_016K_M04_multi_20180728_044500Z.aif,FALSE,,audio/aiff,16000,16,23.5,,,,,
86896MD01_016K_M04_multi_20180729_101500Z.aif,2018_UnivMD_Maryland_86896_Dep01_20180711,schedule,2018-07-29T10:15:00Z,\\Repnas\w\projects\2018_UnivMD_Maryland_86896\86896_MD01_20180711\86896_MD01_AIFF\86896MD01_016K_M04_multi_20180729\86896MD01_016K_M04_multi_20180729_101500Z.aif,FALSE,,audio/aiff,16000,16,23.5,,,,,
86896MD01_016K_M04_multi_20180730_211500Z.aif,2018_UnivMD_Maryland_86896_Dep01_20180711,schedule,2018-07-30T21:15:00Z,\\Repnas\w\projects\2018_UnivMD_Maryland_86896\86896_MD01_20180711\86896_MD01_AIFF\86896MD01_016K_M04_multi_20180730\86896MD01_016K_M04_multi_20180730_211500Z.aif,FALSE,,audio/aiff,16000,16,23.5,,,,,
86896MD01_016K_M04_multi_20180731_001500Z.aif,2018_UnivMD_Maryland_86896_Dep01_20180711,schedule,2018-07-31T00:15:00Z,\\Repnas\w\projects\2018_UnivMD_Maryland_86896\86896_MD01_20180711\86896_MD01_AIFF\86896MD01_016K_M04_multi_20180731\86896MD01_016K_M04_multi_20180731_001500Z.aif,FALSE,,audio/aiff,16000,16,23.5,,,,,
86896MD01_016K_M04_multi_20180731_123000Z.aif,2018_UnivMD_Maryland_86896_Dep01_20180711,schedule,2018-07-31T12:30:00Z,\\Repnas\w\projects\2018_UnivMD_Maryland_86896\86896_MD01_20180711\86896_MD01_AIFF\86896MD01_016K_M04_multi_20180731\86896MD01_016K_M04_multi_20180731_123000Z.aif,FALSE,,audio/aiff,16000,16,23.5,,,,,
86896MD01_016K_M04_multi_20180731_171500Z.aif,2018_UnivMD_Maryland_86896_Dep01_20180711,schedule,2018-07-31T17:15:00Z,\\Repnas\w\projects\2018_UnivMD_Maryland_86896\86896_MD01_20180711\86896_MD01_AIFF\86896MD01_016K_M04_multi_20180731\86896MD01_016K_M04_multi_20180731_171500Z.aif,FALSE,,audio/aiff,16000,16,23.5,,,,,
86896MD01_016K_M04_multi_20180731_173000Z.aif,2018_UnivMD_Maryland_86896_Dep01_20180711,schedule,2018-07-31T17:30:00Z,\\Repnas\w\projects\2018_UnivMD_Maryland_86896\86896_MD01_20180711\86896_MD01_AIFF\86896MD01_016K_M04_multi_20180731\86896MD01_016K_M04_multi_20180731_173000Z.aif,FALSE,,audio/aiff,16000,16,23.5,,,,,
86896MD01_016K_M04_multi_20180731_174500Z.aif,2018_UnivMD_Maryland_86896_Dep01_20180711,schedule,2018-07-31T17:45:00Z,\\Repnas\w\projects\2018_UnivMD_Maryland_86896\86896_MD01_20180711\86896_MD01_AIFF\86896MD01_016K_M04_multi_20180731\86896MD01_016K_M04_multi_20180731_174500Z.aif,FALSE,,audio/aiff,16000,16,23.5,,,,,
86896MD01_016K_M04_multi_20180731_204500Z.aif,2018_UnivMD_Maryland_86896_Dep01_20180711,schedule,2018-07-31T20:45:00Z,\\Repnas\w\projects\2018_UnivMD_Maryland_86896\86896_MD01_20180711\86896_MD01_AIFF\86896MD01_016K_M04_multi_20180731\86896MD01_016K_M04_multi_20180731_204500Z.aif,FALSE,,audio/aiff,16000,16,23.5,,,,,
86896MD01_016K_M04_multi_20180731_210000Z.aif,2018_UnivMD_Maryland_86896_Dep01_20180711,schedule,2018-07-31T21:00:00Z,\\Repnas\w\projects\2018_UnivMD_Maryland_86896\86896_MD01_20180711\86896_MD01_AIFF\86896MD01_016K_M04_multi_20180731\86896MD01_016K_M04_multi_20180731_210000Z.aif,FALSE,,audio/aiff,16000,16,23.5,,,,,
86896MD01_016K_M04_multi_20180731_211500Z.aif,2018_UnivMD_Maryland_86896_Dep01_20180711,schedule,2018-07-31T21:15:00Z,\\Repnas\w\projects\2018_UnivMD_Maryland_86896\86896_MD01_20180711\86896_MD01_AIFF\86896MD01_016K_M04_multi_20180731\86896MD01_016K_M04_multi_20180731_211500Z.aif,FALSE,,audio/aiff,16000,16,23.5,,,,,
86896MD01_016K_M04_multi_20180801_090000Z.aif,2018_UnivMD_Maryland_86896_Dep01_20180711,schedule,2018-08-01T09:00:00Z,\\Repnas\w\projects\2018_UnivMD_Maryland_86896\86896_MD01_20180711\86896_MD01_AIFF\86896MD01_016K_M04_multi_20180801\86896MD01_016K_M04_multi_20180801_090000Z.aif,FALSE,,audio/aiff,16000,16,23.5,,,,,
86896MD01_016K_M04_multi_20180801_114500Z.aif,2018_UnivMD_Maryland_86896_Dep01_20180711,schedule,2018-08-01T11:45:00Z,\\Repnas\w\projects\2018_UnivMD_Maryland_86896\86896_MD01_20180711\86896_MD01_AIFF\86896MD01_016K_M04_multi_20180801\86896MD01_016K_M04_multi_20180801_114500Z.aif,FALSE,,audio/aiff,16000,16,23.5,,,,,
86896MD01_016K_M04_multi_20180801_120000Z.aif,2018_UnivMD_Maryland_86896_Dep01_20180711,schedule,2018-08-01T12:00:00Z,\\Repnas\w\projects\2018_UnivMD_Maryland_86896\86896_MD01_20180711\86896_MD01_AIFF\86896MD01_016K_M04_multi_20180801\86896MD01_016K_M04_multi_20180801_120000Z.aif,FALSE,,audio/aiff,16000,16,23.5,,,,,
86896MD01_016K_M04_multi_20180801_121500Z.aif,2018_UnivMD_Maryland_86896_Dep01_20180711,schedule,2018-08-01T12:15:00Z,\\Repnas\w\projects\2018_UnivMD_Maryland_86896\86896_MD01_20180711\86896_MD01_AIFF\86896MD01_016K_M04_multi_20180801\86896MD01_016K_M04_multi_20180801_121500Z.aif,FALSE,,audio/aiff,16000,16,23.5,,,,,
86896MD01_016K_M04_multi_20180801_161500Z.aif,2018_UnivMD_Maryland_86896_Dep01_20180711,schedule,2018-08-01T16:15:00Z,\\Repnas\w\projects\2018_UnivMD_Maryland_86896\86896_MD01_20180711\86896_MD01_AIFF\86896MD01_016K_M04_multi_20180801\86896MD01_016K_M04_multi_20180801_161500Z.aif,FALSE,,audio/aiff,16000,16,23.5,,,,,
86896MD01_016K_M04_multi_20180801_191500Z.aif,2018_UnivMD_Maryland_86896_Dep01_20180711,schedule,2018-08-01T19:15:00Z,\\Repnas\w\projects\2018_UnivMD_Maryland_86896\86896_MD01_20180711\86896_MD01_AIFF\86896MD01_016K_M04_multi_20180801\86896MD01_016K_M04_multi_20180801_191500Z.aif,FALSE,,audio/aiff,16000,16,23.5,,,,,
86896MD01_016K_M04_multi_20180801_200000Z.aif,2018_UnivMD_Maryland_86896_Dep01_20180711,schedule,2018-08-01T20:00:00Z,\\Repnas\w\projects\2018_UnivMD_Maryland_86896\86896_MD01_20180711\86896_MD01_AIFF\86896MD01_016K_M04_multi_20180801\86896MD01_016K_M04_multi_20180801_200000Z.aif,FALSE,,audio/aiff,16000,16,23.5,,,,,
86896MD01_016K_M04_multi_20180801_214500Z.aif,2018_UnivMD_Maryland_86896_Dep01_20180711,schedule,2018-08-01T21:45:00Z,\\Repnas\w\projects\2018_UnivMD_Maryland_86896\86896_MD01_20180711\86896_MD01_AIFF\86896MD01_016K_M04_multi_20180801\86896MD01_016K_M04_multi_20180801_214500Z.aif,FALSE,,audio/aiff,16000,16,23.5,,,,,
86896MD01_016K_M04_multi_20180802_053000Z.aif,2018_UnivMD_Maryland_86896_Dep01_20180711,schedule,2018-08-02T05:30:00Z,\\Repnas\w\projects\2018_UnivMD_Maryland_86896\86896_MD01_20180711\86896_MD01_AIFF\86896MD01_016K_M04_multi_20180802\86896MD01_016K_M04_multi_20180802_053000Z.aif,FALSE,,audio/aiff,16000,16,23.5,,,,,
86896MD01_016K_M04_multi_20180802_143000Z.aif,2018_UnivMD_Maryland_86896_Dep01_20180711,schedule,2018-08-02T14:30:00Z,\\Repnas\w\projects\2018_UnivMD_Maryland_86896\86896_MD01_20180711\86896_MD01_AIFF\86896MD01_016K_M04_multi_20180802\86896MD01_016K_M04_multi_20180802_143000Z.aif,FALSE,,audio/aiff,16000,16,23.5,,,,,
86896MD01_016K_M04_multi_20180802_221500Z.aif,2018_UnivMD_Maryland_86896_Dep01_20180711,schedule,2018-08-02T22:15:00Z,\\Repnas\w\projects\2018_UnivMD_Maryland_86896\86896_MD01_20180711\86896_MD01_AIFF\86896MD01_016K_M04_multi_20180802\86896MD01_016K_M04_multi_20180802_221500Z.aif,FALSE,,audio/aiff,16000,16,23.5,,,,,
86896MD01_016K_M04_multi_20180803_051500Z.aif,2018_UnivMD_Maryland_86896_Dep01_20180711,schedule,2018-08-03T05:15:00Z,\\Repnas\w\projects\2018_UnivMD_Maryland_86896\86896_MD01_20180711\86896_MD01_AIFF\86896MD01_016K_M04_multi_20180803\86896MD01_016K_M04_multi_20180803_051500Z.aif,FALSE,,audio/aiff,16000,16,23.5,,,,,
86896MD01_016K_M04_multi_20180803_080000Z.aif,2018_UnivMD_Maryland_86896_Dep01_20180711,schedule,2018-08-03T08:00:00Z,\\Repnas\w\projects\2018_UnivMD_Maryland_86896\86896_MD01_20180711\86896_MD01_AIFF\86896MD01_016K_M04_multi_20180803\86896MD01_016K_M04_multi_20180803_080000Z.aif,FALSE,,audio/aiff,16000,16,23.5,,,,,
86896MD01_016K_M04_multi_20180803_081500Z.aif,2018_UnivMD_Maryland_86896_Dep01_20180711,schedule,2018-08-03T08:15:00Z,\\Repnas\w\projects\2018_UnivMD_Maryland_86896\86896_MD01_20180711\86896_MD01_AIFF\86896MD01_016K_M04_multi_20180803\86896MD01_016K_M04_multi_20180803_081500Z.aif,FALSE,,audio/aiff,16000,16,23.5,,,,,
86896MD01_016K_M04_multi_20180803_193000Z.aif,2018_UnivMD_Maryland_86896_Dep01_20180711,schedule,2018-08-03T19:30:00Z,\\Repnas\w\projects\2018_UnivMD_Maryland_86896\86896_MD01_20180711\86896_MD01_AIFF\86896MD01_016K_M04_multi_20180803\86896MD01_016K_M04_multi_20180803_193000Z.aif,FALSE,,audio/aiff,16000,16,23.5,,,,,
86896MD01_016K_M04_multi_20180804_200000Z.aif,2018_UnivMD_Maryland_86896_Dep01_20180711,schedule,2018-08-04T20:00:00Z,\\Repnas\w\projects\2018_UnivMD_Maryland_86896\86896_MD01_20180711\86896_MD01_AIFF\86896MD01_016K_M04_multi_20180804\86896MD01_016K_M04_multi_20180804_200000Z.aif,FALSE,,audio/aiff,16000,16,23.5,,,,,
86896MD01_016K_M04_multi_20180804_214500Z.aif,2018_UnivMD_Maryland_86896_Dep01_20180711,schedule,2018-08-04T21:45:00Z,\\Repnas\w\projects\2018_UnivMD_Maryland_86896\86896_MD01_20180711\86896_MD01_AIFF\86896MD01_016K_M04_multi_20180804\86896MD01_016K_M04_multi_20180804_214500Z.aif,FALSE,,audio/aiff,16000,16,23.5,,,,,
86896MD01_016K_M04_multi_20180805_060000Z.aif,2018_UnivMD_Maryland_86896_Dep01_20180711,schedule,2018-08-05T06:00:00Z,\\Repnas\w\projects\2018_UnivMD_Maryland_86896\86896_MD01_20180711\86896_MD01_AIFF\86896MD01_016K_M04_multi_20180805\86896MD01_016K_M04_multi_20180805_060000Z.aif,FALSE,,audio/aiff,16000,16,23.5,,,,,
86896MD01_016K_M04_multi_20180805_071500Z.aif,2018_UnivMD_Maryland_86896_Dep01_20180711,schedule,2018-08-05T07:15:00Z,\\Repnas\w\projects\2018_UnivMD_Maryland_86896\86896_MD01_20180711\86896_MD01_AIFF\86896MD01_016K_M04_multi_20180805\86896MD01_016K_M04_multi_20180805_071500Z.aif,FALSE,,audio/aiff,16000,16,23.5,,,,,
86896MD01_016K_M04_multi_20180805_143000Z.aif,2018_UnivMD_Maryland_86896_Dep01_20180711,schedule,2018-08-05T14:30:00Z,\\Repnas\w\projects\2018_UnivMD_Maryland_86896\86896_MD01_20180711\86896_MD01_AIFF\86896MD01_016K_M04_multi_20180805\86896MD01_016K_M04_multi_20180805_143000Z.aif,FALSE,,audio/aiff,16000,16,23.5,,,,,
86896MD01_016K_M04_multi_20180806_084500Z.aif,2018_UnivMD_Maryland_86896_Dep01_20180711,schedule,2018-08-06T08:45:00Z,\\Repnas\w\projects\2018_UnivMD_Maryland_86896\86896_MD01_20180711\86896_MD01_AIFF\86896MD01_016K_M04_multi_20180806\86896MD01_016K_M04_multi_20180806_084500Z.aif,FALSE,,audio/aiff,16000,16,23.5,,,,,
86896MD01_016K_M04_multi_20180806_190000Z.aif,2018_UnivMD_Maryland_86896_Dep01_20180711,schedule,2018-08-06T19:00:00Z,\\Repnas\w\projects\2018_UnivMD_Maryland_86896\86896_MD01_20180711\86896_MD01_AIFF\86896MD01_016K_M04_multi_20180806\86896MD01_016K_M04_multi_20180806_190000Z.aif,FALSE,,audio/aiff,16000,16,23.5,,,,,
86896MD01_016K_M04_multi_20180807_071500Z.aif,2018_UnivMD_Maryland_86896_Dep01_20180711,schedule,2018-08-07T07:15:00Z,\\Repnas\w\projects\2018_UnivMD_Maryland_86896\86896_MD01_20180711\86896_MD01_AIFF\86896MD01_016K_M04_multi_20180807\86896MD01_016K_M04_multi_20180807_071500Z.aif,FALSE,,audio/aiff,16000,16,23.5,,,,,
86896MD01_016K_M04_multi_20180807_073000Z.aif,2018_UnivMD_Maryland_86896_Dep01_20180711,schedule,2018-08-07T07:30:00Z,\\Repnas\w\projects\2018_UnivMD_Maryland_86896\86896_MD01_20180711\86896_MD01_AIFF\86896MD01_016K_M04_multi_20180807\86896MD01_016K_M04_multi_20180807_073000Z.aif,FALSE,,audio/aiff,16000,16,23.5,,,,,
86896MD01_016K_M04_multi_20180808_103000Z.aif,2018_UnivMD_Maryland_86896_Dep01_20180711,schedule,2018-08-08T10:30:00Z,\\Repnas\w\projects\2018_UnivMD_Maryland_86896\86896_MD01_20180711\86896_MD01_AIFF\86896MD01_016K_M04_multi_20180808\86896MD01_016K_M04_multi_20180808_103000Z.aif,FALSE,,audio/aiff,16000,16,23.5,,,,,
86896MD01_016K_M04_multi_20180808_141500Z.aif,2018_UnivMD_Maryland_86896_Dep01_20180711,schedule,2018-08-08T14:15:00Z,\\Repnas\w\projects\2018_UnivMD_Maryland_86896\86896_MD01_20180711\86896_MD01_AIFF\86896MD01_016K_M04_multi_20180808\86896MD01_016K_M04_multi_20180808_141500Z.aif,FALSE,,audio/aiff,16000,16,23.5,,,,,
86896MD01_016K_M04_multi_20180808_224500Z.aif,2018_UnivMD_Maryland_86896_Dep01_20180711,schedule,2018-08-08T22:45:00Z,\\Repnas\w\projects\2018_UnivMD_Maryland_86896\86896_MD01_20180711\86896_MD01_AIFF\86896MD01_016K_M04_multi_20180808\86896MD01_016K_M04_multi_20180808_224500Z.aif,FALSE,,audio/aiff,16000,16,23.5,,,,,
86896MD01_016K_M04_multi_20180808_230000Z.aif,2018_UnivMD_Maryland_86896_Dep01_20180711,schedule,2018-08-08T23:00:00Z,\\Repnas\w\projects\2018_UnivMD_Maryland_86896\86896_MD01_20180711\86896_MD01_AIFF\86896MD01_016K_M04_multi_20180808\86896MD01_016K_M04_multi_20180808_230000Z.aif,FALSE,,audio/aiff,16000,16,23.5,,,,,
86896MD01_016K_M04_multi_20180808_231500Z.aif,2018_UnivMD_Maryland_86896_Dep01_20180711,schedule,2018-08-08T23:15:00Z,\\Repnas\w\projects\2018_UnivMD_Maryland_86896\86896_MD01_20180711\86896_MD01_AIFF\86896MD01_016K_M04_multi_20180808\86896MD01_016K_M04_multi_20180808_231500Z.aif,FALSE,,audio/aiff,16000,16,23.5,,,,,
86896MD01_016K_M04_multi_20180808_233000Z.aif,2018_UnivMD_Maryland_86896_Dep01_20180711,schedule,2018-08-08T23:30:00Z,\\Repnas\w\projects\2018_UnivMD_Maryland_86896\86896_MD01_20180711\86896_MD01_AIFF\86896MD01_016K_M04_multi_20180808\86896MD01_016K_M04_multi_20180808_233000Z.aif,FALSE,,audio/aiff,16000,16,23.5,,,,,
86896MD01_016K_M04_multi_20180808_234500Z.aif,2018_UnivMD_Maryland_86896_Dep01_20180711,schedule,2018-08-08T23:45:00Z,\\Repnas\w\projects\2018_UnivMD_Maryland_86896\86896_MD01_20180711\86896_MD01_AIFF\86896MD01_016K_M04_multi_20180808\86896MD01_016K_M04_multi_20180808_234500Z.aif,FALSE,,audio/aiff,16000,16,23.5,,,,,
86896MD01_016K_M04_multi_20180809_000000Z.aif,2018_UnivMD_Maryland_86896_Dep01_20180711,schedule,2018-08-09T00:00:00Z,\\Repnas\w\projects\2018_UnivMD_Maryland_86896\86896_MD01_20180711\86896_MD01_AIFF\86896MD01_016K_M04_multi_20180809\86896MD01_016K_M04_multi_20180809_000000Z.aif,FALSE,,audio/aiff,16000,16,23.5,,,,,
86896MD01_016K_M04_multi_20180809_001500Z.aif,2018_UnivMD_Maryland_86896_Dep01_20180711,schedule,2018-08-09T00:15:00Z,\\Repnas\w\projects\2018_UnivMD_Maryland_86896\86896_MD01_20180711\86896_MD01_AIFF\86896MD01_016K_M04_multi_20180809\86896MD01_016K_M04_multi_20180809_001500Z.aif,FALSE,,audio/aiff,16000,16,23.5,,,,,
86896MD01_016K_M04_multi_20180809_104500Z.aif,2018_UnivMD_Maryland_86896_Dep01_20180711,schedule,2018-08-09T10:45:00Z,\\Repnas\w\projects\2018_UnivMD_Maryland_86896\86896_MD01_20180711\86896_MD01_AIFF\86896MD01_016K_M04_multi_20180809\86896MD01_016K_M04_multi_20180809_104500Z.aif,FALSE,,audio/aiff,16000,16,23.5,,,,,
86896MD01_016K_M04_multi_20180809_231500Z.aif,2018_UnivMD_Maryland_86896_Dep01_20180711,schedule,2018-08-09T23:15:00Z,\\Repnas\w\projects\2018_UnivMD_Maryland_86896\86896_MD01_20180711\86896_MD01_AIFF\86896MD01_016K_M04_multi_20180809\86896MD01_016K_M04_multi_20180809_231500Z.aif,FALSE,,audio/aiff,16000,16,23.5,,,,,
86896MD01_016K_M04_multi_20180810_133000Z.aif,2018_UnivMD_Maryland_86896_Dep01_20180711,schedule,2018-08-10T13:30:00Z,\\Repnas\w\projects\2018_UnivMD_Maryland_86896\86896_MD01_20180711\86896_MD01_AIFF\86896MD01_016K_M04_multi_20180810\86896MD01_016K_M04_multi_20180810_133000Z.aif,FALSE,,audio/aiff,16000,16,23.5,,,,,
86896MD01_016K_M04_multi_20180811_111500Z.aif,2018_UnivMD_Maryland_86896_Dep01_20180711,schedule,2018-08-11T11:15:00Z,\\Repnas\w\projects\2018_UnivMD_Maryland_86896\86896_MD01_20180711\86896_MD01_AIFF\86896MD01_016K_M04_multi_20180811\86896MD01_016K_M04_multi_20180811_111500Z.aif,FALSE,,audio/aiff,16000,16,23.5,,,,,
86896MD01_016K_M04_multi_20180812_110000Z.aif,2018_UnivMD_Maryland_86896_Dep01_20180711,schedule,2018-08-12T11:00:00Z,\\Repnas\w\projects\2018_UnivMD_Maryland_86896\86896_MD01_20180711\86896_MD01_AIFF\86896MD01_016K_M04_multi_20180812\86896MD01_016K_M04_multi_20180812_110000Z.aif,FALSE,,audio/aiff,16000,16,23.5,,,,,
86896MD01_016K_M04_multi_20180812_111500Z.aif,2018_UnivMD_Maryland_86896_Dep01_20180711,schedule,2018-08-12T11:15:00Z,\\Repnas\w\projects\2018_UnivMD_Maryland_86896\86896_MD01_20180711\86896_MD01_AIFF\86896MD01_016K_M04_multi_20180812\86896MD01_016K_M04_multi_20180812_111500Z.aif,FALSE,,audio/aiff,16000,16,23.5,,,,,
86896MD01_016K_M04_multi_20180812_164500Z.aif,2018_UnivMD_Maryland_86896_Dep01_20180711,schedule,2018-08-12T16:45:00Z,\\Repnas\w\projects\2018_UnivMD_Maryland_86896\86896_MD01_20180711\86896_MD01_AIFF\86896MD01_016K_M04_multi_20180812\86896MD01_016K_M04_multi_20180812_164500Z.aif,FALSE,,audio/aiff,16000,16,23.5,,,,,
86896MD01_016K_M04_multi_20180812_220000Z.aif,2018_UnivMD_Maryland_86896_Dep01_20180711,schedule,2018-08-12T22:00:00Z,\\Repnas\w\projects\2018_UnivMD_Maryland_86896\86896_MD01_20180711\86896_MD01_AIFF\86896MD01_016K_M04_multi_20180812\86896MD01_016K_M04_multi_20180812_220000Z.aif,FALSE,,audio/aiff,16000,16,23.5,,,,,
86896MD01_016K_M04_multi_20180813_160000Z.aif,2018_UnivMD_Maryland_86896_Dep01_20180711,schedule,2018-08-13T16:00:00Z,\\Repnas\w\projects\2018_UnivMD_Maryland_86896\86896_MD01_20180711\86896_MD01_AIFF\86896MD01_016K_M04_multi_20180813\86896MD01_016K_M04_multi_20180813_160000Z.aif,FALSE,,audio/aiff,16000,16,23.5,,,,,
86896MD01_016K_M04_multi_20180813_201500Z.aif,2018_UnivMD_Maryland_86896_Dep01_20180711,schedule,2018-08-13T20:15:00Z,\\Repnas\w\projects\2018_UnivMD_Maryland_86896\86896_MD01_20180711\86896_MD01_AIFF\86896MD01_016K_M04_multi_20180813\86896MD01_016K_M04_multi_20180813_201500Z.aif,FALSE,,audio/aiff,16000,16,23.5,,,,,
86896MD01_016K_M04_multi_20180813_203000Z.aif,2018_UnivMD_Maryland_86896_Dep01_20180711,schedule,2018-08-13T20:30:00Z,\\Repnas\w\projects\2018_UnivMD_Maryland_86896\86896_MD01_20180711\86896_MD01_AIFF\86896MD01_016K_M04_multi_20180813\86896MD01_016K_M04_multi_20180813_203000Z.aif,FALSE,,audio/aiff,16000,16,23.5,,,,,
86896MD01_016K_M04_multi_20180814_031500Z.aif,2018_UnivMD_Maryland_86896_Dep01_20180711,schedule,2018-08-14T03:15:00Z,\\Repnas\w\projects\2018_UnivMD_Maryland_86896\86896_MD01_20180711\86896_MD01_AIFF\86896MD01_016K_M04_multi_20180814\86896MD01_016K_M04_multi_20180814_031500Z.aif,FALSE,,audio/aiff,16000,16,23.5,,,,,
86896MD01_016K_M04_multi_20180814_143000Z.aif,2018_UnivMD_Maryland_86896_Dep01_20180711,schedule,2018-08-14T14:30:00Z,\\Repnas\w\projects\2018_UnivMD_Maryland_86896\86896_MD01_20180711\86896_MD01_AIFF\86896MD01_016K_M04_multi_20180814\86896MD01_016K_M04_multi_20180814_143000Z.aif,FALSE,,audio/aiff,16000,16,23.5,,,,,
86896MD01_016K_M04_multi_20180814_144500Z.aif,2018_UnivMD_Maryland_86896_Dep01_20180711,schedule,2018-08-14T14:45:00Z,\\Repnas\w\projects\2018_UnivMD_Maryland_86896\86896_MD01_20180711\86896_MD01_AIFF\86896MD01_016K_M04_multi_20180814\86896MD01_016K_M04_multi_20180814_144500Z.aif,FALSE,,audio/aiff,16000,16,23.5,,,,,
86896MD01_016K_M04_multi_20180814_150000Z.aif,2018_UnivMD_Maryland_86896_Dep01_20180711,schedule,2018-08-14T15:00:00Z,\\Repnas\w\projects\2018_UnivMD_Maryland_86896\86896_MD01_20180711\86896_MD01_AIFF\86896MD01_016K_M04_multi_20180814\86896MD01_016K_M04_multi_20180814_150000Z.aif,FALSE,,audio/aiff,16000,16,23.5,,,,,
86896MD01_016K_M04_multi_20180814_171500Z.aif,2018_UnivMD_Maryland_86896_Dep01_20180711,schedule,2018-08-14T17:15:00Z,\\Repnas\w\projects\2018_UnivMD_Maryland_86896\86896_MD01_20180711\86896_MD01_AIFF\86896MD01_016K_M04_multi_20180814\86896MD01_016K_M04_multi_20180814_171500Z.aif,FALSE,,audio/aiff,16000,16,23.5,,,,,
86896MD01_016K_M04_multi_20180814_223000Z.aif,2018_UnivMD_Maryland_86896_Dep01_20180711,schedule,2018-08-14T22:30:00Z,\\Repnas\w\projects\2018_UnivMD_Maryland_86896\86896_MD01_20180711\86896_MD01_AIFF\86896MD01_016K_M04_multi_20180814\86896MD01_016K_M04_multi_20180814_223000Z.aif,FALSE,,audio/aiff,16000,16,23.5,,,,,
86896MD01_016K_M04_multi_20180815_013000Z.aif,2018_UnivMD_Maryland_86896_Dep01_20180711,schedule,2018-08-15T01:30:00Z,\\Repnas\w\projects\2018_UnivMD_Maryland_86896\86896_MD01_20180711\86896_MD01_AIFF\86896MD01_016K_M04_multi_20180815\86896MD01_016K_M04_multi_20180815_013000Z.aif,FALSE,,audio/aiff,16000,16,23.5,,,,,
86896MD01_016K_M04_multi_20180815_020000Z.aif,2018_UnivMD_Maryland_86896_Dep01_20180711,schedule,2018-08-15T02:00:00Z,\\Repnas\w\projects\2018_UnivMD_Maryland_86896\86896_MD01_20180711\86896_MD01_AIFF\86896MD01_016K_M04_multi_20180815\86896MD01_016K_M04_multi_20180815_020000Z.aif,FALSE,,audio/aiff,16000,16,23.5,,,,,
86896MD01_016K_M04_multi_20180815_023000Z.aif,2018_UnivMD_Maryland_86896_Dep01_20180711,schedule,2018-08-15T02:30:00Z,\\Repnas\w\projects\2018_UnivMD_Maryland_86896\86896_MD01_20180711\86896_MD01_AIFF\86896MD01_016K_M04_multi_20180815\86896MD01_016K_M04_multi_20180815_023000Z.aif,FALSE,,audio/aiff,16000,16,23.5,,,,,
86896MD01_016K_M04_multi_20180815_054500Z.aif,2018_UnivMD_Maryland_86896_Dep01_20180711,schedule,2018-08-15T05:45:00Z,\\Repnas\w\projects\2018_UnivMD_Maryland_86896\86896_MD01_20180711\86896_MD01_AIFF\86896MD01_016K_M04_multi_20180815\86896MD01_016K_M04_multi_20180815_054500Z.aif,FALSE,,audio/aiff,16000,16,23.5,,,,,
86896MD01_016K_M04_multi_20180815_110000Z.aif,2018_UnivMD_Maryland_86896_Dep01_20180711,schedule,2018-08-15T11:00:00Z,\\Repnas\w\projects\2018_UnivMD_Maryland_86896\86896_MD01_20180711\86896_MD01_AIFF\86896MD01_016K_M04_multi_20180815\86896MD01_016K_M04_multi_20180815_110000Z.aif,FALSE,,audio/aiff,16000,16,23.5,,,,,
86896MD01_016K_M04_multi_20180815_190000Z.aif,2018_UnivMD_Maryland_86896_Dep01_20180711,schedule,2018-08-15T19:00:00Z,\\Repnas\w\projects\2018_UnivMD_Maryland_86896\86896_MD01_20180711\86896_MD01_AIFF\86896MD01_016K_M04_multi_20180815\86896MD01_016K_M04_multi_20180815_190000Z.aif,FALSE,,audio/aiff,16000,16,23.5,,,,,
86896MD01_016K_M04_multi_20180816_000000Z.aif,2018_UnivMD_Maryland_86896_Dep01_20180711,schedule,2018-08-16T00:00:00Z,\\Repnas\w\projects\2018_UnivMD_Maryland_86896\86896_MD01_20180711\86896_MD01_AIFF\86896MD01_016K_M04_multi_20180816\86896MD01_016K_M04_multi_20180816_000000Z.aif,FALSE,,audio/aiff,16000,16,23.5,,,,,
86896MD01_016K_M04_multi_20180816_004500Z.aif,2018_UnivMD_Maryland_86896_Dep01_20180711,schedule,2018-08-16T00:45:00Z,\\Repnas\w\projects\2018_UnivMD_Maryland_86896\86896_MD01_20180711\86896_MD01_AIFF\86896MD01_016K_M04_multi_20180816\86896MD01_016K_M04_multi_20180816_004500Z.aif,FALSE,,audio/aiff,16000,16,23.5,,,,,
86896MD01_016K_M04_multi_20180816_011500Z.aif,2018_UnivMD_Maryland_86896_Dep01_20180711,schedule,2018-08-16T01:15:00Z,\\Repnas\w\projects\2018_UnivMD_Maryland_86896\86896_MD01_20180711\86896_MD01_AIFF\86896MD01_016K_M04_multi_20180816\86896MD01_016K_M04_multi_20180816_011500Z.aif,FALSE,,audio/aiff,16000,16,23.5,,,,,
86896MD01_016K_M04_multi_20180816_033000Z.aif,2018_UnivMD_Maryland_86896_Dep01_20180711,schedule,2018-08-16T03:30:00Z,\\Repnas\w\projects\2018_UnivMD_Maryland_86896\86896_MD01_20180711\86896_MD01_AIFF\86896MD01_016K_M04_multi_20180816\86896MD01_016K_M04_multi_20180816_033000Z.aif,FALSE,,audio/aiff,16000,16,23.5,,,,,
86896MD01_016K_M04_multi_20180816_133000Z.aif,2018_UnivMD_Maryland_86896_Dep01_20180711,schedule,2018-08-16T13:30:00Z,\\Repnas\w\projects\2018_UnivMD_Maryland_86896\86896_MD01_20180711\86896_MD01_AIFF\86896MD01_016K_M04_multi_20180816\86896MD01_016K_M04_multi_20180816_133000Z.aif,FALSE,,audio/aiff,16000,16,23.5,,,,,
86896MD01_016K_M04_multi_20180816_143000Z.aif,2018_UnivMD_Maryland_86896_Dep01_20180711,schedule,2018-08-16T14:30:00Z,\\Repnas\w\projects\2018_UnivMD_Maryland_86896\86896_MD01_20180711\86896_MD01_AIFF\86896MD01_016K_M04_multi_20180816\86896MD01_016K_M04_multi_20180816_143000Z.aif,FALSE,,audio/aiff,16000,16,23.5,,,,,
86896MD01_016K_M04_multi_20180816_144500Z.aif,2018_UnivMD_Maryland_86896_Dep01_20180711,schedule,2018-08-16T14:45:00Z,\\Repnas\w\projects\2018_UnivMD_Maryland_86896\86896_MD01_20180711\86896_MD01_AIFF\86896MD01_016K_M04_multi_20180816\86896MD01_016K_M04_multi_20180816_144500Z.aif,FALSE,,audio/aiff,16000,16,23.5,,,,,
86896MD01_016K_M04_multi_20180816_193000Z.aif,2018_UnivMD_Maryland_86896_Dep01_20180711,schedule,2018-08-16T19:30:00Z,\\Repnas\w\projects\2018_UnivMD_Maryland_86896\86896_MD01_20180711\86896_MD01_AIFF\86896MD01_016K_M04_multi_20180816\86896MD01_016K_M04_multi_20180816_193000Z.aif,FALSE,,audio/aiff,16000,16,23.5,,,,,
86896MD01_016K_M04_multi_20180816_194500Z.aif,2018_UnivMD_Maryland_86896_Dep01_20180711,schedule,2018-08-16T19:45:00Z,\\Repnas\w\projects\2018_UnivMD_Maryland_86896\86896_MD01_20180711\86896_MD01_AIFF\86896MD01_016K_M04_multi_20180816\86896MD01_016K_M04_multi_20180816_194500Z.aif,FALSE,,audio/aiff,16000,16,23.5,,,,,
86896MD01_016K_M04_multi_20180816_201500Z.aif,2018_UnivMD_Maryland_86896_Dep01_20180711,schedule,2018-08-16T20:15:00Z,\\Repnas\w\projects\2018_UnivMD_Maryland_86896\86896_MD01_20180711\86896_MD01_AIFF\86896MD01_016K_M04_multi_20180816\86896MD01_016K_M04_multi_20180816_201500Z.aif,FALSE,,audio/aiff,16000,16,23.5,,,,,
86896MD01_016K_M04_multi_20180817_050000Z.aif,2018_UnivMD_Maryland_86896_Dep01_20180711,schedule,2018-08-17T05:00:00Z,\\Repnas\w\projects\2018_UnivMD_Maryland_86896\86896_MD01_20180711\86896_MD01_AIFF\86896MD01_016K_M04_multi_20180817\86896MD01_016K_M04_multi_20180817_050000Z.aif,FALSE,,audio/aiff,16000,16,23.5,,,,,
86896MD01_016K_M04_multi_20180817_084500Z.aif,2018_UnivMD_Maryland_86896_Dep01_20180711,schedule,2018-08-17T08:45:00Z,\\Repnas\w\projects\2018_UnivMD_Maryland_86896\86896_MD01_20180711\86896_MD01_AIFF\86896MD01_016K_M04_multi_20180817\86896MD01_016K_M04_multi_20180817_084500Z.aif,FALSE,,audio/aiff,16000,16,23.5,,,,,
86896MD01_016K_M04_multi_20180817_121500Z.aif,2018_UnivMD_Maryland_86896_Dep01_20180711,schedule,2018-08-17T12:15:00Z,\\Repnas\w\projects\2018_UnivMD_Maryland_86896\86896_MD01_20180711\86896_MD01_AIFF\86896MD01_016K_M04_multi_20180817\86896MD01_016K_M04_multi_20180817_121500Z.aif,FALSE,,audio/aiff,16000,16,23.5,,,,,
86896MD01_016K_M04_multi_20180817_141500Z.aif,2018_UnivMD_Maryland_86896_Dep01_20180711,schedule,2018-08-17T14:15:00Z,\\Repnas\w\projects\2018_UnivMD_Maryland_86896\86896_MD01_20180711\86896_MD01_AIFF\86896MD01_016K_M04_multi_20180817\86896MD01_016K_M04_multi_20180817_141500Z.aif,FALSE,,audio/aiff,16000,16,23.5,,,,,
86896MD01_016K_M04_multi_20180817_161500Z.aif,2018_UnivMD_Maryland_86896_Dep01_20180711,schedule,2018-08-17T16:15:00Z,\\Repnas\w\projects\2018_UnivMD_Maryland_86896\86896_MD01_20180711\86896_MD01_AIFF\86896MD01_016K_M04_multi_20180817\86896MD01_016K_M04_multi_20180817_161500Z.aif,FALSE,,audio/aiff,16000,16,23.5,,,,,
86896MD01_016K_M04_multi_20180817_231500Z.aif,2018_UnivMD_Maryland_86896_Dep01_20180711,schedule,2018-08-17T23:15:00Z,\\Repnas\w\projects\2018_UnivMD_Maryland_86896\86896_MD01_20180711\86896_MD01_AIFF\86896MD01_016K_M04_multi_20180817\86896MD01_016K_M04_multi_20180817_231500Z.aif,FALSE,,audio/aiff,16000,16,23.5,,,,,
86896MD01_016K_M04_multi_20180818_013000Z.aif,2018_UnivMD_Maryland_86896_Dep01_20180711,schedule,2018-08-18T01:30:00Z,\\Repnas\w\projects\2018_UnivMD_Maryland_86896\86896_MD01_20180711\86896_MD01_AIFF\86896MD01_016K_M04_multi_20180818\86896MD01_016K_M04_multi_20180818_013000Z.aif,FALSE,,audio/aiff,16000,16,23.5,,,,,
86896MD01_016K_M04_multi_20180818_014500Z.aif,2018_UnivMD_Maryland_86896_Dep01_20180711,schedule,2018-08-18T01:45:00Z,\\Repnas\w\projects\2018_UnivMD_Maryland_86896\86896_MD01_20180711\86896_MD01_AIFF\86896MD01_016K_M04_multi_20180818\86896MD01_016K_M04_multi_20180818_014500Z.aif,FALSE,,audio/aiff,16000,16,23.5,,,,,
86896MD01_016K_M04_multi_20180818_034500Z.aif,2018_UnivMD_Maryland_86896_Dep01_20180711,schedule,2018-08-18T03:45:00Z,\\Repnas\w\projects\2018_UnivMD_Maryland_86896\86896_MD01_20180711\86896_MD01_AIFF\86896MD01_016K_M04_multi_20180818\86896MD01_016K_M04_multi_20180818_034500Z.aif,FALSE,,audio/aiff,16000,16,23.5,,,,,
86896MD01_016K_M04_multi_20180818_040000Z.aif,2018_UnivMD_Maryland_86896_Dep01_20180711,schedule,2018-08-18T04:00:00Z,\\Repnas\w\projects\2018_UnivMD_Maryland_86896\86896_MD01_20180711\86896_MD01_AIFF\86896MD01_016K_M04_multi_20180818\86896MD01_016K_M04_multi_20180818_040000Z.aif,FALSE,,audio/aiff,16000,16,23.5,,,,,
86896MD01_016K_M04_multi_20180818_041500Z.aif,2018_UnivMD_Maryland_86896_Dep01_20180711,schedule,2018-08-18T04:15:00Z,\\Repnas\w\projects\2018_UnivMD_Maryland_86896\86896_MD01_20180711\86896_MD01_AIFF\86896MD01_016K_M04_multi_20180818\86896MD01_016K_M04_multi_20180818_041500Z.aif,FALSE,,audio/aiff,16000,16,23.5,,,,,
86896MD01_016K_M04_multi_20180818_060000Z.aif,2018_UnivMD_Maryland_86896_Dep01_20180711,schedule,2018-08-18T06:00:00Z,\\Repnas\w\projects\2018_UnivMD_Maryland_86896\86896_MD01_20180711\86896_MD01_AIFF\86896MD01_016K_M04_multi_20180818\86896MD01_016K_M04_multi_20180818_060000Z.aif,FALSE,,audio/aiff,16000,16,23.5,,,,,
86896MD01_016K_M04_multi_20180818_061500Z.aif,2018_UnivMD_Maryland_86896_Dep01_20180711,schedule,2018-08-18T06:15:00Z,\\Repnas\w\projects\2018_UnivMD_Maryland_86896\86896_MD01_20180711\86896_MD01_AIFF\86896MD01_016K_M04_multi_20180818\86896MD01_016K_M04_multi_20180818_061500Z.aif,FALSE,,audio/aiff,16000,16,23.5,,,,,
86896MD01_016K_M04_multi_20180818_074500Z.aif,2018_UnivMD_Maryland_86896_Dep01_20180711,schedule,2018-08-18T07:45:00Z,\\Repnas\w\projects\2018_UnivMD_Maryland_86896\86896_MD01_20180711\86896_MD01_AIFF\86896MD01_016K_M04_multi_20180818\86896MD01_016K_M04_multi_20180818_074500Z.aif,FALSE,,audio/aiff,16000,16,23.5,,,,,
86896MD01_016K_M04_multi_20180818_083000Z.aif,2018_UnivMD_Maryland_86896_Dep01_20180711,schedule,2018-08-18T08:30:00Z,\\Repnas\w\projects\2018_UnivMD_Maryland_86896\86896_MD01_20180711\86896_MD01_AIFF\86896MD01_016K_M04_multi_20180818\86896MD01_016K_M04_multi_20180818_083000Z.aif,FALSE,,audio/aiff,16000,16,23.5,,,,,
86896MD01_016K_M04_multi_20180818_093000Z.aif,2018_UnivMD_Maryland_86896_Dep01_20180711,schedule,2018-08-18T09:30:00Z,\\Repnas\w\projects\2018_UnivMD_Maryland_86896\86896_MD01_20180711\86896_MD01_AIFF\86896MD01_016K_M04_multi_20180818\86896MD01_016K_M04_multi_20180818_093000Z.aif,FALSE,,audio/aiff,16000,16,23.5,,,,,
86896MD01_016K_M04_multi_20180818_094500Z.aif,2018_UnivMD_Maryland_86896_Dep01_20180711,schedule,2018-08-18T09:45:00Z,\\Repnas\w\projects\2018_UnivMD_Maryland_86896\86896_MD01_20180711\86896_MD01_AIFF\86896MD01_016K_M04_multi_20180818\86896MD01_016K_M04_multi_20180818_094500Z.aif,FALSE,,audio/aiff,16000,16,23.5,,,,,
86896MD01_016K_M04_multi_20180818_110000Z.aif,2018_UnivMD_Maryland_86896_Dep01_20180711,schedule,2018-08-18T11:00:00Z,\\Repnas\w\projects\2018_UnivMD_Maryland_86896\86896_MD01_20180711\86896_MD01_AIFF\86896MD01_016K_M04_multi_20180818\86896MD01_016K_M04_multi_20180818_110000Z.aif,FALSE,,audio/aiff,16000,16,23.5,,,,,
86896MD01_016K_M04_multi_20180818_113000Z.aif,2018_UnivMD_Maryland_86896_Dep01_20180711,schedule,2018-08-18T11:30:00Z,\\Repnas\w\projects\2018_UnivMD_Maryland_86896\86896_MD01_20180711\86896_MD01_AIFF\86896MD01_016K_M04_multi_20180818\86896MD01_016K_M04_multi_20180818_113000Z.aif,FALSE,,audio/aiff,16000,16,23.5,,,,,
86896MD01_016K_M04_multi_20180818_120000Z.aif,2018_UnivMD_Maryland_86896_Dep01_20180711,schedule,2018-08-18T12:00:00Z,\\Repnas\w\projects\2018_UnivMD_Maryland_86896\86896_MD01_20180711\86896_MD01_AIFF\86896MD01_016K_M04_multi_20180818\86896MD01_016K_M04_multi_20180818_120000Z.aif,FALSE,,audio/aiff,16000,16,23.5,,,,,
86896MD01_016K_M04_multi_20180818_121500Z.aif,2018_UnivMD_Maryland_86896_Dep01_20180711,schedule,2018-08-18T12:15:00Z,\\Repnas\w\projects\2018_UnivMD_Maryland_86896\86896_MD01_20180711\86896_MD01_AIFF\86896MD01_016K_M04_multi_20180818\86896MD01_016K_M04_multi_20180818_121500Z.aif,FALSE,,audio/aiff,16000,16,23.5,,,,,
86896MD01_016K_M04_multi_20180818_124500Z.aif,2018_UnivMD_Maryland_86896_Dep01_20180711,schedule,2018-08-18T12:45:00Z,\\Repnas\w\projects\2018_UnivMD_Maryland_86896\86896_MD01_20180711\86896_MD01_AIFF\86896MD01_016K_M04_multi_20180818\86896MD01_016K_M04_multi_20180818_124500Z.aif,FALSE,,audio/aiff,16000,16,23.5,,,,,
86896MD01_016K_M04_multi_20180818_130000Z.aif,2018_UnivMD_Maryland_86896_Dep01_20180711,schedule,2018-08-18T13:00:00Z,\\Repnas\w\projects\2018_UnivMD_Maryland_86896\86896_MD01_20180711\86896_MD01_AIFF\86896MD01_016K_M04_multi_20180818\86896MD01_016K_M04_multi_20180818_130000Z.aif,FALSE,,audio/aiff,16000,16,23.5,,,,,
86896MD01_016K_M04_multi_20180818_131500Z.aif,2018_UnivMD_Maryland_86896_Dep01_20180711,schedule,2018-08-18T13:15:00Z,\\Repnas\w\projects\2018_UnivMD_Maryland_86896\86896_MD01_20180711\86896_MD01_AIFF\86896MD01_016K_M04_multi_20180818\86896MD01_016K_M04_multi_20180818_131500Z.aif,FALSE,,audio/aiff,16000,16,23.5,,,,,
86896MD01_016K_M04_multi_20180818_133000Z.aif,2018_UnivMD_Maryland_86896_Dep01_20180711,schedule,2018-08-18T13:30:00Z,\\Repnas\w\projects\2018_UnivMD_Maryland_86896\86896_MD01_20180711\86896_MD01_AIFF\86896MD01_016K_M04_multi_20180818\86896MD01_016K_M04_multi_20180818_133000Z.aif,FALSE,,audio/aiff,16000,16,23.5,,,,,
86896MD01_016K_M04_multi_20180818_134500Z.aif,2018_UnivMD_Maryland_86896_Dep01_20180711,schedule,2018-08-18T13:45:00Z,\\Repnas\w\projects\2018_UnivMD_Maryland_86896\86896_MD01_20180711\86896_MD01_AIFF\86896MD01_016K_M04_multi_20180818\86896MD01_016K_M04_multi_20180818_134500Z.aif,FALSE,,audio/aiff,16000,16,23.5,,,,,
86896MD01_016K_M04_multi_20180818_143000Z.aif,2018_UnivMD_Maryland_86896_Dep01_20180711,schedule,2018-08-18T14:30:00Z,\\Repnas\w\projects\2018_UnivMD_Maryland_86896\86896_MD01_20180711\86896_MD01_AIFF\86896MD01_016K_M04_multi_20180818\86896MD01_016K_M04_multi_20180818_143000Z.aif,FALSE,,audio/aiff,16000,16,23.5,,,,,
86896MD01_016K_M04_multi_20180818_144500Z.aif,2018_UnivMD_Maryland_86896_Dep01_20180711,schedule,2018-08-18T14:45:00Z,\\Repnas\w\projects\2018_UnivMD_Maryland_86896\86896_MD01_20180711\86896_MD01_AIFF\86896MD01_016K_M04_multi_20180818\86896MD01_016K_M04_multi_20180818_144500Z.aif,FALSE,,audio/aiff,16000,16,23.5,,,,,
86896MD01_016K_M04_multi_20180818_150000Z.aif,2018_UnivMD_Maryland_86896_Dep01_20180711,schedule,2018-08-18T15:00:00Z,\\Repnas\w\projects\2018_UnivMD_Maryland_86896\86896_MD01_20180711\86896_MD01_AIFF\86896MD01_016K_M04_multi_20180818\86896MD01_016K_M04_multi_20180818_150000Z.aif,FALSE,,audio/aiff,16000,16,23.5,,,,,
86896MD01_016K_M04_multi_20180818_151500Z.aif,2018_UnivMD_Maryland_86896_Dep01_20180711,schedule,2018-08-18T15:15:00Z,\\Repnas\w\projects\2018_UnivMD_Maryland_86896\86896_MD01_20180711\86896_MD01_AIFF\86896MD01_016K_M04_multi_20180818\86896MD01_016K_M04_multi_20180818_151500Z.aif,FALSE,,audio/aiff,16000,16,23.5,,,,,
86896MD01_016K_M04_multi_20180818_153000Z.aif,2018_UnivMD_Maryland_86896_Dep01_20180711,schedule,2018-08-18T15:30:00Z,\\Repnas\w\projects\2018_UnivMD_Maryland_86896\86896_MD01_20180711\86896_MD01_AIFF\86896MD01_016K_M04_multi_20180818\86896MD01_016K_M04_multi_20180818_153000Z.aif,FALSE,,audio/aiff,16000,16,23.5,,,,,
86896MD01_016K_M04_multi_20180818_154500Z.aif,2018_UnivMD_Maryland_86896_Dep01_20180711,schedule,2018-08-18T15:45:00Z,\\Repnas\w\projects\2018_UnivMD_Maryland_86896\86896_MD01_20180711\86896_MD01_AIFF\86896MD01_016K_M04_multi_20180818\86896MD01_016K_M04_multi_20180818_154500Z.aif,FALSE,,audio/aiff,16000,16,23.5,,,,,
86896MD01_016K_M04_multi_20180818_170000Z.aif,2018_UnivMD_Maryland_86896_Dep01_20180711,schedule,2018-08-18T17:00:00Z,\\Repnas\w\projects\2018_UnivMD_Maryland_86896\86896_MD01_20180711\86896_MD01_AIFF\86896MD01_016K_M04_multi_20180818\86896MD01_016K_M04_multi_20180818_170000Z.aif,FALSE,,audio/aiff,16000,16,23.5,,,,,
86896MD01_016K_M04_multi_20180818_171500Z.aif,2018_UnivMD_Maryland_86896_Dep01_20180711,schedule,2018-08-18T17:15:00Z,\\Repnas\w\projects\2018_UnivMD_Maryland_86896\86896_MD01_20180711\86896_MD01_AIFF\86896MD01_016K_M04_multi_20180818\86896MD01_016K_M04_multi_20180818_171500Z.aif,FALSE,,audio/aiff,16000,16,23.5,,,,,
86896MD01_016K_M04_multi_20180818_181500Z.aif,2018_UnivMD_Maryland_86896_Dep01_20180711,schedule,2018-08-18T18:15:00Z,\\Repnas\w\projects\2018_UnivMD_Maryland_86896\86896_MD01_20180711\86896_MD01_AIFF\86896MD01_016K_M04_multi_20180818\86896MD01_016K_M04_multi_20180818_181500Z.aif,FALSE,,audio/aiff,16000,16,23.5,,,,,
86896MD01_016K_M04_multi_20180818_194500Z.aif,2018_UnivMD_Maryland_86896_Dep01_20180711,schedule,2018-08-18T19:45:00Z,\\Repnas\w\projects\2018_UnivMD_Maryland_86896\86896_MD01_20180711\86896_MD01_AIFF\86896MD01_016K_M04_multi_20180818\86896MD01_016K_M04_multi_20180818_194500Z.aif,FALSE,,audio/aiff,16000,16,23.5,,,,,
86896MD01_016K_M04_multi_20180818_200000Z.aif,2018_UnivMD_Maryland_86896_Dep01_20180711,schedule,2018-08-18T20:00:00Z,\\Repnas\w\projects\2018_UnivMD_Maryland_86896\86896_MD01_20180711\86896_MD01_AIFF\86896MD01_016K_M04_multi_20180818\86896MD01_016K_M04_multi_20180818_200000Z.aif,FALSE,,audio/aiff,16000,16,23.5,,,,,
86896MD01_016K_M04_multi_20180818_201500Z.aif,2018_UnivMD_Maryland_86896_Dep01_20180711,schedule,2018-08-18T20:15:00Z,\\Repnas\w\projects\2018_UnivMD_Maryland_86896\86896_MD01_20180711\86896_MD01_AIFF\86896MD01_016K_M04_multi_20180818\86896MD01_016K_M04_multi_20180818_201500Z.aif,FALSE,,audio/aiff,16000,16,23.5,,,,,
86896MD01_016K_M04_multi_20180818_203000Z.aif,2018_UnivMD_Maryland_86896_Dep01_20180711,schedule,2018-08-18T20:30:00Z,\\Repnas\w\projects\2018_UnivMD_Maryland_86896\86896_MD01_20180711\86896_MD01_AIFF\86896MD01_016K_M04_multi_20180818\86896MD01_016K_M04_multi_20180818_203000Z.aif,FALSE,,audio/aiff,16000,16,23.5,,,,,
86896MD01_016K_M04_multi_20180818_204500Z.aif,2018_UnivMD_Maryland_86896_Dep01_20180711,schedule,2018-08-18T20:45:00Z,\\Repnas\w\projects\2018_UnivMD_Maryland_86896\86896_MD01_20180711\86896_MD01_AIFF\86896MD01_016K_M04_multi_20180818\86896MD01_016K_M04_multi_20180818_204500Z.aif,FALSE,,audio/aiff,16000,16,23.5,,,,,
86896MD01_016K_M04_multi_20180818_210000Z.aif,2018_UnivMD_Maryland_86896_Dep01_20180711,schedule,2018-08-18T21:00:00Z,\\Repnas\w\projects\2018_UnivMD_Maryland_86896\86896_MD01_20180711\86896_MD01_AIFF\86896MD01_016K_M04_multi_20180818\86896MD01_016K_M04_multi_20180818_210000Z.aif,FALSE,,audio/aiff,16000,16,23.5,,,,,
86896MD01_016K_M04_multi_20180818_211500Z.aif,2018_UnivMD_Maryland_86896_Dep01_20180711,schedule,2018-08-18T21:15:00Z,\\Repnas\w\projects\2018_UnivMD_Maryland_86896\86896_MD01_20180711\86896_MD01_AIFF\86896MD01_016K_M04_multi_20180818\86896MD01_016K_M04_multi_20180818_211500Z.aif,FALSE,,audio/aiff,16000,16,23.5,,,,,
86896MD01_016K_M04_multi_20180818_213000Z.aif,2018_UnivMD_Maryland_86896_Dep01_20180711,schedule,2018-08-18T21:30:00Z,\\Repnas\w\projects\2018_UnivMD_Maryland_86896\86896_MD01_20180711\86896_MD01_AIFF\86896MD01_016K_M04_multi_20180818\86896MD01_016K_M04_multi_20180818_213000Z.aif,FALSE,,audio/aiff,16000,16,23.5,,,,,
86896MD01_016K_M04_multi_20180818_214500Z.aif,2018_UnivMD_Maryland_86896_Dep01_20180711,schedule,2018-08-18T21:45:00Z,\\Repnas\w\projects\2018_UnivMD_Maryland_86896\86896_MD01_20180711\86896_MD01_AIFF\86896MD01_016K_M04_multi_20180818\86896MD01_016K_M04_multi_20180818_214500Z.aif,FALSE,,audio/aiff,16000,16,23.5,,,,,
86896MD01_016K_M04_multi_20180818_221500Z.aif,2018_UnivMD_Maryland_86896_Dep01_20180711,schedule,2018-08-18T22:15:00Z,\\Repnas\w\projects\2018_UnivMD_Maryland_86896\86896_MD01_20180711\86896_MD01_AIFF\86896MD01_016K_M04_multi_20180818\86896MD01_016K_M04_multi_20180818_221500Z.aif,FALSE,,audio/aiff,16000,16,23.5,,,,,
86896MD01_016K_M04_multi_20180819_120000Z.aif,2018_UnivMD_Maryland_86896_Dep01_20180711,schedule,2018-08-19T12:00:00Z,\\Repnas\w\projects\2018_UnivMD_Maryland_86896\86896_MD01_20180711\86896_MD01_AIFF\86896MD01_016K_M04_multi_20180819\86896MD01_016K_M04_multi_20180819_120000Z.aif,FALSE,,audio/aiff,16000,16,23.5,,,,,
86896MD01_016K_M04_multi_20180819_121500Z.aif,2018_UnivMD_Maryland_86896_Dep01_20180711,schedule,2018-08-19T12:15:00Z,\\Repnas\w\projects\2018_UnivMD_Maryland_86896\86896_MD01_20180711\86896_MD01_AIFF\86896MD01_016K_M04_multi_20180819\86896MD01_016K_M04_multi_20180819_121500Z.aif,FALSE,,audio/aiff,16000,16,23.5,,,,,
86896MD01_016K_M04_multi_20180819_124500Z.aif,2018_UnivMD_Maryland_86896_Dep01_20180711,schedule,2018-08-19T12:45:00Z,\\Repnas\w\projects\2018_UnivMD_Maryland_86896\86896_MD01_20180711\86896_MD01_AIFF\86896MD01_016K_M04_multi_20180819\86896MD01_016K_M04_multi_20180819_124500Z.aif,FALSE,,audio/aiff,16000,16,23.5,,,,,
86896MD01_016K_M04_multi_20180819_160000Z.aif,2018_UnivMD_Maryland_86896_Dep01_20180711,schedule,2018-08-19T16:00:00Z,\\Repnas\w\projects\2018_UnivMD_Maryland_86896\86896_MD01_20180711\86896_MD01_AIFF\86896MD01_016K_M04_multi_20180819\86896MD01_016K_M04_multi_20180819_160000Z.aif,FALSE,,audio/aiff,16000,16,23.5,,,,,
86896MD01_016K_M04_multi_20180819_171500Z.aif,2018_UnivMD_Maryland_86896_Dep01_20180711,schedule,2018-08-19T17:15:00Z,\\Repnas\w\projects\2018_UnivMD_Maryland_86896\86896_MD01_20180711\86896_MD01_AIFF\86896MD01_016K_M04_multi_20180819\86896MD01_016K_M04_multi_20180819_171500Z.aif,FALSE,,audio/aiff,16000,16,23.5,,,,,
86896MD01_016K_M04_multi_20180819_211500Z.aif,2018_UnivMD_Maryland_86896_Dep01_20180711,schedule,2018-08-19T21:15:00Z,\\Repnas\w\projects\2018_UnivMD_Maryland_86896\86896_MD01_20180711\86896_MD01_AIFF\86896MD01_016K_M04_multi_20180819\86896MD01_016K_M04_multi_20180819_211500Z.aif,FALSE,,audio/aiff,16000,16,23.5,,,,,
86896MD01_016K_M04_multi_20180819_213000Z.aif,2018_UnivMD_Maryland_86896_Dep01_20180711,schedule,2018-08-19T21:30:00Z,\\Repnas\w\projects\2018_UnivMD_Maryland_86896\86896_MD01_20180711\86896_MD01_AIFF\86896MD01_016K_M04_multi_20180819\86896MD01_016K_M04_multi_20180819_213000Z.aif,FALSE,,audio/aiff,16000,16,23.5,,,,,
86896MD01_016K_M04_multi_20180820_030000Z.aif,2018_UnivMD_Maryland_86896_Dep01_20180711,schedule,2018-08-20T03:00:00Z,\\Repnas\w\projects\2018_UnivMD_Maryland_86896\86896_MD01_20180711\86896_MD01_AIFF\86896MD01_016K_M04_multi_20180820\86896MD01_016K_M04_multi_20180820_030000Z.aif,FALSE,,audio/aiff,16000,16,23.5,,,,,
86896MD01_016K_M04_multi_20180820_061500Z.aif,2018_UnivMD_Maryland_86896_Dep01_20180711,schedule,2018-08-20T06:15:00Z,\\Repnas\w\projects\2018_UnivMD_Maryland_86896\86896_MD01_20180711\86896_MD01_AIFF\86896MD01_016K_M04_multi_20180820\86896MD01_016K_M04_multi_20180820_061500Z.aif,FALSE,,audio/aiff,16000,16,23.5,,,,,
86896MD01_016K_M04_multi_20180820_181500Z.aif,2018_UnivMD_Maryland_86896_Dep01_20180711,schedule,2018-08-20T18:15:00Z,\\Repnas\w\projects\2018_UnivMD_Maryland_86896\86896_MD01_20180711\86896_MD01_AIFF\86896MD01_016K_M04_multi_20180820\86896MD01_016K_M04_multi_20180820_181500Z.aif,FALSE,,audio/aiff,16000,16,23.5,,,,,
86896MD01_016K_M04_multi_20180820_184500Z.aif,2018_UnivMD_Maryland_86896_Dep01_20180711,schedule,2018-08-20T18:45:00Z,\\Repnas\w\projects\2018_UnivMD_Maryland_86896\86896_MD01_20180711\86896_MD01_AIFF\86896MD01_016K_M04_multi_20180820\86896MD01_016K_M04_multi_20180820_184500Z.aif,FALSE,,audio/aiff,16000,16,23.5,,,,,
86896MD01_016K_M04_multi_20180820_201500Z.aif,2018_UnivMD_Maryland_86896_Dep01_20180711,schedule,2018-08-20T20:15:00Z,\\Repnas\w\projects\2018_UnivMD_Maryland_86896\86896_MD01_20180711\86896_MD01_AIFF\86896MD01_016K_M04_multi_20180820\86896MD01_016K_M04_multi_20180820_201500Z.aif,FALSE,,audio/aiff,16000,16,23.5,,,,,
86896MD01_016K_M04_multi_20180821_003000Z.aif,2018_UnivMD_Maryland_86896_Dep01_20180711,schedule,2018-08-21T00:30:00Z,\\Repnas\w\projects\2018_UnivMD_Maryland_86896\86896_MD01_20180711\86896_MD01_AIFF\86896MD01_016K_M04_multi_20180821\86896MD01_016K_M04_multi_20180821_003000Z.aif,FALSE,,audio/aiff,16000,16,23.5,,,,,
86896MD01_016K_M04_multi_20180821_150000Z.aif,2018_UnivMD_Maryland_86896_Dep01_20180711,schedule,2018-08-21T15:00:00Z,\\Repnas\w\projects\2018_UnivMD_Maryland_86896\86896_MD01_20180711\86896_MD01_AIFF\86896MD01_016K_M04_multi_20180821\86896MD01_016K_M04_multi_20180821_150000Z.aif,FALSE,,audio/aiff,16000,16,23.5,,,,,
86896MD01_016K_M04_multi_20180821_151500Z.aif,2018_UnivMD_Maryland_86896_Dep01_20180711,schedule,2018-08-21T15:15:00Z,\\Repnas\w\projects\2018_UnivMD_Maryland_86896\86896_MD01_20180711\86896_MD01_AIFF\86896MD01_016K_M04_multi_20180821\86896MD01_016K_M04_multi_20180821_151500Z.aif,FALSE,,audio/aiff,16000,16,23.5,,,,,
86896MD01_016K_M04_multi_20180821_153000Z.aif,2018_UnivMD_Maryland_86896_Dep01_20180711,schedule,2018-08-21T15:30:00Z,\\Repnas\w\projects\2018_UnivMD_Maryland_86896\86896_MD01_20180711\86896_MD01_AIFF\86896MD01_016K_M04_multi_20180821\86896MD01_016K_M04_multi_20180821_153000Z.aif,FALSE,,audio/aiff,16000,16,23.5,,,,,
86896MD01_016K_M04_multi_20180821_170000Z.aif,2018_UnivMD_Maryland_86896_Dep01_20180711,schedule,2018-08-21T17:00:00Z,\\Repnas\w\projects\2018_UnivMD_Maryland_86896\86896_MD01_20180711\86896_MD01_AIFF\86896MD01_016K_M04_multi_20180821\86896MD01_016K_M04_multi_20180821_170000Z.aif,FALSE,,audio/aiff,16000,16,23.5,,,,,
86896MD01_016K_M04_multi_20180821_174500Z.aif,2018_UnivMD_Maryland_86896_Dep01_20180711,schedule,2018-08-21T17:45:00Z,\\Repnas\w\projects\2018_UnivMD_Maryland_86896\86896_MD01_20180711\86896_MD01_AIFF\86896MD01_016K_M04_multi_20180821\86896MD01_016K_M04_multi_20180821_174500Z.aif,FALSE,,audio/aiff,16000,16,23.5,,,,,
86896MD01_016K_M04_multi_20180821_181500Z.aif,2018_UnivMD_Maryland_86896_Dep01_20180711,schedule,2018-08-21T18:15:00Z,\\Repnas\w\projects\2018_UnivMD_Maryland_86896\86896_MD01_20180711\86896_MD01_AIFF\86896MD01_016K_M04_multi_20180821\86896MD01_016K_M04_multi_20180821_181500Z.aif,FALSE,,audio/aiff,16000,16,23.5,,,,,
86896MD01_016K_M04_multi_20180821_183000Z.aif,2018_UnivMD_Maryland_86896_Dep01_20180711,schedule,2018-08-21T18:30:00Z,\\Repnas\w\projects\2018_UnivMD_Maryland_86896\86896_MD01_20180711\86896_MD01_AIFF\86896MD01_016K_M04_multi_20180821\86896MD01_016K_M04_multi_20180821_183000Z.aif,FALSE,,audio/aiff,16000,16,23.5,,,,,
86896MD01_016K_M04_multi_20180821_184500Z.aif,2018_UnivMD_Maryland_86896_Dep01_20180711,schedule,2018-08-21T18:45:00Z,\\Repnas\w\projects\2018_UnivMD_Maryland_86896\86896_MD01_20180711\86896_MD01_AIFF\86896MD01_016K_M04_multi_20180821\86896MD01_016K_M04_multi_20180821_184500Z.aif,FALSE,,audio/aiff,16000,16,23.5,,,,,
86896MD01_016K_M04_multi_20180821_190000Z.aif,2018_UnivMD_Maryland_86896_Dep01_20180711,schedule,2018-08-21T19:00:00Z,\\Repnas\w\projects\2018_UnivMD_Maryland_86896\86896_MD01_20180711\86896_MD01_AIFF\86896MD01_016K_M04_multi_20180821\86896MD01_016K_M04_multi_20180821_190000Z.aif,FALSE,,audio/aiff,16000,16,23.5,,,,,
86896MD01_016K_M04_multi_20180821_191500Z.aif,2018_UnivMD_Maryland_86896_Dep01_20180711,schedule,2018-08-21T19:15:00Z,\\Repnas\w\projects\2018_UnivMD_Maryland_86896\86896_MD01_20180711\86896_MD01_AIFF\86896MD01_016K_M04_multi_20180821\86896MD01_016K_M04_multi_20180821_191500Z.aif,FALSE,,audio/aiff,16000,16,23.5,,,,,
86896MD01_016K_M04_multi_20180821_193000Z.aif,2018_UnivMD_Maryland_86896_Dep01_20180711,schedule,2018-08-21T19:30:00Z,\\Repnas\w\projects\2018_UnivMD_Maryland_86896\86896_MD01_20180711\86896_MD01_AIFF\86896MD01_016K_M04_multi_20180821\86896MD01_016K_M04_multi_20180821_193000Z.aif,FALSE,,audio/aiff,16000,16,23.5,,,,,
86896MD01_016K_M04_multi_20180821_194500Z.aif,2018_UnivMD_Maryland_86896_Dep01_20180711,schedule,2018-08-21T19:45:00Z,\\Repnas\w\projects\2018_UnivMD_Maryland_86896\86896_MD01_20180711\86896_MD01_AIFF\86896MD01_016K_M04_multi_20180821\86896MD01_016K_M04_multi_20180821_194500Z.aif,FALSE,,audio/aiff,16000,16,23.5,,,,,
86896MD01_016K_M04_multi_20180821_200000Z.aif,2018_UnivMD_Maryland_86896_Dep01_20180711,schedule,2018-08-21T20:00:00Z,\\Repnas\w\projects\2018_UnivMD_Maryland_86896\86896_MD01_20180711\86896_MD01_AIFF\86896MD01_016K_M04_multi_20180821\86896MD01_016K_M04_multi_20180821_200000Z.aif,FALSE,,audio/aiff,16000,16,23.5,,,,,
86896MD01_016K_M04_multi_20180821_210000Z.aif,2018_UnivMD_Maryland_86896_Dep01_20180711,schedule,2018-08-21T21:00:00Z,\\Repnas\w\projects\2018_UnivMD_Maryland_86896\86896_MD01_20180711\86896_MD01_AIFF\86896MD01_016K_M04_multi_20180821\86896MD01_016K_M04_multi_20180821_210000Z.aif,FALSE,,audio/aiff,16000,16,23.5,,,,,
86896MD01_016K_M04_multi_20180821_211500Z.aif,2018_UnivMD_Maryland_86896_Dep01_20180711,schedule,2018-08-21T21:15:00Z,\\Repnas\w\projects\2018_UnivMD_Maryland_86896\86896_MD01_20180711\86896_MD01_AIFF\86896MD01_016K_M04_multi_20180821\86896MD01_016K_M04_multi_20180821_211500Z.aif,FALSE,,audio/aiff,16000,16,23.5,,,,,
86896MD01_016K_M04_multi_20180821_220000Z.aif,2018_UnivMD_Maryland_86896_Dep01_20180711,schedule,2018-08-21T22:00:00Z,\\Repnas\w\projects\2018_UnivMD_Maryland_86896\86896_MD01_20180711\86896_MD01_AIFF\86896MD01_016K_M04_multi_20180821\86896MD01_016K_M04_multi_20180821_220000Z.aif,FALSE,,audio/aiff,16000,16,23.5,,,,,
86896MD01_016K_M04_multi_20180821_224500Z.aif,2018_UnivMD_Maryland_86896_Dep01_20180711,schedule,2018-08-21T22:45:00Z,\\Repnas\w\projects\2018_UnivMD_Maryland_86896\86896_MD01_20180711\86896_MD01_AIFF\86896MD01_016K_M04_multi_20180821\86896MD01_016K_M04_multi_20180821_224500Z.aif,FALSE,,audio/aiff,16000,16,23.5,,,,,
86896MD01_016K_M04_multi_20180821_230000Z.aif,2018_UnivMD_Maryland_86896_Dep01_20180711,schedule,2018-08-21T23:00:00Z,\\Repnas\w\projects\2018_UnivMD_Maryland_86896\86896_MD01_20180711\86896_MD01_AIFF\86896MD01_016K_M04_multi_20180821\86896MD01_016K_M04_multi_20180821_230000Z.aif,FALSE,,audio/aiff,16000,16,23.5,,,,,
86896MD01_016K_M04_multi_20180822_000000Z.aif,2018_UnivMD_Maryland_86896_Dep01_20180711,schedule,2018-08-22T00:00:00Z,\\Repnas\w\projects\2018_UnivMD_Maryland_86896\86896_MD01_20180711\86896_MD01_AIFF\86896MD01_016K_M04_multi_20180822\86896MD01_016K_M04_multi_20180822_000000Z.aif,FALSE,,audio/aiff,16000,16,23.5,,,,,
86896MD01_016K_M04_multi_20180822_003000Z.aif,2018_UnivMD_Maryland_86896_Dep01_20180711,schedule,2018-08-22T00:30:00Z,\\Repnas\w\projects\2018_UnivMD_Maryland_86896\86896_MD01_20180711\86896_MD01_AIFF\86896MD01_016K_M04_multi_20180822\86896MD01_016K_M04_multi_20180822_003000Z.aif,FALSE,,audio/aiff,16000,16,23.5,,,,,
86896MD01_016K_M04_multi_20180822_004500Z.aif,2018_UnivMD_Maryland_86896_Dep01_20180711,schedule,2018-08-22T00:45:00Z,\\Repnas\w\projects\2018_UnivMD_Maryland_86896\86896_MD01_20180711\86896_MD01_AIFF\86896MD01_016K_M04_multi_20180822\86896MD01_016K_M04_multi_20180822_004500Z.aif,FALSE,,audio/aiff,16000,16,23.5,,,,,
86896MD01_016K_M04_multi_20180822_060000Z.aif,2018_UnivMD_Maryland_86896_Dep01_20180711,schedule,2018-08-22T06:00:00Z,\\Repnas\w\projects\2018_UnivMD_Maryland_86896\86896_MD01_20180711\86896_MD01_AIFF\86896MD01_016K_M04_multi_20180822\86896MD01_016K_M04_multi_20180822_060000Z.aif,FALSE,,audio/aiff,16000,16,23.5,,,,,
86896MD01_016K_M04_multi_20180822_101500Z.aif,2018_UnivMD_Maryland_86896_Dep01_20180711,schedule,2018-08-22T10:15:00Z,\\Repnas\w\projects\2018_UnivMD_Maryland_86896\86896_MD01_20180711\86896_MD01_AIFF\86896MD01_016K_M04_multi_20180822\86896MD01_016K_M04_multi_20180822_101500Z.aif,FALSE,,audio/aiff,16000,16,23.5,,,,,
86896MD01_016K_M04_multi_20180822_103000Z.aif,2018_UnivMD_Maryland_86896_Dep01_20180711,schedule,2018-08-22T10:30:00Z,\\Repnas\w\projects\2018_UnivMD_Maryland_86896\86896_MD01_20180711\86896_MD01_AIFF\86896MD01_016K_M04_multi_20180822\86896MD01_016K_M04_multi_20180822_103000Z.aif,FALSE,,audio/aiff,16000,16,23.5,,,,,
86896MD01_016K_M04_multi_20180822_110000Z.aif,2018_UnivMD_Maryland_86896_Dep01_20180711,schedule,2018-08-22T11:00:00Z,\\Repnas\w\projects\2018_UnivMD_Maryland_86896\86896_MD01_20180711\86896_MD01_AIFF\86896MD01_016K_M04_multi_20180822\86896MD01_016K_M04_multi_20180822_110000Z.aif,FALSE,,audio/aiff,16000,16,23.5,,,,,
86896MD01_016K_M04_multi_20180822_124500Z.aif,2018_UnivMD_Maryland_86896_Dep01_20180711,schedule,2018-08-22T12:45:00Z,\\Repnas\w\projects\2018_UnivMD_Maryland_86896\86896_MD01_20180711\86896_MD01_AIFF\86896MD01_016K_M04_multi_20180822\86896MD01_016K_M04_multi_20180822_124500Z.aif,FALSE,,audio/aiff,16000,16,23.5,,,,,
86896MD01_016K_M04_multi_20180822_134500Z.aif,2018_UnivMD_Maryland_86896_Dep01_20180711,schedule,2018-08-22T13:45:00Z,\\Repnas\w\projects\2018_UnivMD_Maryland_86896\86896_MD01_20180711\86896_MD01_AIFF\86896MD01_016K_M04_multi_20180822\86896MD01_016K_M04_multi_20180822_134500Z.aif,FALSE,,audio/aiff,16000,16,23.5,,,,,
86896MD01_016K_M04_multi_20180822_161500Z.aif,2018_UnivMD_Maryland_86896_Dep01_20180711,schedule,2018-08-22T16:15:00Z,\\Repnas\w\projects\2018_UnivMD_Maryland_86896\86896_MD01_20180711\86896_MD01_AIFF\86896MD01_016K_M04_multi_20180822\86896MD01_016K_M04_multi_20180822_161500Z.aif,FALSE,,audio/aiff,16000,16,23.5,,,,,
86896MD01_016K_M04_multi_20180822_191500Z.aif,2018_UnivMD_Maryland_86896_Dep01_20180711,schedule,2018-08-22T19:15:00Z,\\Repnas\w\projects\2018_UnivMD_Maryland_86896\86896_MD01_20180711\86896_MD01_AIFF\86896MD01_016K_M04_multi_20180822\86896MD01_016K_M04_multi_20180822_191500Z.aif,FALSE,,audio/aiff,16000,16,23.5,,,,,
86896MD01_016K_M04_multi_20180822_204500Z.aif,2018_UnivMD_Maryland_86896_Dep01_20180711,schedule,2018-08-22T20:45:00Z,\\Repnas\w\projects\2018_UnivMD_Maryland_86896\86896_MD01_20180711\86896_MD01_AIFF\86896MD01_016K_M04_multi_20180822\86896MD01_016K_M04_multi_20180822_204500Z.aif,FALSE,,audio/aiff,16000,16,23.5,,,,,
86896MD01_016K_M04_multi_20180822_210000Z.aif,2018_UnivMD_Maryland_86896_Dep01_20180711,schedule,2018-08-22T21:00:00Z,\\Repnas\w\projects\2018_UnivMD_Maryland_86896\86896_MD01_20180711\86896_MD01_AIFF\86896MD01_016K_M04_multi_20180822\86896MD01_016K_M04_multi_20180822_210000Z.aif,FALSE,,audio/aiff,16000,16,23.5,,,,,
86896MD01_016K_M04_multi_20180822_214500Z.aif,2018_UnivMD_Maryland_86896_Dep01_20180711,schedule,2018-08-22T21:45:00Z,\\Repnas\w\projects\2018_UnivMD_Maryland_86896\86896_MD01_20180711\86896_MD01_AIFF\86896MD01_016K_M04_multi_20180822\86896MD01_016K_M04_multi_20180822_214500Z.aif,FALSE,,audio/aiff,16000,16,23.5,,,,,
86896MD01_016K_M04_multi_20180822_221500Z.aif,2018_UnivMD_Maryland_86896_Dep01_20180711,schedule,2018-08-22T22:15:00Z,\\Repnas\w\projects\2018_UnivMD_Maryland_86896\86896_MD01_20180711\86896_MD01_AIFF\86896MD01_016K_M04_multi_20180822\86896MD01_016K_M04_multi_20180822_221500Z.aif,FALSE,,audio/aiff,16000,16,23.5,,,,,
86896MD01_016K_M04_multi_20180822_224500Z.aif,2018_UnivMD_Maryland_86896_Dep01_20180711,schedule,2018-08-22T22:45:00Z,\\Repnas\w\projects\2018_UnivMD_Maryland_86896\86896_MD01_20180711\86896_MD01_AIFF\86896MD01_016K_M04_multi_20180822\86896MD01_016K_M04_multi_20180822_224500Z.aif,FALSE,,audio/aiff,16000,16,23.5,,,,,
86896MD01_016K_M04_multi_20180822_234500Z.aif,2018_UnivMD_Maryland_86896_Dep01_20180711,schedule,2018-08-22T23:45:00Z,\\Repnas\w\projects\2018_UnivMD_Maryland_86896\86896_MD01_20180711\86896_MD01_AIFF\86896MD01_016K_M04_multi_20180822\86896MD01_016K_M04_multi_20180822_234500Z.aif,FALSE,,audio/aiff,16000,16,23.5,,,,,
86896MD01_016K_M04_multi_20180823_003000Z.aif,2018_UnivMD_Maryland_86896_Dep01_20180711,schedule,2018-08-23T00:30:00Z,\\Repnas\w\projects\2018_UnivMD_Maryland_86896\86896_MD01_20180711\86896_MD01_AIFF\86896MD01_016K_M04_multi_20180823\86896MD01_016K_M04_multi_20180823_003000Z.aif,FALSE,,audio/aiff,16000,16,23.5,,,,,
86896MD01_016K_M04_multi_20180823_004500Z.aif,2018_UnivMD_Maryland_86896_Dep01_20180711,schedule,2018-08-23T00:45:00Z,\\Repnas\w\projects\2018_UnivMD_Maryland_86896\86896_MD01_20180711\86896_MD01_AIFF\86896MD01_016K_M04_multi_20180823\86896MD01_016K_M04_multi_20180823_004500Z.aif,FALSE,,audio/aiff,16000,16,23.5,,,,,
86896MD01_016K_M04_multi_20180823_053000Z.aif,2018_UnivMD_Maryland_86896_Dep01_20180711,schedule,2018-08-23T05:30:00Z,\\Repnas\w\projects\2018_UnivMD_Maryland_86896\86896_MD01_20180711\86896_MD01_AIFF\86896MD01_016K_M04_multi_20180823\86896MD01_016K_M04_multi_20180823_053000Z.aif,FALSE,,audio/aiff,16000,16,23.5,,,,,
86896MD01_016K_M04_multi_20180823_054500Z.aif,2018_UnivMD_Maryland_86896_Dep01_20180711,schedule,2018-08-23T05:45:00Z,\\Repnas\w\projects\2018_UnivMD_Maryland_86896\86896_MD01_20180711\86896_MD01_AIFF\86896MD01_016K_M04_multi_20180823\86896MD01_016K_M04_multi_20180823_054500Z.aif,FALSE,,audio/aiff,16000,16,23.5,,,,,
86896MD01_016K_M04_multi_20180823_084500Z.aif,2018_UnivMD_Maryland_86896_Dep01_20180711,schedule,2018-08-23T08:45:00Z,\\Repnas\w\projects\2018_UnivMD_Maryland_86896\86896_MD01_20180711\86896_MD01_AIFF\86896MD01_016K_M04_multi_20180823\86896MD01_016K_M04_multi_20180823_084500Z.aif,FALSE,,audio/aiff,16000,16,23.5,,,,,
86896MD01_016K_M04_multi_20180823_103000Z.aif,2018_UnivMD_Maryland_86896_Dep01_20180711,schedule,2018-08-23T10:30:00Z,\\Repnas\w\projects\2018_UnivMD_Maryland_86896\86896_MD01_20180711\86896_MD01_AIFF\86896MD01_016K_M04_multi_20180823\86896MD01_016K_M04_multi_20180823_103000Z.aif,FALSE,,audio/aiff,16000,16,23.5,,,,,
86896MD01_016K_M04_multi_20180823_110000Z.aif,2018_UnivMD_Maryland_86896_Dep01_20180711,schedule,2018-08-23T11:00:00Z,\\Repnas\w\projects\2018_UnivMD_Maryland_86896\86896_MD01_20180711\86896_MD01_AIFF\86896MD01_016K_M04_multi_20180823\86896MD01_016K_M04_multi_20180823_110000Z.aif,FALSE,,audio/aiff,16000,16,23.5,,,,,
86896MD01_016K_M04_multi_20180823_121500Z.aif,2018_UnivMD_Maryland_86896_Dep01_20180711,schedule,2018-08-23T12:15:00Z,\\Repnas\w\projects\2018_UnivMD_Maryland_86896\86896_MD01_20180711\86896_MD01_AIFF\86896MD01_016K_M04_multi_20180823\86896MD01_016K_M04_multi_20180823_121500Z.aif,FALSE,,audio/aiff,16000,16,23.5,,,,,
86896MD01_016K_M04_multi_20180823_123000Z.aif,2018_UnivMD_Maryland_86896_Dep01_20180711,schedule,2018-08-23T12:30:00Z,\\Repnas\w\projects\2018_UnivMD_Maryland_86896\86896_MD01_20180711\86896_MD01_AIFF\86896MD01_016K_M04_multi_20180823\86896MD01_016K_M04_multi_20180823_123000Z.aif,FALSE,,audio/aiff,16000,16,23.5,,,,,
86896MD01_016K_M04_multi_20180823_124500Z.aif,2018_UnivMD_Maryland_86896_Dep01_20180711,schedule,2018-08-23T12:45:00Z,\\Repnas\w\projects\2018_UnivMD_Maryland_86896\86896_MD01_20180711\86896_MD01_AIFF\86896MD01_016K_M04_multi_20180823\86896MD01_016K_M04_multi_20180823_124500Z.aif,FALSE,,audio/aiff,16000,16,23.5,,,,,
86896MD01_016K_M04_multi_20180823_130000Z.aif,2018_UnivMD_Maryland_86896_Dep01_20180711,schedule,2018-08-23T13:00:00Z,\\Repnas\w\projects\2018_UnivMD_Maryland_86896\86896_MD01_20180711\86896_MD01_AIFF\86896MD01_016K_M04_multi_20180823\86896MD01_016K_M04_multi_20180823_130000Z.aif,FALSE,,audio/aiff,16000,16,23.5,,,,,
86896MD01_016K_M04_multi_20180823_131500Z.aif,2018_UnivMD_Maryland_86896_Dep01_20180711,schedule,2018-08-23T13:15:00Z,\\Repnas\w\projects\2018_UnivMD_Maryland_86896\86896_MD01_20180711\86896_MD01_AIFF\86896MD01_016K_M04_multi_20180823\86896MD01_016K_M04_multi_20180823_131500Z.aif,FALSE,,audio/aiff,16000,16,23.5,,,,,
86896MD01_016K_M04_multi_20180823_143000Z.aif,2018_UnivMD_Maryland_86896_Dep01_20180711,schedule,2018-08-23T14:30:00Z,\\Repnas\w\projects\2018_UnivMD_Maryland_86896\86896_MD01_20180711\86896_MD01_AIFF\86896MD01_016K_M04_multi_20180823\86896MD01_016K_M04_multi_20180823_143000Z.aif,FALSE,,audio/aiff,16000,16,23.5,,,,,
86896MD01_016K_M04_multi_20180823_161500Z.aif,2018_UnivMD_Maryland_86896_Dep01_20180711,schedule,2018-08-23T16:15:00Z,\\Repnas\w\projects\2018_UnivMD_Maryland_86896\86896_MD01_20180711\86896_MD01_AIFF\86896MD01_016K_M04_multi_20180823\86896MD01_016K_M04_multi_20180823_161500Z.aif,FALSE,,audio/aiff,16000,16,23.5,,,,,
86896MD01_016K_M04_multi_20180823_183000Z.aif,2018_UnivMD_Maryland_86896_Dep01_20180711,schedule,2018-08-23T18:30:00Z,\\Repnas\w\projects\2018_UnivMD_Maryland_86896\86896_MD01_20180711\86896_MD01_AIFF\86896MD01_016K_M04_multi_20180823\86896MD01_016K_M04_multi_20180823_183000Z.aif,FALSE,,audio/aiff,16000,16,23.5,,,,,
86896MD01_016K_M04_multi_20180823_193000Z.aif,2018_UnivMD_Maryland_86896_Dep01_20180711,schedule,2018-08-23T19:30:00Z,\\Repnas\w\projects\2018_UnivMD_Maryland_86896\86896_MD01_20180711\86896_MD01_AIFF\86896MD01_016K_M04_multi_20180823\86896MD01_016K_M04_multi_20180823_193000Z.aif,FALSE,,audio/aiff,16000,16,23.5,,,,,
86896MD01_016K_M04_multi_20180823_213000Z.aif,2018_UnivMD_Maryland_86896_Dep01_20180711,schedule,2018-08-23T21:30:00Z,\\Repnas\w\projects\2018_UnivMD_Maryland_86896\86896_MD01_20180711\86896_MD01_AIFF\86896MD01_016K_M04_multi_20180823\86896MD01_016K_M04_multi_20180823_213000Z.aif,FALSE,,audio/aiff,16000,16,23.5,,,,,
86896MD01_016K_M04_multi_20180823_223000Z.aif,2018_UnivMD_Maryland_86896_Dep01_20180711,schedule,2018-08-23T22:30:00Z,\\Repnas\w\projects\2018_UnivMD_Maryland_86896\86896_MD01_20180711\86896_MD01_AIFF\86896MD01_016K_M04_multi_20180823\86896MD01_016K_M04_multi_20180823_223000Z.aif,FALSE,,audio/aiff,16000,16,23.5,,,,,
86896MD01_016K_M04_multi_20180823_231500Z.aif,2018_UnivMD_Maryland_86896_Dep01_20180711,schedule,2018-08-23T23:15:00Z,\\Repnas\w\projects\2018_UnivMD_Maryland_86896\86896_MD01_20180711\86896_MD01_AIFF\86896MD01_016K_M04_multi_20180823\86896MD01_016K_M04_multi_20180823_231500Z.aif,FALSE,,audio/aiff,16000,16,23.5,,,,,
86896MD01_016K_M04_multi_20180823_233000Z.aif,2018_UnivMD_Maryland_86896_Dep01_20180711,schedule,2018-08-23T23:30:00Z,\\Repnas\w\projects\2018_UnivMD_Maryland_86896\86896_MD01_20180711\86896_MD01_AIFF\86896MD01_016K_M04_multi_20180823\86896MD01_016K_M04_multi_20180823_233000Z.aif,FALSE,,audio/aiff,16000,16,23.5,,,,,
86896MD01_016K_M04_multi_20180824_000000Z.aif,2018_UnivMD_Maryland_86896_Dep01_20180711,schedule,2018-08-24T00:00:00Z,\\Repnas\w\projects\2018_UnivMD_Maryland_86896\86896_MD01_20180711\86896_MD01_AIFF\86896MD01_016K_M04_multi_20180824\86896MD01_016K_M04_multi_20180824_000000Z.aif,FALSE,,audio/aiff,16000,16,23.5,,,,,
86896MD01_016K_M04_multi_20180824_001500Z.aif,2018_UnivMD_Maryland_86896_Dep01_20180711,schedule,2018-08-24T00:15:00Z,\\Repnas\w\projects\2018_UnivMD_Maryland_86896\86896_MD01_20180711\86896_MD01_AIFF\86896MD01_016K_M04_multi_20180824\86896MD01_016K_M04_multi_20180824_001500Z.aif,FALSE,,audio/aiff,16000,16,23.5,,,,,
86896MD01_016K_M04_multi_20180824_003000Z.aif,2018_UnivMD_Maryland_86896_Dep01_20180711,schedule,2018-08-24T00:30:00Z,\\Repnas\w\projects\2018_UnivMD_Maryland_86896\86896_MD01_20180711\86896_MD01_AIFF\86896MD01_016K_M04_multi_20180824\86896MD01_016K_M04_multi_20180824_003000Z.aif,FALSE,,audio/aiff,16000,16,23.5,,,,,
86896MD01_016K_M04_multi_20180824_011500Z.aif,2018_UnivMD_Maryland_86896_Dep01_20180711,schedule,2018-08-24T01:15:00Z,\\Repnas\w\projects\2018_UnivMD_Maryland_86896\86896_MD01_20180711\86896_MD01_AIFF\86896MD01_016K_M04_multi_20180824\86896MD01_016K_M04_multi_20180824_011500Z.aif,FALSE,,audio/aiff,16000,16,23.5,,,,,
86896MD01_016K_M04_multi_20180824_014500Z.aif,2018_UnivMD_Maryland_86896_Dep01_20180711,schedule,2018-08-24T01:45:00Z,\\Repnas\w\projects\2018_UnivMD_Maryland_86896\86896_MD01_20180711\86896_MD01_AIFF\86896MD01_016K_M04_multi_20180824\86896MD01_016K_M04_multi_20180824_014500Z.aif,FALSE,,audio/aiff,16000,16,23.5,,,,,
86896MD01_016K_M04_multi_20180824_020000Z.aif,2018_UnivMD_Maryland_86896_Dep01_20180711,schedule,2018-08-24T02:00:00Z,\\Repnas\w\projects\2018_UnivMD_Maryland_86896\86896_MD01_20180711\86896_MD01_AIFF\86896MD01_016K_M04_multi_20180824\86896MD01_016K_M04_multi_20180824_020000Z.aif,FALSE,,audio/aiff,16000,16,23.5,,,,,
86896MD01_016K_M04_multi_20180824_021500Z.aif,2018_UnivMD_Maryland_86896_Dep01_20180711,schedule,2018-08-24T02:15:00Z,\\Repnas\w\projects\2018_UnivMD_Maryland_86896\86896_MD01_20180711\86896_MD01_AIFF\86896MD01_016K_M04_multi_20180824\86896MD01_016K_M04_multi_20180824_021500Z.aif,FALSE,,audio/aiff,16000,16,23.5,,,,,
86896MD01_016K_M04_multi_20180824_030000Z.aif,2018_UnivMD_Maryland_86896_Dep01_20180711,schedule,2018-08-24T03:00:00Z,\\Repnas\w\projects\2018_UnivMD_Maryland_86896\86896_MD01_20180711\86896_MD01_AIFF\86896MD01_016K_M04_multi_20180824\86896MD01_016K_M04_multi_20180824_030000Z.aif,FALSE,,audio/aiff,16000,16,23.5,,,,,
86896MD01_016K_M04_multi_20180824_040000Z.aif,2018_UnivMD_Maryland_86896_Dep01_20180711,schedule,2018-08-24T04:00:00Z,\\Repnas\w\projects\2018_UnivMD_Maryland_86896\86896_MD01_20180711\86896_MD01_AIFF\86896MD01_016K_M04_multi_20180824\86896MD01_016K_M04_multi_20180824_040000Z.aif,FALSE,,audio/aiff,16000,16,23.5,,,,,
86896MD01_016K_M04_multi_20180824_044500Z.aif,2018_UnivMD_Maryland_86896_Dep01_20180711,schedule,2018-08-24T04:45:00Z,\\Repnas\w\projects\2018_UnivMD_Maryland_86896\86896_MD01_20180711\86896_MD01_AIFF\86896MD01_016K_M04_multi_20180824\86896MD01_016K_M04_multi_20180824_044500Z.aif,FALSE,,audio/aiff,16000,16,23.5,,,,,
86896MD01_016K_M04_multi_20180824_060000Z.aif,2018_UnivMD_Maryland_86896_Dep01_20180711,schedule,2018-08-24T06:00:00Z,\\Repnas\w\projects\2018_UnivMD_Maryland_86896\86896_MD01_20180711\86896_MD01_AIFF\86896MD01_016K_M04_multi_20180824\86896MD01_016K_M04_multi_20180824_060000Z.aif,FALSE,,audio/aiff,16000,16,23.5,,,,,
86896MD01_016K_M04_multi_20180824_061500Z.aif,2018_UnivMD_Maryland_86896_Dep01_20180711,schedule,2018-08-24T06:15:00Z,\\Repnas\w\projects\2018_UnivMD_Maryland_86896\86896_MD01_20180711\86896_MD01_AIFF\86896MD01_016K_M04_multi_20180824\86896MD01_016K_M04_multi_20180824_061500Z.aif,FALSE,,audio/aiff,16000,16,23.5,,,,,
86896MD01_016K_M04_multi_20180824_063000Z.aif,2018_UnivMD_Maryland_86896_Dep01_20180711,schedule,2018-08-24T06:30:00Z,\\Repnas\w\projects\2018_UnivMD_Maryland_86896\86896_MD01_20180711\86896_MD01_AIFF\86896MD01_016K_M04_multi_20180824\86896MD01_016K_M04_multi_20180824_063000Z.aif,FALSE,,audio/aiff,16000,16,23.5,,,,,
86896MD01_016K_M04_multi_20180824_080000Z.aif,2018_UnivMD_Maryland_86896_Dep01_20180711,schedule,2018-08-24T08:00:00Z,\\Repnas\w\projects\2018_UnivMD_Maryland_86896\86896_MD01_20180711\86896_MD01_AIFF\86896MD01_016K_M04_multi_20180824\86896MD01_016K_M04_multi_20180824_080000Z.aif,FALSE,,audio/aiff,16000,16,23.5,,,,,
86896MD01_016K_M04_multi_20180824_093000Z.aif,2018_UnivMD_Maryland_86896_Dep01_20180711,schedule,2018-08-24T09:30:00Z,\\Repnas\w\projects\2018_UnivMD_Maryland_86896\86896_MD01_20180711\86896_MD01_AIFF\86896MD01_016K_M04_multi_20180824\86896MD01_016K_M04_multi_20180824_093000Z.aif,FALSE,,audio/aiff,16000,16,23.5,,,,,
86896MD01_016K_M04_multi_20180824_100000Z.aif,2018_UnivMD_Maryland_86896_Dep01_20180711,schedule,2018-08-24T10:00:00Z,\\Repnas\w\projects\2018_UnivMD_Maryland_86896\86896_MD01_20180711\86896_MD01_AIFF\86896MD01_016K_M04_multi_20180824\86896MD01_016K_M04_multi_20180824_100000Z.aif,FALSE,,audio/aiff,16000,16,23.5,,,,,
86896MD01_016K_M04_multi_20180824_101500Z.aif,2018_UnivMD_Maryland_86896_Dep01_20180711,schedule,2018-08-24T10:15:00Z,\\Repnas\w\projects\2018_UnivMD_Maryland_86896\86896_MD01_20180711\86896_MD01_AIFF\86896MD01_016K_M04_multi_20180824\86896MD01_016K_M04_multi_20180824_101500Z.aif,FALSE,,audio/aiff,16000,16,23.5,,,,,
86896MD01_016K_M04_multi_20180824_120000Z.aif,2018_UnivMD_Maryland_86896_Dep01_20180711,schedule,2018-08-24T12:00:00Z,\\Repnas\w\projects\2018_UnivMD_Maryland_86896\86896_MD01_20180711\86896_MD01_AIFF\86896MD01_016K_M04_multi_20180824\86896MD01_016K_M04_multi_20180824_120000Z.aif,FALSE,,audio/aiff,16000,16,23.5,,,,,
86896MD01_016K_M04_multi_20180824_131500Z.aif,2018_UnivMD_Maryland_86896_Dep01_20180711,schedule,2018-08-24T13:15:00Z,\\Repnas\w\projects\2018_UnivMD_Maryland_86896\86896_MD01_20180711\86896_MD01_AIFF\86896MD01_016K_M04_multi_20180824\86896MD01_016K_M04_multi_20180824_131500Z.aif,FALSE,,audio/aiff,16000,16,23.5,,,,,
86896MD01_016K_M04_multi_20180824_133000Z.aif,2018_UnivMD_Maryland_86896_Dep01_20180711,schedule,2018-08-24T13:30:00Z,\\Repnas\w\projects\2018_UnivMD_Maryland_86896\86896_MD01_20180711\86896_MD01_AIFF\86896MD01_016K_M04_multi_20180824\86896MD01_016K_M04_multi_20180824_133000Z.aif,FALSE,,audio/aiff,16000,16,23.5,,,,,
86896MD01_016K_M04_multi_20180824_140000Z.aif,2018_UnivMD_Maryland_86896_Dep01_20180711,schedule,2018-08-24T14:00:00Z,\\Repnas\w\projects\2018_UnivMD_Maryland_86896\86896_MD01_20180711\86896_MD01_AIFF\86896MD01_016K_M04_multi_20180824\86896MD01_016K_M04_multi_20180824_140000Z.aif,FALSE,,audio/aiff,16000,16,23.5,,,,,
86896MD01_016K_M04_multi_20180824_141500Z.aif,2018_UnivMD_Maryland_86896_Dep01_20180711,schedule,2018-08-24T14:15:00Z,\\Repnas\w\projects\2018_UnivMD_Maryland_86896\86896_MD01_20180711\86896_MD01_AIFF\86896MD01_016K_M04_multi_20180824\86896MD01_016K_M04_multi_20180824_141500Z.aif,FALSE,,audio/aiff,16000,16,23.5,,,,,
86896MD01_016K_M04_multi_20180824_143000Z.aif,2018_UnivMD_Maryland_86896_Dep01_20180711,schedule,2018-08-24T14:30:00Z,\\Repnas\w\projects\2018_UnivMD_Maryland_86896\86896_MD01_20180711\86896_MD01_AIFF\86896MD01_016K_M04_multi_20180824\86896MD01_016K_M04_multi_20180824_143000Z.aif,FALSE,,audio/aiff,16000,16,23.5,,,,,
86896MD01_016K_M04_multi_20180824_194500Z.aif,2018_UnivMD_Maryland_86896_Dep01_20180711,schedule,2018-08-24T19:45:00Z,\\Repnas\w\projects\2018_UnivMD_Maryland_86896\86896_MD01_20180711\86896_MD01_AIFF\86896MD01_016K_M04_multi_20180824\86896MD01_016K_M04_multi_20180824_194500Z.aif,FALSE,,audio/aiff,16000,16,23.5,,,,,
86896MD01_016K_M04_multi_20180824_201500Z.aif,2018_UnivMD_Maryland_86896_Dep01_20180711,schedule,2018-08-24T20:15:00Z,\\Repnas\w\projects\2018_UnivMD_Maryland_86896\86896_MD01_20180711\86896_MD01_AIFF\86896MD01_016K_M04_multi_20180824\86896MD01_016K_M04_multi_20180824_201500Z.aif,FALSE,,audio/aiff,16000,16,23.5,,,,,
86896MD01_016K_M04_multi_20180824_203000Z.aif,2018_UnivMD_Maryland_86896_Dep01_20180711,schedule,2018-08-24T20:30:00Z,\\Repnas\w\projects\2018_UnivMD_Maryland_86896\86896_MD01_20180711\86896_MD01_AIFF\86896MD01_016K_M04_multi_20180824\86896MD01_016K_M04_multi_20180824_203000Z.aif,FALSE,,audio/aiff,16000,16,23.5,,,,,
86896MD01_016K_M04_multi_20180824_213000Z.aif,2018_UnivMD_Maryland_86896_Dep01_20180711,schedule,2018-08-24T21:30:00Z,\\Repnas\w\projects\2018_UnivMD_Maryland_86896\86896_MD01_20180711\86896_MD01_AIFF\86896MD01_016K_M04_multi_20180824\86896MD01_016K_M04_multi_20180824_213000Z.aif,FALSE,,audio/aiff,16000,16,23.5,,,,,
86896MD01_016K_M04_multi_20180824_221500Z.aif,2018_UnivMD_Maryland_86896_Dep01_20180711,schedule,2018-08-24T22:15:00Z,\\Repnas\w\projects\2018_UnivMD_Maryland_86896\86896_MD01_20180711\86896_MD01_AIFF\86896MD01_016K_M04_multi_20180824\86896MD01_016K_M04_multi_20180824_221500Z.aif,FALSE,,audio/aiff,16000,16,23.5,,,,,
86896MD01_016K_M04_multi_20180824_231500Z.aif,2018_UnivMD_Maryland_86896_Dep01_20180711,schedule,2018-08-24T23:15:00Z,\\Repnas\w\projects\2018_UnivMD_Maryland_86896\86896_MD01_20180711\86896_MD01_AIFF\86896MD01_016K_M04_multi_20180824\86896MD01_016K_M04_multi_20180824_231500Z.aif,FALSE,,audio/aiff,16000,16,23.5,,,,,
86896MD01_016K_M04_multi_20180824_234500Z.aif,2018_UnivMD_Maryland_86896_Dep01_20180711,schedule,2018-08-24T23:45:00Z,\\Repnas\w\projects\2018_UnivMD_Maryland_86896\86896_MD01_20180711\86896_MD01_AIFF\86896MD01_016K_M04_multi_20180824\86896MD01_016K_M04_multi_20180824_234500Z.aif,FALSE,,audio/aiff,16000,16,23.5,,,,,
86896MD01_016K_M04_multi_20180825_000000Z.aif,2018_UnivMD_Maryland_86896_Dep01_20180711,schedule,2018-08-25T00:00:00Z,\\Repnas\w\projects\2018_UnivMD_Maryland_86896\86896_MD01_20180711\86896_MD01_AIFF\86896MD01_016K_M04_multi_20180825\86896MD01_016K_M04_multi_20180825_000000Z.aif,FALSE,,audio/aiff,16000,16,23.5,,,,,
86896MD01_016K_M04_multi_20180825_004500Z.aif,2018_UnivMD_Maryland_86896_Dep01_20180711,schedule,2018-08-25T00:45:00Z,\\Repnas\w\projects\2018_UnivMD_Maryland_86896\86896_MD01_20180711\86896_MD01_AIFF\86896MD01_016K_M04_multi_20180825\86896MD01_016K_M04_multi_20180825_004500Z.aif,FALSE,,audio/aiff,16000,16,23.5,,,,,
86896MD01_016K_M04_multi_20180825_014500Z.aif,2018_UnivMD_Maryland_86896_Dep01_20180711,schedule,2018-08-25T01:45:00Z,\\Repnas\w\projects\2018_UnivMD_Maryland_86896\86896_MD01_20180711\86896_MD01_AIFF\86896MD01_016K_M04_multi_20180825\86896MD01_016K_M04_multi_20180825_014500Z.aif,FALSE,,audio/aiff,16000,16,23.5,,,,,
86896MD01_016K_M04_multi_20180825_020000Z.aif,2018_UnivMD_Maryland_86896_Dep01_20180711,schedule,2018-08-25T02:00:00Z,\\Repnas\w\projects\2018_UnivMD_Maryland_86896\86896_MD01_20180711\86896_MD01_AIFF\86896MD01_016K_M04_multi_20180825\86896MD01_016K_M04_multi_20180825_020000Z.aif,FALSE,,audio/aiff,16000,16,23.5,,,,,
86896MD01_016K_M04_multi_20180825_021500Z.aif,2018_UnivMD_Maryland_86896_Dep01_20180711,schedule,2018-08-25T02:15:00Z,\\Repnas\w\projects\2018_UnivMD_Maryland_86896\86896_MD01_20180711\86896_MD01_AIFF\86896MD01_016K_M04_multi_20180825\86896MD01_016K_M04_multi_20180825_021500Z.aif,FALSE,,audio/aiff,16000,16,23.5,,,,,
86896MD01_016K_M04_multi_20180825_030000Z.aif,2018_UnivMD_Maryland_86896_Dep01_20180711,schedule,2018-08-25T03:00:00Z,\\Repnas\w\projects\2018_UnivMD_Maryland_86896\86896_MD01_20180711\86896_MD01_AIFF\86896MD01_016K_M04_multi_20180825\86896MD01_016K_M04_multi_20180825_030000Z.aif,FALSE,,audio/aiff,16000,16,23.5,,,,,
86896MD01_016K_M04_multi_20180825_054500Z.aif,2018_UnivMD_Maryland_86896_Dep01_20180711,schedule,2018-08-25T05:45:00Z,\\Repnas\w\projects\2018_UnivMD_Maryland_86896\86896_MD01_20180711\86896_MD01_AIFF\86896MD01_016K_M04_multi_20180825\86896MD01_016K_M04_multi_20180825_054500Z.aif,FALSE,,audio/aiff,16000,16,23.5,,,,,
86896MD01_016K_M04_multi_20180825_070000Z.aif,2018_UnivMD_Maryland_86896_Dep01_20180711,schedule,2018-08-25T07:00:00Z,\\Repnas\w\projects\2018_UnivMD_Maryland_86896\86896_MD01_20180711\86896_MD01_AIFF\86896MD01_016K_M04_multi_20180825\86896MD01_016K_M04_multi_20180825_070000Z.aif,FALSE,,audio/aiff,16000,16,23.5,,,,,
86896MD01_016K_M04_multi_20180825_074500Z.aif,2018_UnivMD_Maryland_86896_Dep01_20180711,schedule,2018-08-25T07:45:00Z,\\Repnas\w\projects\2018_UnivMD_Maryland_86896\86896_MD01_20180711\86896_MD01_AIFF\86896MD01_016K_M04_multi_20180825\86896MD01_016K_M04_multi_20180825_074500Z.aif,FALSE,,audio/aiff,16000,16,23.5,,,,,
86896MD01_016K_M04_multi_20180825_080000Z.aif,2018_UnivMD_Maryland_86896_Dep01_20180711,schedule,2018-08-25T08:00:00Z,\\Repnas\w\projects\2018_UnivMD_Maryland_86896\86896_MD01_20180711\86896_MD01_AIFF\86896MD01_016K_M04_multi_20180825\86896MD01_016K_M04_multi_20180825_080000Z.aif,FALSE,,audio/aiff,16000,16,23.5,,,,,
86896MD01_016K_M04_multi_20180825_091500Z.aif,2018_UnivMD_Maryland_86896_Dep01_20180711,schedule,2018-08-25T09:15:00Z,\\Repnas\w\projects\2018_UnivMD_Maryland_86896\86896_MD01_20180711\86896_MD01_AIFF\86896MD01_016K_M04_multi_20180825\86896MD01_016K_M04_multi_20180825_091500Z.aif,FALSE,,audio/aiff,16000,16,23.5,,,,,
86896MD01_016K_M04_multi_20180825_113000Z.aif,2018_UnivMD_Maryland_86896_Dep01_20180711,schedule,2018-08-25T11:30:00Z,\\Repnas\w\projects\2018_UnivMD_Maryland_86896\86896_MD01_20180711\86896_MD01_AIFF\86896MD01_016K_M04_multi_20180825\86896MD01_016K_M04_multi_20180825_113000Z.aif,FALSE,,audio/aiff,16000,16,23.5,,,,,
86896MD01_016K_M04_multi_20180825_123000Z.aif,2018_UnivMD_Maryland_86896_Dep01_20180711,schedule,2018-08-25T12:30:00Z,\\Repnas\w\projects\2018_UnivMD_Maryland_86896\86896_MD01_20180711\86896_MD01_AIFF\86896MD01_016K_M04_multi_20180825\86896MD01_016K_M04_multi_20180825_123000Z.aif,FALSE,,audio/aiff,16000,16,23.5,,,,,
86896MD01_016K_M04_multi_20180825_130000Z.aif,2018_UnivMD_Maryland_86896_Dep01_20180711,schedule,2018-08-25T13:00:00Z,\\Repnas\w\projects\2018_UnivMD_Maryland_86896\86896_MD01_20180711\86896_MD01_AIFF\86896MD01_016K_M04_multi_20180825\86896MD01_016K_M04_multi_20180825_130000Z.aif,FALSE,,audio/aiff,16000,16,23.5,,,,,
86896MD01_016K_M04_multi_20180825_133000Z.aif,2018_UnivMD_Maryland_86896_Dep01_20180711,schedule,2018-08-25T13:30:00Z,\\Repnas\w\projects\2018_UnivMD_Maryland_86896\86896_MD01_20180711\86896_MD01_AIFF\86896MD01_016K_M04_multi_20180825\86896MD01_016K_M04_multi_20180825_133000Z.aif,FALSE,,audio/aiff,16000,16,23.5,,,,,
86896MD01_016K_M04_multi_20180825_144500Z.aif,2018_UnivMD_Maryland_86896_Dep01_20180711,schedule,2018-08-25T14:45:00Z,\\Repnas\w\projects\2018_UnivMD_Maryland_86896\86896_MD01_20180711\86896_MD01_AIFF\86896MD01_016K_M04_multi_20180825\86896MD01_016K_M04_multi_20180825_144500Z.aif,FALSE,,audio/aiff,16000,16,23.5,,,,,
86896MD01_016K_M04_multi_20180825_154500Z.aif,2018_UnivMD_Maryland_86896_Dep01_20180711,schedule,2018-08-25T15:45:00Z,\\Repnas\w\projects\2018_UnivMD_Maryland_86896\86896_MD01_20180711\86896_MD01_AIFF\86896MD01_016K_M04_multi_20180825\86896MD01_016K_M04_multi_20180825_154500Z.aif,FALSE,,audio/aiff,16000,16,23.5,,,,,
86896MD01_016K_M04_multi_20180825_164500Z.aif,2018_UnivMD_Maryland_86896_Dep01_20180711,schedule,2018-08-25T16:45:00Z,\\Repnas\w\projects\2018_UnivMD_Maryland_86896\86896_MD01_20180711\86896_MD01_AIFF\86896MD01_016K_M04_multi_20180825\86896MD01_016K_M04_multi_20180825_164500Z.aif,FALSE,,audio/aiff,16000,16,23.5,,,,,
86896MD01_016K_M04_multi_20180826_001500Z.aif,2018_UnivMD_Maryland_86896_Dep01_20180711,schedule,2018-08-26T00:15:00Z,\\Repnas\w\projects\2018_UnivMD_Maryland_86896\86896_MD01_20180711\86896_MD01_AIFF\86896MD01_016K_M04_multi_20180826\86896MD01_016K_M04_multi_20180826_001500Z.aif,FALSE,,audio/aiff,16000,16,23.5,,,,,
86896MD01_016K_M04_multi_20180826_014500Z.aif,2018_UnivMD_Maryland_86896_Dep01_20180711,schedule,2018-08-26T01:45:00Z,\\Repnas\w\projects\2018_UnivMD_Maryland_86896\86896_MD01_20180711\86896_MD01_AIFF\86896MD01_016K_M04_multi_20180826\86896MD01_016K_M04_multi_20180826_014500Z.aif,FALSE,,audio/aiff,16000,16,23.5,,,,,
86896MD01_016K_M04_multi_20180826_060000Z.aif,2018_UnivMD_Maryland_86896_Dep01_20180711,schedule,2018-08-26T06:00:00Z,\\Repnas\w\projects\2018_UnivMD_Maryland_86896\86896_MD01_20180711\86896_MD01_AIFF\86896MD01_016K_M04_multi_20180826\86896MD01_016K_M04_multi_20180826_060000Z.aif,FALSE,,audio/aiff,16000,16,23.5,,,,,
86896MD01_016K_M04_multi_20180826_061500Z.aif,2018_UnivMD_Maryland_86896_Dep01_20180711,schedule,2018-08-26T06:15:00Z,\\Repnas\w\projects\2018_UnivMD_Maryland_86896\86896_MD01_20180711\86896_MD01_AIFF\86896MD01_016K_M04_multi_20180826\86896MD01_016K_M04_multi_20180826_061500Z.aif,FALSE,,audio/aiff,16000,16,23.5,,,,,
86896MD01_016K_M04_multi_20180826_070000Z.aif,2018_UnivMD_Maryland_86896_Dep01_20180711,schedule,2018-08-26T07:00:00Z,\\Repnas\w\projects\2018_UnivMD_Maryland_86896\86896_MD01_20180711\86896_MD01_AIFF\86896MD01_016K_M04_multi_20180826\86896MD01_016K_M04_multi_20180826_070000Z.aif,FALSE,,audio/aiff,16000,16,23.5,,,,,
86896MD01_016K_M04_multi_20180826_071500Z.aif,2018_UnivMD_Maryland_86896_Dep01_20180711,schedule,2018-08-26T07:15:00Z,\\Repnas\w\projects\2018_UnivMD_Maryland_86896\86896_MD01_20180711\86896_MD01_AIFF\86896MD01_016K_M04_multi_20180826\86896MD01_016K_M04_multi_20180826_071500Z.aif,FALSE,,audio/aiff,16000,16,23.5,,,,,
86896MD01_016K_M04_multi_20180826_083000Z.aif,2018_UnivMD_Maryland_86896_Dep01_20180711,schedule,2018-08-26T08:30:00Z,\\Repnas\w\projects\2018_UnivMD_Maryland_86896\86896_MD01_20180711\86896_MD01_AIFF\86896MD01_016K_M04_multi_20180826\86896MD01_016K_M04_multi_20180826_083000Z.aif,FALSE,,audio/aiff,16000,16,23.5,,,,,
86896MD01_016K_M04_multi_20180826_084500Z.aif,2018_UnivMD_Maryland_86896_Dep01_20180711,schedule,2018-08-26T08:45:00Z,\\Repnas\w\projects\2018_UnivMD_Maryland_86896\86896_MD01_20180711\86896_MD01_AIFF\86896MD01_016K_M04_multi_20180826\86896MD01_016K_M04_multi_20180826_084500Z.aif,FALSE,,audio/aiff,16000,16,23.5,,,,,
86896MD01_016K_M04_multi_20180826_110000Z.aif,2018_UnivMD_Maryland_86896_Dep01_20180711,schedule,2018-08-26T11:00:00Z,\\Repnas\w\projects\2018_UnivMD_Maryland_86896\86896_MD01_20180711\86896_MD01_AIFF\86896MD01_016K_M04_multi_20180826\86896MD01_016K_M04_multi_20180826_110000Z.aif,FALSE,,audio/aiff,16000,16,23.5,,,,,
86896MD01_016K_M04_multi_20180826_131500Z.aif,2018_UnivMD_Maryland_86896_Dep01_20180711,schedule,2018-08-26T13:15:00Z,\\Repnas\w\projects\2018_UnivMD_Maryland_86896\86896_MD01_20180711\86896_MD01_AIFF\86896MD01_016K_M04_multi_20180826\86896MD01_016K_M04_multi_20180826_131500Z.aif,FALSE,,audio/aiff,16000,16,23.5,,,,,
86896MD01_016K_M04_multi_20180826_140000Z.aif,2018_UnivMD_Maryland_86896_Dep01_20180711,schedule,2018-08-26T14:00:00Z,\\Repnas\w\projects\2018_UnivMD_Maryland_86896\86896_MD01_20180711\86896_MD01_AIFF\86896MD01_016K_M04_multi_20180826\86896MD01_016K_M04_multi_20180826_140000Z.aif,FALSE,,audio/aiff,16000,16,23.5,,,,,
86896MD01_016K_M04_multi_20180826_141500Z.aif,2018_UnivMD_Maryland_86896_Dep01_20180711,schedule,2018-08-26T14:15:00Z,\\Repnas\w\projects\2018_UnivMD_Maryland_86896\86896_MD01_20180711\86896_MD01_AIFF\86896MD01_016K_M04_multi_20180826\86896MD01_016K_M04_multi_20180826_141500Z.aif,FALSE,,audio/aiff,16000,16,23.5,,,,,
86896MD01_016K_M04_multi_20180826_144500Z.aif,2018_UnivMD_Maryland_86896_Dep01_20180711,schedule,2018-08-26T14:45:00Z,\\Repnas\w\projects\2018_UnivMD_Maryland_86896\86896_MD01_20180711\86896_MD01_AIFF\86896MD01_016K_M04_multi_20180826\86896MD01_016K_M04_multi_20180826_144500Z.aif,FALSE,,audio/aiff,16000,16,23.5,,,,,
