observationID,deploymentID,mediaID,eventID,eventStart,eventEnd,observationLevel,observationType,deviceSetupType,scientificName,count,lifeStage,sex,behavior,individualID,individualPositionRadius,individualPositionAngle,individualSpeed,bboxX,bboxY,bboxWidth,bboxHeight,freqLow,freqHigh,classificationMethod,classifiedBy,classificationTimestamp,classificationProbability,observationTags,observationComments
86896MD01_016K_M04_multi_20180711_124500Z.aif_40,2018_UnivMD_Maryland_86896_Dep01_20180711,86896MD01_016K_M04_multi_20180711_124500Z.aif,,,,interval,animal,,,,,,,,,,,,,,,,,machine,,,0.713196,1-1-f,parm file = FW2O_p25.mat
86896MD01_016K_M04_multi_20180711_131500Z.aif_108,2018_UnivMD_Maryland_86896_Dep01_20180711,86896MD01_016K_M04_multi_20180711_131500Z.aif,,,,interval,animal,,,,,,,,,,,,,,,,,machine,,,0.523647,1-1-f,parm file = FW2O_p25.mat
86896MD01_016K_M04_multi_20180711_143000Z.aif_176,2018_UnivMD_Maryland_86896_Dep01_20180711,86896MD01_016K_M04_multi_20180711_143000Z.aif,,,,interval,animal,,,,,,,,,,,,,,,,,machine,,,0.649094,1-1-f,parm file = FW2O_p25.mat
86896MD01_016K_M04_multi_20180711_170000Z.aif_486,2018_UnivMD_Maryland_86896_Dep01_20180711,86896MD01_016K_M04_multi_20180711_170000Z.aif,,,,interval,animal,,,,,,,,,,,,,,,,,machine,,,0.823421,1-2-f,parm file = FW2O_p25.mat
86896MD01_016K_M04_multi_20180711_193000Z.aif_613,2018_UnivMD_Maryland_86896_Dep01_20180711,86896MD01_016K_M04_multi_20180711_193000Z.aif,,,,interval,animal,,,,,,,,,,,,,,,,,machine,,,0.640516,1-2-f,parm file = FW2O_p25.mat
86896MD01_016K_M04_multi_20180712_001500Z.aif_805,2018_UnivMD_Maryland_86896_Dep01_20180711,86896MD01_016K_M04_multi_20180712_001500Z.aif,,,,interval,animal,,,,,,,,,,,,,,,,,machine,,,0.622156,1-2-f,parm file = FW2O_p25.mat
86896MD01_016K_M04_multi_20180712_091500Z.aif_1000,2018_UnivMD_Maryland_86896_Dep01_20180711,86896MD01_016K_M04_multi_20180712_091500Z.aif,,,,interval,animal,,,,,,,,,,,,,,,,,machine,,,0.523999,1-1-f,parm file = FW2O_p25.mat
86896MD01_016K_M04_multi_20180712_091500Z.aif_1013,2018_UnivMD_Maryland_86896_Dep01_20180711,86896MD01_016K_M04_multi_20180712_091500Z.aif,,,,interval,animal,,,,,,,,,,,,,,,,,machine,,,0.615454,1-1-f,parm file = FW2O_p25.mat
86896MD01_016K_M04_multi_20180712_091500Z.aif_1035,2018_UnivMD_Maryland_86896_Dep01_20180711,86896MD01_016K_M04_multi_20180712_091500Z.aif,,,,interval,animal,,,,,,,,,,,,,,,,,machine,,,0.587879,1-4-f,parm file = FW2O_p25.mat
86896MD01_016K_M04_multi_20180712_091500Z.aif_1052,2018_UnivMD_Maryland_86896_Dep01_20180711,86896MD01_016K_M04_multi_20180712_091500Z.aif,,,,interval,animal,,,,,,,,,,,,,,,,,machine,,,0.513603,1-1-f,parm file = FW2O_p25.mat
86896MD01_016K_M04_multi_20180712_091500Z.aif_1057,2018_UnivMD_Maryland_86896_Dep01_20180711,86896MD01_016K_M04_multi_20180712_091500Z.aif,,,,interval,animal,,,,,,,,,,,,,,,,,machine,,,0.61566,1-1-f,parm file = FW2O_p25.mat
86896MD01_016K_M04_multi_20180712_091500Z.aif_1059,2018_UnivMD_Maryland_86896_Dep01_20180711,86896MD01_016K_M04_multi_20180712_091500Z.aif,,,,interval,animal,,,,,,,,,,,,,,,,,machine,,,0.551292,1-1-f,parm file = FW2O_p25.mat
86896MD01_016K_M04_multi_20180712_091500Z.aif_926,2018_UnivMD_Maryland_86896_Dep01_20180711,86896MD01_016K_M04_multi_20180712_091500Z.aif,,,,interval,animal,,,,,,,,,,,,,,,,,machine,,,0.583167,1-4-f,parm file = FW2O_p25.mat
86896MD01_016K_M04_multi_20180712_091500Z.aif_928,2018_UnivMD_Maryland_86896_Dep01_20180711,86896MD01_016K_M04_multi_20180712_091500Z.aif,,,,interval,animal,,,,,,,,,,,,,,,,,machine,,,0.534605,1-4-f,parm file = FW2O_p25.mat
86896MD01_016K_M04_multi_20180712_091500Z.aif_998,2018_UnivMD_Maryland_86896_Dep01_20180711,86896MD01_016K_M04_multi_20180712_091500Z.aif,,,,interval,animal,,,,,,,,,,,,,,,,,machine,,,0.553704,1-1-f,parm file = FW2O_p25.mat
86896MD01_016K_M04_multi_20180712_093000Z.aif_1201,2018_UnivMD_Maryland_86896_Dep01_20180711,86896MD01_016K_M04_multi_20180712_093000Z.aif,,,,interval,animal,,,,,,,,,,,,,,,,,machine,,,0.530709,1-2-f,parm file = FW2O_p25.mat
86896MD01_016K_M04_multi_20180712_094500Z.aif_1264,2018_UnivMD_Maryland_86896_Dep01_20180711,86896MD01_016K_M04_multi_20180712_094500Z.aif,,,,interval,animal,,,,,,,,,,,,,,,,,machine,,,0.500501,1-1-f,parm file = FW2O_p25.mat
86896MD01_016K_M04_multi_20180712_100000Z.aif_1421,2018_UnivMD_Maryland_86896_Dep01_20180711,86896MD01_016K_M04_multi_20180712_100000Z.aif,,,,interval,animal,,,,,,,,,,,,,,,,,machine,,,0.516813,1-4-f,parm file = FW2O_p25.mat
86896MD01_016K_M04_multi_20180712_100000Z.aif_1518,2018_UnivMD_Maryland_86896_Dep01_20180711,86896MD01_016K_M04_multi_20180712_100000Z.aif,,,,interval,animal,,,,,,,,,,,,,,,,,machine,,,0.532028,1-4-f,parm file = FW2O_p25.mat
86896MD01_016K_M04_multi_20180712_101500Z.aif_1542,2018_UnivMD_Maryland_86896_Dep01_20180711,86896MD01_016K_M04_multi_20180712_101500Z.aif,,,,interval,animal,,,,,,,,,,,,,,,,,machine,,,0.571114,1-4-f,parm file = FW2O_p25.mat
86896MD01_016K_M04_multi_20180712_101500Z.aif_1556,2018_UnivMD_Maryland_86896_Dep01_20180711,86896MD01_016K_M04_multi_20180712_101500Z.aif,,,,interval,animal,,,,,,,,,,,,,,,,,machine,,,0.612999,1-4-f,parm file = FW2O_p25.mat
86896MD01_016K_M04_multi_20180712_103000Z.aif_1726,2018_UnivMD_Maryland_86896_Dep01_20180711,86896MD01_016K_M04_multi_20180712_103000Z.aif,,,,interval,animal,,,,,,,,,,,,,,,,,machine,,,0.508148,1-1-f,parm file = FW2O_p25.mat
86896MD01_016K_M04_multi_20180712_103000Z.aif_1825,2018_UnivMD_Maryland_86896_Dep01_20180711,86896MD01_016K_M04_multi_20180712_103000Z.aif,,,,interval,animal,,,,,,,,,,,,,,,,,machine,,,0.523378,1-4-f,parm file = FW2O_p25.mat
86896MD01_016K_M04_multi_20180712_103000Z.aif_1834,2018_UnivMD_Maryland_86896_Dep01_20180711,86896MD01_016K_M04_multi_20180712_103000Z.aif,,,,interval,animal,,,,,,,,,,,,,,,,,machine,,,0.622399,1-2-f,parm file = FW2O_p25.mat
86896MD01_016K_M04_multi_20180712_104500Z.aif_1861,2018_UnivMD_Maryland_86896_Dep01_20180711,86896MD01_016K_M04_multi_20180712_104500Z.aif,,,,interval,animal,,,,,,,,,,,,,,,,,machine,,,0.554087,1-1-f,parm file = FW2O_p25.mat
86896MD01_016K_M04_multi_20180712_104500Z.aif_1912,2018_UnivMD_Maryland_86896_Dep01_20180711,86896MD01_016K_M04_multi_20180712_104500Z.aif,,,,interval,animal,,,,,,,,,,,,,,,,,machine,,,0.552265,1-2-f,parm file = FW2O_p25.mat
86896MD01_016K_M04_multi_20180712_110000Z.aif_2061,2018_UnivMD_Maryland_86896_Dep01_20180711,86896MD01_016K_M04_multi_20180712_110000Z.aif,,,,interval,animal,,,,,,,,,,,,,,,,,machine,,,0.511323,1-4-f,parm file = FW2O_p25.mat
86896MD01_016K_M04_multi_20180712_110000Z.aif_2070,2018_UnivMD_Maryland_86896_Dep01_20180711,86896MD01_016K_M04_multi_20180712_110000Z.aif,,,,interval,animal,,,,,,,,,,,,,,,,,machine,,,0.576033,1-2-f,parm file = FW2O_p25.mat
86896MD01_016K_M04_multi_20180712_113000Z.aif_2229,2018_UnivMD_Maryland_86896_Dep01_20180711,86896MD01_016K_M04_multi_20180712_113000Z.aif,,,,interval,animal,,,,,,,,,,,,,,,,,machine,,,0.564582,1-1-f,parm file = FW2O_p25.mat
86896MD01_016K_M04_multi_20180712_113000Z.aif_2248,2018_UnivMD_Maryland_86896_Dep01_20180711,86896MD01_016K_M04_multi_20180712_113000Z.aif,,,,interval,animal,,,,,,,,,,,,,,,,,machine,,,0.516574,1-1-f,parm file = FW2O_p25.mat
86896MD01_016K_M04_multi_20180712_113000Z.aif_2301,2018_UnivMD_Maryland_86896_Dep01_20180711,86896MD01_016K_M04_multi_20180712_113000Z.aif,,,,interval,animal,,,,,,,,,,,,,,,,,machine,,,0.513875,1-2-f,parm file = FW2O_p25.mat
86896MD01_016K_M04_multi_20180712_114500Z.aif_2351,2018_UnivMD_Maryland_86896_Dep01_20180711,86896MD01_016K_M04_multi_20180712_114500Z.aif,,,,interval,animal,,,,,,,,,,,,,,,,,machine,,,0.511492,1-1-f,parm file = FW2O_p25.mat
86896MD01_016K_M04_multi_20180712_120000Z.aif_2445,2018_UnivMD_Maryland_86896_Dep01_20180711,86896MD01_016K_M04_multi_20180712_120000Z.aif,,,,interval,animal,,,,,,,,,,,,,,,,,machine,,,0.508003,1-2-f,parm file = FW2O_p25.mat
86896MD01_016K_M04_multi_20180712_120000Z.aif_2452,2018_UnivMD_Maryland_86896_Dep01_20180711,86896MD01_016K_M04_multi_20180712_120000Z.aif,,,,interval,animal,,,,,,,,,,,,,,,,,machine,,,0.52158,1-2-f,parm file = FW2O_p25.mat
86896MD01_016K_M04_multi_20180712_121500Z.aif_2592,2018_UnivMD_Maryland_86896_Dep01_20180711,86896MD01_016K_M04_multi_20180712_121500Z.aif,,,,interval,animal,,,,,,,,,,,,,,,,,machine,,,0.520818,1-1-f,parm file = FW2O_p25.mat
86896MD01_016K_M04_multi_20180712_121500Z.aif_2607,2018_UnivMD_Maryland_86896_Dep01_20180711,86896MD01_016K_M04_multi_20180712_121500Z.aif,,,,interval,animal,,,,,,,,,,,,,,,,,machine,,,0.552487,1-1-f,parm file = FW2O_p25.mat
86896MD01_016K_M04_multi_20180712_123000Z.aif_2666,2018_UnivMD_Maryland_86896_Dep01_20180711,86896MD01_016K_M04_multi_20180712_123000Z.aif,,,,interval,animal,,,,,,,,,,,,,,,,,machine,,,0.655597,1-1-f,parm file = FW2O_p25.mat
86896MD01_016K_M04_multi_20180712_123000Z.aif_2693,2018_UnivMD_Maryland_86896_Dep01_20180711,86896MD01_016K_M04_multi_20180712_123000Z.aif,,,,interval,animal,,,,,,,,,,,,,,,,,machine,,,0.524503,1-2-f,parm file = FW2O_p25.mat
86896MD01_016K_M04_multi_20180712_130000Z.aif_2887,2018_UnivMD_Maryland_86896_Dep01_20180711,86896MD01_016K_M04_multi_20180712_130000Z.aif,,,,interval,animal,,,,,,,,,,,,,,,,,machine,,,0.544305,1-1-f,parm file = FW2O_p25.mat
86896MD01_016K_M04_multi_20180712_131500Z.aif_3031,2018_UnivMD_Maryland_86896_Dep01_20180711,86896MD01_016K_M04_multi_20180712_131500Z.aif,,,,interval,animal,,,,,,,,,,,,,,,,,machine,,,0.523122,1-2-f,parm file = FW2O_p25.mat
86896MD01_016K_M04_multi_20180712_131500Z.aif_3046,2018_UnivMD_Maryland_86896_Dep01_20180711,86896MD01_016K_M04_multi_20180712_131500Z.aif,,,,interval,animal,,,,,,,,,,,,,,,,,machine,,,0.503038,1-4-f,parm file = FW2O_p25.mat
86896MD01_016K_M04_multi_20180712_131500Z.aif_3078,2018_UnivMD_Maryland_86896_Dep01_20180711,86896MD01_016K_M04_multi_20180712_131500Z.aif,,,,interval,animal,,,,,,,,,,,,,,,,,machine,,,0.51939,1-1-f,parm file = FW2O_p25.mat
86896MD01_016K_M04_multi_20180712_134500Z.aif_3196,2018_UnivMD_Maryland_86896_Dep01_20180711,86896MD01_016K_M04_multi_20180712_134500Z.aif,,,,interval,animal,,,,,,,,,,,,,,,,,machine,,,0.596697,1-1-f,parm file = FW2O_p25.mat
86896MD01_016K_M04_multi_20180712_134500Z.aif_3215,2018_UnivMD_Maryland_86896_Dep01_20180711,86896MD01_016K_M04_multi_20180712_134500Z.aif,,,,interval,animal,,,,,,,,,,,,,,,,,machine,,,0.50997,1-4-f,parm file = FW2O_p25.mat
86896MD01_016K_M04_multi_20180712_140000Z.aif_3309,2018_UnivMD_Maryland_86896_Dep01_20180711,86896MD01_016K_M04_multi_20180712_140000Z.aif,,,,interval,animal,,,,,,,,,,,,,,,,,machine,,,0.533459,1-2-f,parm file = FW2O_p25.mat
86896MD01_016K_M04_multi_20180712_141500Z.aif_3474,2018_UnivMD_Maryland_86896_Dep01_20180711,86896MD01_016K_M04_multi_20180712_141500Z.aif,,,,interval,animal,,,,,,,,,,,,,,,,,machine,,,0.510262,1-2-f,parm file = FW2O_p25.mat
86896MD01_016K_M04_multi_20180712_143000Z.aif_3521,2018_UnivMD_Maryland_86896_Dep01_20180711,86896MD01_016K_M04_multi_20180712_143000Z.aif,,,,interval,animal,,,,,,,,,,,,,,,,,machine,,,0.558475,1-1-f,parm file = FW2O_p25.mat
86896MD01_016K_M04_multi_20180712_143000Z.aif_3529,2018_UnivMD_Maryland_86896_Dep01_20180711,86896MD01_016K_M04_multi_20180712_143000Z.aif,,,,interval,animal,,,,,,,,,,,,,,,,,machine,,,0.597,1-4-f,parm file = FW2O_p25.mat
86896MD01_016K_M04_multi_20180712_153000Z.aif_3983,2018_UnivMD_Maryland_86896_Dep01_20180711,86896MD01_016K_M04_multi_20180712_153000Z.aif,,,,interval,animal,,,,,,,,,,,,,,,,,machine,,,0.549293,1-2-f,parm file = FW2O_p25.mat
86896MD01_016K_M04_multi_20180712_153000Z.aif_3990,2018_UnivMD_Maryland_86896_Dep01_20180711,86896MD01_016K_M04_multi_20180712_153000Z.aif,,,,interval,animal,,,,,,,,,,,,,,,,,machine,,,0.577616,1-1-f,parm file = FW2O_p25.mat
86896MD01_016K_M04_multi_20180712_153000Z.aif_4004,2018_UnivMD_Maryland_86896_Dep01_20180711,86896MD01_016K_M04_multi_20180712_153000Z.aif,,,,interval,animal,,,,,,,,,,,,,,,,,machine,,,0.548018,1-1-f,parm file = FW2O_p25.mat
86896MD01_016K_M04_multi_20180712_153000Z.aif_4011,2018_UnivMD_Maryland_86896_Dep01_20180711,86896MD01_016K_M04_multi_20180712_153000Z.aif,,,,interval,animal,,,,,,,,,,,,,,,,,machine,,,0.506743,1-4-f,parm file = FW2O_p25.mat
86896MD01_016K_M04_multi_20180712_154500Z.aif_4050,2018_UnivMD_Maryland_86896_Dep01_20180711,86896MD01_016K_M04_multi_20180712_154500Z.aif,,,,interval,animal,,,,,,,,,,,,,,,,,machine,,,0.598086,1-1-f,parm file = FW2O_p25.mat
86896MD01_016K_M04_multi_20180712_154500Z.aif_4148,2018_UnivMD_Maryland_86896_Dep01_20180711,86896MD01_016K_M04_multi_20180712_154500Z.aif,,,,interval,animal,,,,,,,,,,,,,,,,,machine,,,0.522786,1-1-f,parm file = FW2O_p25.mat
86896MD01_016K_M04_multi_20180712_160000Z.aif_4154,2018_UnivMD_Maryland_86896_Dep01_20180711,86896MD01_016K_M04_multi_20180712_160000Z.aif,,,,interval,animal,,,,,,,,,,,,,,,,,machine,,,0.523266,1-2-f,parm file = FW2O_p25.mat
86896MD01_016K_M04_multi_20180712_160000Z.aif_4202,2018_UnivMD_Maryland_86896_Dep01_20180711,86896MD01_016K_M04_multi_20180712_160000Z.aif,,,,interval,animal,,,,,,,,,,,,,,,,,machine,,,0.509314,1-1-f,parm file = FW2O_p25.mat
86896MD01_016K_M04_multi_20180712_161500Z.aif_4292,2018_UnivMD_Maryland_86896_Dep01_20180711,86896MD01_016K_M04_multi_20180712_161500Z.aif,,,,interval,animal,,,,,,,,,,,,,,,,,machine,,,0.524396,1-4-f,parm file = FW2O_p25.mat
86896MD01_016K_M04_multi_20180712_164500Z.aif_4491,2018_UnivMD_Maryland_86896_Dep01_20180711,86896MD01_016K_M04_multi_20180712_164500Z.aif,,,,interval,animal,,,,,,,,,,,,,,,,,machine,,,0.556193,1-1-f,parm file = FW2O_p25.mat
86896MD01_016K_M04_multi_20180712_184500Z.aif_4562,2018_UnivMD_Maryland_86896_Dep01_20180711,86896MD01_016K_M04_multi_20180712_184500Z.aif,,,,interval,animal,,,,,,,,,,,,,,,,,machine,,,0.510924,1-4-f,parm file = FW2O_p25.mat
86896MD01_016K_M04_multi_20180712_191500Z.aif_4577,2018_UnivMD_Maryland_86896_Dep01_20180711,86896MD01_016K_M04_multi_20180712_191500Z.aif,,,,interval,animal,,,,,,,,,,,,,,,,,machine,,,0.592542,1-4-f,parm file = FW2O_p25.mat
86896MD01_016K_M04_multi_20180712_191500Z.aif_4578,2018_UnivMD_Maryland_86896_Dep01_20180711,86896MD01_016K_M04_multi_20180712_191500Z.aif,,,,interval,animal,,,,,,,,,,,,,,,,,machine,,,0.52591,1-4-f,parm file = FW2O_p25.mat
86896MD01_016K_M04_multi_20180712_210000Z.aif_4717,2018_UnivMD_Maryland_86896_Dep01_20180711,86896MD01_016K_M04_multi_20180712_210000Z.aif,,,,interval,animal,,,,,,,,,,,,,,,,,machine,,,0.562227,1-4-f,parm file = FW2O_p25.mat
86896MD01_016K_M04_multi_20180713_174500Z.aif_4872,2018_UnivMD_Maryland_86896_Dep01_20180711,86896MD01_016K_M04_multi_20180713_174500Z.aif,,,,interval,animal,,,,,,,,,,,,,,,,,machine,,,0.503538,1-4-f,parm file = FW2O_p25.mat
86896MD01_016K_M04_multi_20180713_181500Z.aif_4882,2018_UnivMD_Maryland_86896_Dep01_20180711,86896MD01_016K_M04_multi_20180713_181500Z.aif,,,,interval,animal,,,,,,,,,,,,,,,,,machine,,,0.515603,1-4-f,parm file = FW2O_p25.mat
86896MD01_016K_M04_multi_20180713_210000Z.aif_4976,2018_UnivMD_Maryland_86896_Dep01_20180711,86896MD01_016K_M04_multi_20180713_210000Z.aif,,,,interval,animal,,,,,,,,,,,,,,,,,machine,,,0.643994,1-4-f,parm file = FW2O_p25.mat
86896MD01_016K_M04_multi_20180713_210000Z.aif_5030,2018_UnivMD_Maryland_86896_Dep01_20180711,86896MD01_016K_M04_multi_20180713_210000Z.aif,,,,interval,animal,,,,,,,,,,,,,,,,,machine,,,0.78183,1-4-f,parm file = FW2O_p25.mat
86896MD01_016K_M04_multi_20180713_210000Z.aif_5054,2018_UnivMD_Maryland_86896_Dep01_20180711,86896MD01_016K_M04_multi_20180713_210000Z.aif,,,,interval,animal,,,,,,,,,,,,,,,,,machine,,,0.507322,1-4-f,parm file = FW2O_p25.mat
86896MD01_016K_M04_multi_20180713_231500Z.aif_5108,2018_UnivMD_Maryland_86896_Dep01_20180711,86896MD01_016K_M04_multi_20180713_231500Z.aif,,,,interval,animal,,,,,,,,,,,,,,,,,machine,,,0.514849,1-4-f,parm file = FW2O_p25.mat
86896MD01_016K_M04_multi_20180714_110000Z.aif_5239,2018_UnivMD_Maryland_86896_Dep01_20180711,86896MD01_016K_M04_multi_20180714_110000Z.aif,,,,interval,animal,,,,,,,,,,,,,,,,,machine,,,0.576861,1-4-f,parm file = FW2O_p25.mat
86896MD01_016K_M04_multi_20180714_121500Z.aif_5258,2018_UnivMD_Maryland_86896_Dep01_20180711,86896MD01_016K_M04_multi_20180714_121500Z.aif,,,,interval,animal,,,,,,,,,,,,,,,,,machine,,,0.500236,1-2-f,parm file = FW2O_p25.mat
86896MD01_016K_M04_multi_20180714_171500Z.aif_5392,2018_UnivMD_Maryland_86896_Dep01_20180711,86896MD01_016K_M04_multi_20180714_171500Z.aif,,,,interval,animal,,,,,,,,,,,,,,,,,machine,,,0.533543,1-2-f,parm file = FW2O_p25.mat
86896MD01_016K_M04_multi_20180715_011500Z.aif_5531,2018_UnivMD_Maryland_86896_Dep01_20180711,86896MD01_016K_M04_multi_20180715_011500Z.aif,,,,interval,animal,,,,,,,,,,,,,,,,,machine,,,0.560843,1-4-f,parm file = FW2O_p25.mat
86896MD01_016K_M04_multi_20180715_011500Z.aif_5542,2018_UnivMD_Maryland_86896_Dep01_20180711,86896MD01_016K_M04_multi_20180715_011500Z.aif,,,,interval,animal,,,,,,,,,,,,,,,,,machine,,,0.547822,1-4-f,parm file = FW2O_p25.mat
86896MD01_016K_M04_multi_20180715_071500Z.aif_5622,2018_UnivMD_Maryland_86896_Dep01_20180711,86896MD01_016K_M04_multi_20180715_071500Z.aif,,,,interval,animal,,,,,,,,,,,,,,,,,machine,,,0.55051,1-4-f,parm file = FW2O_p25.mat
86896MD01_016K_M04_multi_20180715_124500Z.aif_5738,2018_UnivMD_Maryland_86896_Dep01_20180711,86896MD01_016K_M04_multi_20180715_124500Z.aif,,,,interval,animal,,,,,,,,,,,,,,,,,machine,,,0.517887,1-4-f,parm file = FW2O_p25.mat
86896MD01_016K_M04_multi_20180715_171500Z.aif_5813,2018_UnivMD_Maryland_86896_Dep01_20180711,86896MD01_016K_M04_multi_20180715_171500Z.aif,,,,interval,animal,,,,,,,,,,,,,,,,,machine,,,0.506196,1-4-f,parm file = FW2O_p25.mat
86896MD01_016K_M04_multi_20180715_171500Z.aif_5815,2018_UnivMD_Maryland_86896_Dep01_20180711,86896MD01_016K_M04_multi_20180715_171500Z.aif,,,,interval,animal,,,,,,,,,,,,,,,,,machine,,,0.521397,1-4-f,parm file = FW2O_p25.mat
86896MD01_016K_M04_multi_20180715_193000Z.aif_5936,2018_UnivMD_Maryland_86896_Dep01_20180711,86896MD01_016K_M04_multi_20180715_193000Z.aif,,,,interval,animal,,,,,,,,,,,,,,,,,machine,,,0.502914,1-4-f,parm file = FW2O_p25.mat
86896MD01_016K_M04_multi_20180715_193000Z.aif_5937,2018_UnivMD_Maryland_86896_Dep01_20180711,86896MD01_016K_M04_multi_20180715_193000Z.aif,,,,interval,animal,,,,,,,,,,,,,,,,,machine,,,0.587506,1-4-f,parm file = FW2O_p25.mat
86896MD01_016K_M04_multi_20180715_193000Z.aif_5950,2018_UnivMD_Maryland_86896_Dep01_20180711,86896MD01_016K_M04_multi_20180715_193000Z.aif,,,,interval,animal,,,,,,,,,,,,,,,,,machine,,,0.557525,1-4-f,parm file = FW2O_p25.mat
86896MD01_016K_M04_multi_20180715_194500Z.aif_5961,2018_UnivMD_Maryland_86896_Dep01_20180711,86896MD01_016K_M04_multi_20180715_194500Z.aif,,,,interval,animal,,,,,,,,,,,,,,,,,machine,,,0.563551,1-4-f,parm file = FW2O_p25.mat
86896MD01_016K_M04_multi_20180715_194500Z.aif_5971,2018_UnivMD_Maryland_86896_Dep01_20180711,86896MD01_016K_M04_multi_20180715_194500Z.aif,,,,interval,animal,,,,,,,,,,,,,,,,,machine,,,0.59408,1-4-f,parm file = FW2O_p25.mat
86896MD01_016K_M04_multi_20180719_161500Z.aif_6201,2018_UnivMD_Maryland_86896_Dep01_20180711,86896MD01_016K_M04_multi_20180719_161500Z.aif,,,,interval,animal,,,,,,,,,,,,,,,,,machine,,,0.544272,1-4-f,parm file = FW2O_p25.mat
86896MD01_016K_M04_multi_20180720_014500Z.aif_6300,2018_UnivMD_Maryland_86896_Dep01_20180711,86896MD01_016K_M04_multi_20180720_014500Z.aif,,,,interval,animal,,,,,,,,,,,,,,,,,machine,,,0.516512,1-4-f,parm file = FW2O_p25.mat
86896MD01_016K_M04_multi_20180720_020000Z.aif_6331,2018_UnivMD_Maryland_86896_Dep01_20180711,86896MD01_016K_M04_multi_20180720_020000Z.aif,,,,interval,animal,,,,,,,,,,,,,,,,,machine,,,0.524219,1-4-f,parm file = FW2O_p25.mat
86896MD01_016K_M04_multi_20180720_020000Z.aif_6362,2018_UnivMD_Maryland_86896_Dep01_20180711,86896MD01_016K_M04_multi_20180720_020000Z.aif,,,,interval,animal,,,,,,,,,,,,,,,,,machine,,,0.595807,1-4-f,parm file = FW2O_p25.mat
86896MD01_016K_M04_multi_20180720_020000Z.aif_6425,2018_UnivMD_Maryland_86896_Dep01_20180711,86896MD01_016K_M04_multi_20180720_020000Z.aif,,,,interval,animal,,,,,,,,,,,,,,,,,machine,,,0.521938,1-4-f,parm file = FW2O_p25.mat
86896MD01_016K_M04_multi_20180720_021500Z.aif_6557,2018_UnivMD_Maryland_86896_Dep01_20180711,86896MD01_016K_M04_multi_20180720_021500Z.aif,,,,interval,animal,,,,,,,,,,,,,,,,,machine,,,0.6461,1-4-f,parm file = FW2O_p25.mat
86896MD01_016K_M04_multi_20180720_021500Z.aif_6624,2018_UnivMD_Maryland_86896_Dep01_20180711,86896MD01_016K_M04_multi_20180720_021500Z.aif,,,,interval,animal,,,,,,,,,,,,,,,,,machine,,,0.572109,1-4-f,parm file = FW2O_p25.mat
86896MD01_016K_M04_multi_20180720_023000Z.aif_6757,2018_UnivMD_Maryland_86896_Dep01_20180711,86896MD01_016K_M04_multi_20180720_023000Z.aif,,,,interval,animal,,,,,,,,,,,,,,,,,machine,,,0.534492,1-4-f,parm file = FW2O_p25.mat
86896MD01_016K_M04_multi_20180720_024500Z.aif_6987,2018_UnivMD_Maryland_86896_Dep01_20180711,86896MD01_016K_M04_multi_20180720_024500Z.aif,,,,interval,animal,,,,,,,,,,,,,,,,,machine,,,0.528249,1-4-f,parm file = FW2O_p25.mat
86896MD01_016K_M04_multi_20180720_030000Z.aif_7172,2018_UnivMD_Maryland_86896_Dep01_20180711,86896MD01_016K_M04_multi_20180720_030000Z.aif,,,,interval,animal,,,,,,,,,,,,,,,,,machine,,,0.624024,1-4-f,parm file = FW2O_p25.mat
86896MD01_016K_M04_multi_20180720_030000Z.aif_7329,2018_UnivMD_Maryland_86896_Dep01_20180711,86896MD01_016K_M04_multi_20180720_030000Z.aif,,,,interval,animal,,,,,,,,,,,,,,,,,machine,,,0.572267,1-4-f,parm file = FW2O_p25.mat
86896MD01_016K_M04_multi_20180720_031500Z.aif_7393,2018_UnivMD_Maryland_86896_Dep01_20180711,86896MD01_016K_M04_multi_20180720_031500Z.aif,,,,interval,animal,,,,,,,,,,,,,,,,,machine,,,0.554103,1-4-f,parm file = FW2O_p25.mat
86896MD01_016K_M04_multi_20180720_031500Z.aif_7396,2018_UnivMD_Maryland_86896_Dep01_20180711,86896MD01_016K_M04_multi_20180720_031500Z.aif,,,,interval,animal,,,,,,,,,,,,,,,,,machine,,,0.59701,1-4-f,parm file = FW2O_p25.mat
86896MD01_016K_M04_multi_20180720_031500Z.aif_7398,2018_UnivMD_Maryland_86896_Dep01_20180711,86896MD01_016K_M04_multi_20180720_031500Z.aif,,,,interval,animal,,,,,,,,,,,,,,,,,machine,,,0.578328,1-4-f,parm file = FW2O_p25.mat
86896MD01_016K_M04_multi_20180720_031500Z.aif_7466,2018_UnivMD_Maryland_86896_Dep01_20180711,86896MD01_016K_M04_multi_20180720_031500Z.aif,,,,interval,animal,,,,,,,,,,,,,,,,,machine,,,0.508008,1-4-f,parm file = FW2O_p25.mat
86896MD01_016K_M04_multi_20180720_033000Z.aif_7518,2018_UnivMD_Maryland_86896_Dep01_20180711,86896MD01_016K_M04_multi_20180720_033000Z.aif,,,,interval,animal,,,,,,,,,,,,,,,,,machine,,,0.505372,1-4-f,parm file = FW2O_p25.mat
86896MD01_016K_M04_multi_20180720_033000Z.aif_7649,2018_UnivMD_Maryland_86896_Dep01_20180711,86896MD01_016K_M04_multi_20180720_033000Z.aif,,,,interval,animal,,,,,,,,,,,,,,,,,machine,,,0.500313,1-4-f,parm file = FW2O_p25.mat
86896MD01_016K_M04_multi_20180720_040000Z.aif_7806,2018_UnivMD_Maryland_86896_Dep01_20180711,86896MD01_016K_M04_multi_20180720_040000Z.aif,,,,interval,animal,,,,,,,,,,,,,,,,,machine,,,0.506278,1-4-f,parm file = FW2O_p25.mat
86896MD01_016K_M04_multi_20180720_040000Z.aif_7843,2018_UnivMD_Maryland_86896_Dep01_20180711,86896MD01_016K_M04_multi_20180720_040000Z.aif,,,,interval,animal,,,,,,,,,,,,,,,,,machine,,,0.647037,1-4-f,parm file = FW2O_p25.mat
86896MD01_016K_M04_multi_20180720_040000Z.aif_7886,2018_UnivMD_Maryland_86896_Dep01_20180711,86896MD01_016K_M04_multi_20180720_040000Z.aif,,,,interval,animal,,,,,,,,,,,,,,,,,machine,,,0.579741,1-4-f,parm file = FW2O_p25.mat
86896MD01_016K_M04_multi_20180720_040000Z.aif_7926,2018_UnivMD_Maryland_86896_Dep01_20180711,86896MD01_016K_M04_multi_20180720_040000Z.aif,,,,interval,animal,,,,,,,,,,,,,,,,,machine,,,0.527541,1-4-f,parm file = FW2O_p25.mat
86896MD01_016K_M04_multi_20180720_041500Z.aif_7995,2018_UnivMD_Maryland_86896_Dep01_20180711,86896MD01_016K_M04_multi_20180720_041500Z.aif,,,,interval,animal,,,,,,,,,,,,,,,,,machine,,,0.515333,1-4-f,parm file = FW2O_p25.mat
86896MD01_016K_M04_multi_20180720_044500Z.aif_8049,2018_UnivMD_Maryland_86896_Dep01_20180711,86896MD01_016K_M04_multi_20180720_044500Z.aif,,,,interval,animal,,,,,,,,,,,,,,,,,machine,,,0.538818,1-4-f,parm file = FW2O_p25.mat
86896MD01_016K_M04_multi_20180720_130000Z.aif_8124,2018_UnivMD_Maryland_86896_Dep01_20180711,86896MD01_016K_M04_multi_20180720_130000Z.aif,,,,interval,animal,,,,,,,,,,,,,,,,,machine,,,0.599503,1-4-f,parm file = FW2O_p25.mat
86896MD01_016K_M04_multi_20180720_173000Z.aif_8187,2018_UnivMD_Maryland_86896_Dep01_20180711,86896MD01_016K_M04_multi_20180720_173000Z.aif,,,,interval,animal,,,,,,,,,,,,,,,,,machine,,,0.574475,1-4-f,parm file = FW2O_p25.mat
86896MD01_016K_M04_multi_20180721_033000Z.aif_8310,2018_UnivMD_Maryland_86896_Dep01_20180711,86896MD01_016K_M04_multi_20180721_033000Z.aif,,,,interval,animal,,,,,,,,,,,,,,,,,machine,,,0.603778,1-2-f,parm file = FW2O_p25.mat
86896MD01_016K_M04_multi_20180721_153000Z.aif_8403,2018_UnivMD_Maryland_86896_Dep01_20180711,86896MD01_016K_M04_multi_20180721_153000Z.aif,,,,interval,animal,,,,,,,,,,,,,,,,,machine,,,0.575332,1-4-f,parm file = FW2O_p25.mat
86896MD01_016K_M04_multi_20180721_160000Z.aif_8417,2018_UnivMD_Maryland_86896_Dep01_20180711,86896MD01_016K_M04_multi_20180721_160000Z.aif,,,,interval,animal,,,,,,,,,,,,,,,,,machine,,,0.508299,1-4-f,parm file = FW2O_p25.mat
86896MD01_016K_M04_multi_20180722_113000Z.aif_8806,2018_UnivMD_Maryland_86896_Dep01_20180711,86896MD01_016K_M04_multi_20180722_113000Z.aif,,,,interval,animal,,,,,,,,,,,,,,,,,machine,,,0.676599,1-4-f,parm file = FW2O_p25.mat
86896MD01_016K_M04_multi_20180722_130000Z.aif_8987,2018_UnivMD_Maryland_86896_Dep01_20180711,86896MD01_016K_M04_multi_20180722_130000Z.aif,,,,interval,animal,,,,,,,,,,,,,,,,,machine,,,0.661994,1-4-f,parm file = FW2O_p25.mat
86896MD01_016K_M04_multi_20180722_134500Z.aif_9028,2018_UnivMD_Maryland_86896_Dep01_20180711,86896MD01_016K_M04_multi_20180722_134500Z.aif,,,,interval,animal,,,,,,,,,,,,,,,,,machine,,,0.533669,1-4-f,parm file = FW2O_p25.mat
86896MD01_016K_M04_multi_20180722_210000Z.aif_9174,2018_UnivMD_Maryland_86896_Dep01_20180711,86896MD01_016K_M04_multi_20180722_210000Z.aif,,,,interval,animal,,,,,,,,,,,,,,,,,machine,,,0.557882,1-4-f,parm file = FW2O_p25.mat
86896MD01_016K_M04_multi_20180722_213000Z.aif_9266,2018_UnivMD_Maryland_86896_Dep01_20180711,86896MD01_016K_M04_multi_20180722_213000Z.aif,,,,interval,animal,,,,,,,,,,,,,,,,,machine,,,0.626283,1-4-f,parm file = FW2O_p25.mat
86896MD01_016K_M04_multi_20180722_214500Z.aif_9283,2018_UnivMD_Maryland_86896_Dep01_20180711,86896MD01_016K_M04_multi_20180722_214500Z.aif,,,,interval,animal,,,,,,,,,,,,,,,,,machine,,,0.509083,1-2-f,parm file = FW2O_p25.mat
86896MD01_016K_M04_multi_20180722_220000Z.aif_9324,2018_UnivMD_Maryland_86896_Dep01_20180711,86896MD01_016K_M04_multi_20180722_220000Z.aif,,,,interval,animal,,,,,,,,,,,,,,,,,machine,,,0.617999,1-4-f,parm file = FW2O_p25.mat
86896MD01_016K_M04_multi_20180722_221500Z.aif_9358,2018_UnivMD_Maryland_86896_Dep01_20180711,86896MD01_016K_M04_multi_20180722_221500Z.aif,,,,interval,animal,,,,,,,,,,,,,,,,,machine,,,0.531882,1-4-f,parm file = FW2O_p25.mat
86896MD01_016K_M04_multi_20180723_004500Z.aif_9467,2018_UnivMD_Maryland_86896_Dep01_20180711,86896MD01_016K_M04_multi_20180723_004500Z.aif,,,,interval,animal,,,,,,,,,,,,,,,,,machine,,,0.564661,1-4-f,parm file = FW2O_p25.mat
86896MD01_016K_M04_multi_20180723_011500Z.aif_9530,2018_UnivMD_Maryland_86896_Dep01_20180711,86896MD01_016K_M04_multi_20180723_011500Z.aif,,,,interval,animal,,,,,,,,,,,,,,,,,machine,,,0.502125,1-4-f,parm file = FW2O_p25.mat
86896MD01_016K_M04_multi_20180723_014500Z.aif_9571,2018_UnivMD_Maryland_86896_Dep01_20180711,86896MD01_016K_M04_multi_20180723_014500Z.aif,,,,interval,animal,,,,,,,,,,,,,,,,,machine,,,0.501907,1-1-f,parm file = FW2O_p25.mat
86896MD01_016K_M04_multi_20180723_044500Z.aif_9777,2018_UnivMD_Maryland_86896_Dep01_20180711,86896MD01_016K_M04_multi_20180723_044500Z.aif,,,,interval,animal,,,,,,,,,,,,,,,,,machine,,,0.520059,1-4-f,parm file = FW2O_p25.mat
86896MD01_016K_M04_multi_20180723_064500Z.aif_9817,2018_UnivMD_Maryland_86896_Dep01_20180711,86896MD01_016K_M04_multi_20180723_064500Z.aif,,,,interval,animal,,,,,,,,,,,,,,,,,machine,,,0.561392,1-4-f,parm file = FW2O_p25.mat
86896MD01_016K_M04_multi_20180723_070000Z.aif_9834,2018_UnivMD_Maryland_86896_Dep01_20180711,86896MD01_016K_M04_multi_20180723_070000Z.aif,,,,interval,animal,,,,,,,,,,,,,,,,,machine,,,0.628825,1-4-f,parm file = FW2O_p25.mat
86896MD01_016K_M04_multi_20180723_070000Z.aif_9845,2018_UnivMD_Maryland_86896_Dep01_20180711,86896MD01_016K_M04_multi_20180723_070000Z.aif,,,,interval,animal,,,,,,,,,,,,,,,,,machine,,,0.522401,1-4-f,parm file = FW2O_p25.mat
86896MD01_016K_M04_multi_20180723_081500Z.aif_9885,2018_UnivMD_Maryland_86896_Dep01_20180711,86896MD01_016K_M04_multi_20180723_081500Z.aif,,,,interval,animal,,,,,,,,,,,,,,,,,machine,,,0.523202,1-4-f,parm file = FW2O_p25.mat
86896MD01_016K_M04_multi_20180723_161500Z.aif_10033,2018_UnivMD_Maryland_86896_Dep01_20180711,86896MD01_016K_M04_multi_20180723_161500Z.aif,,,,interval,animal,,,,,,,,,,,,,,,,,machine,,,0.513304,1-4-f,parm file = FW2O_p25.mat
86896MD01_016K_M04_multi_20180724_000000Z.aif_10154,2018_UnivMD_Maryland_86896_Dep01_20180711,86896MD01_016K_M04_multi_20180724_000000Z.aif,,,,interval,animal,,,,,,,,,,,,,,,,,machine,,,0.510452,1-2-f,parm file = FW2O_p25.mat
86896MD01_016K_M04_multi_20180724_004500Z.aif_10161,2018_UnivMD_Maryland_86896_Dep01_20180711,86896MD01_016K_M04_multi_20180724_004500Z.aif,,,,interval,animal,,,,,,,,,,,,,,,,,machine,,,0.55948,1-4-f,parm file = FW2O_p25.mat
86896MD01_016K_M04_multi_20180724_013000Z.aif_10174,2018_UnivMD_Maryland_86896_Dep01_20180711,86896MD01_016K_M04_multi_20180724_013000Z.aif,,,,interval,animal,,,,,,,,,,,,,,,,,machine,,,0.602226,1-4-f,parm file = FW2O_p25.mat
86896MD01_016K_M04_multi_20180724_081500Z.aif_10331,2018_UnivMD_Maryland_86896_Dep01_20180711,86896MD01_016K_M04_multi_20180724_081500Z.aif,,,,interval,animal,,,,,,,,,,,,,,,,,machine,,,0.512999,1-2-f,parm file = FW2O_p25.mat
86896MD01_016K_M04_multi_20180724_083000Z.aif_10338,2018_UnivMD_Maryland_86896_Dep01_20180711,86896MD01_016K_M04_multi_20180724_083000Z.aif,,,,interval,animal,,,,,,,,,,,,,,,,,machine,,,0.527388,1-4-f,parm file = FW2O_p25.mat
86896MD01_016K_M04_multi_20180724_114500Z.aif_10390,2018_UnivMD_Maryland_86896_Dep01_20180711,86896MD01_016K_M04_multi_20180724_114500Z.aif,,,,interval,animal,,,,,,,,,,,,,,,,,machine,,,0.509822,1-4-f,parm file = FW2O_p25.mat
86896MD01_016K_M04_multi_20180724_143000Z.aif_10473,2018_UnivMD_Maryland_86896_Dep01_20180711,86896MD01_016K_M04_multi_20180724_143000Z.aif,,,,interval,animal,,,,,,,,,,,,,,,,,machine,,,0.527614,1-4-f,parm file = FW2O_p25.mat
86896MD01_016K_M04_multi_20180724_164500Z.aif_10505,2018_UnivMD_Maryland_86896_Dep01_20180711,86896MD01_016K_M04_multi_20180724_164500Z.aif,,,,interval,animal,,,,,,,,,,,,,,,,,machine,,,0.501933,1-4-f,parm file = FW2O_p25.mat
86896MD01_016K_M04_multi_20180724_174500Z.aif_10532,2018_UnivMD_Maryland_86896_Dep01_20180711,86896MD01_016K_M04_multi_20180724_174500Z.aif,,,,interval,animal,,,,,,,,,,,,,,,,,machine,,,0.51985,1-4-f,parm file = FW2O_p25.mat
86896MD01_016K_M04_multi_20180725_034500Z.aif_10813,2018_UnivMD_Maryland_86896_Dep01_20180711,86896MD01_016K_M04_multi_20180725_034500Z.aif,,,,interval,animal,,,,,,,,,,,,,,,,,machine,,,0.551495,1-4-f,parm file = FW2O_p25.mat
86896MD01_016K_M04_multi_20180725_041500Z.aif_10835,2018_UnivMD_Maryland_86896_Dep01_20180711,86896MD01_016K_M04_multi_20180725_041500Z.aif,,,,interval,animal,,,,,,,,,,,,,,,,,machine,,,0.53598,1-4-f,parm file = FW2O_p25.mat
86896MD01_016K_M04_multi_20180725_051500Z.aif_10909,2018_UnivMD_Maryland_86896_Dep01_20180711,86896MD01_016K_M04_multi_20180725_051500Z.aif,,,,interval,animal,,,,,,,,,,,,,,,,,machine,,,0.658404,1-4-f,parm file = FW2O_p25.mat
86896MD01_016K_M04_multi_20180725_083000Z.aif_11040,2018_UnivMD_Maryland_86896_Dep01_20180711,86896MD01_016K_M04_multi_20180725_083000Z.aif,,,,interval,animal,,,,,,,,,,,,,,,,,machine,,,0.506715,1-4-f,parm file = FW2O_p25.mat
86896MD01_016K_M04_multi_20180725_140000Z.aif_11168,2018_UnivMD_Maryland_86896_Dep01_20180711,86896MD01_016K_M04_multi_20180725_140000Z.aif,,,,interval,animal,,,,,,,,,,,,,,,,,machine,,,0.649591,1-4-f,parm file = FW2O_p25.mat
86896MD01_016K_M04_multi_20180725_143000Z.aif_11221,2018_UnivMD_Maryland_86896_Dep01_20180711,86896MD01_016K_M04_multi_20180725_143000Z.aif,,,,interval,animal,,,,,,,,,,,,,,,,,machine,,,0.652997,1-4-f,parm file = FW2O_p25.mat
86896MD01_016K_M04_multi_20180725_151500Z.aif_11262,2018_UnivMD_Maryland_86896_Dep01_20180711,86896MD01_016K_M04_multi_20180725_151500Z.aif,,,,interval,animal,,,,,,,,,,,,,,,,,machine,,,0.514608,1-4-f,parm file = FW2O_p25.mat
86896MD01_016K_M04_multi_20180725_200000Z.aif_11440,2018_UnivMD_Maryland_86896_Dep01_20180711,86896MD01_016K_M04_multi_20180725_200000Z.aif,,,,interval,animal,,,,,,,,,,,,,,,,,machine,,,0.56041,1-2-f,parm file = FW2O_p25.mat
86896MD01_016K_M04_multi_20180726_063000Z.aif_11657,2018_UnivMD_Maryland_86896_Dep01_20180711,86896MD01_016K_M04_multi_20180726_063000Z.aif,,,,interval,animal,,,,,,,,,,,,,,,,,machine,,,0.602063,1-4-f,parm file = FW2O_p25.mat
86896MD01_016K_M04_multi_20180726_063000Z.aif_11667,2018_UnivMD_Maryland_86896_Dep01_20180711,86896MD01_016K_M04_multi_20180726_063000Z.aif,,,,interval,animal,,,,,,,,,,,,,,,,,machine,,,0.577892,1-4-f,parm file = FW2O_p25.mat
86896MD01_016K_M04_multi_20180726_070000Z.aif_11690,2018_UnivMD_Maryland_86896_Dep01_20180711,86896MD01_016K_M04_multi_20180726_070000Z.aif,,,,interval,animal,,,,,,,,,,,,,,,,,machine,,,0.51731799999999994,1-4-f,parm file = FW2O_p25.mat
86896MD01_016K_M04_multi_20180726_111500Z.aif_11785,2018_UnivMD_Maryland_86896_Dep01_20180711,86896MD01_016K_M04_multi_20180726_111500Z.aif,,,,interval,animal,,,,,,,,,,,,,,,,,machine,,,0.518653,1-4-f,parm file = FW2O_p25.mat
86896MD01_016K_M04_multi_20180726_184500Z.aif_11881,2018_UnivMD_Maryland_86896_Dep01_20180711,86896MD01_016K_M04_multi_20180726_184500Z.aif,,,,interval,animal,,,,,,,,,,,,,,,,,machine,,,0.576503,1-4-f,parm file = FW2O_p25.mat
86896MD01_016K_M04_multi_20180727_050000Z.aif_12098,2018_UnivMD_Maryland_86896_Dep01_20180711,86896MD01_016K_M04_multi_20180727_050000Z.aif,,,,interval,animal,,,,,,,,,,,,,,,,,machine,,,0.570982,1-4-f,parm file = FW2O_p25.mat
86896MD01_016K_M04_multi_20180727_051500Z.aif_12118,2018_UnivMD_Maryland_86896_Dep01_20180711,86896MD01_016K_M04_multi_20180727_051500Z.aif,,,,interval,animal,,,,,,,,,,,,,,,,,machine,,,0.594222,1-4-f,parm file = FW2O_p25.mat
86896MD01_016K_M04_multi_20180727_053000Z.aif_12134,2018_UnivMD_Maryland_86896_Dep01_20180711,86896MD01_016K_M04_multi_20180727_053000Z.aif,,,,interval,animal,,,,,,,,,,,,,,,,,machine,,,0.586106,1-4-f,parm file = FW2O_p25.mat
86896MD01_016K_M04_multi_20180727_173000Z.aif_12275,2018_UnivMD_Maryland_86896_Dep01_20180711,86896MD01_016K_M04_multi_20180727_173000Z.aif,,,,interval,animal,,,,,,,,,,,,,,,,,machine,,,0.51431,1-4-f,parm file = FW2O_p25.mat
86896MD01_016K_M04_multi_20180727_183000Z.aif_12357,2018_UnivMD_Maryland_86896_Dep01_20180711,86896MD01_016K_M04_multi_20180727_183000Z.aif,,,,interval,animal,,,,,,,,,,,,,,,,,machine,,,0.503275,1-4-f,parm file = FW2O_p25.mat
86896MD01_016K_M04_multi_20180727_190000Z.aif_12385,2018_UnivMD_Maryland_86896_Dep01_20180711,86896MD01_016K_M04_multi_20180727_190000Z.aif,,,,interval,animal,,,,,,,,,,,,,,,,,machine,,,0.580002,1-4-f,parm file = FW2O_p25.mat
86896MD01_016K_M04_multi_20180727_191500Z.aif_12414,2018_UnivMD_Maryland_86896_Dep01_20180711,86896MD01_016K_M04_multi_20180727_191500Z.aif,,,,interval,animal,,,,,,,,,,,,,,,,,machine,,,0.587359,1-4-f,parm file = FW2O_p25.mat
86896MD01_016K_M04_multi_20180727_223000Z.aif_12508,2018_UnivMD_Maryland_86896_Dep01_20180711,86896MD01_016K_M04_multi_20180727_223000Z.aif,,,,interval,animal,,,,,,,,,,,,,,,,,machine,,,0.554128,1-4-f,parm file = FW2O_p25.mat
86896MD01_016K_M04_multi_20180727_224500Z.aif_12574,2018_UnivMD_Maryland_86896_Dep01_20180711,86896MD01_016K_M04_multi_20180727_224500Z.aif,,,,interval,animal,,,,,,,,,,,,,,,,,machine,,,0.538341,1-4-f,parm file = FW2O_p25.mat
86896MD01_016K_M04_multi_20180728_044500Z.aif_12686,2018_UnivMD_Maryland_86896_Dep01_20180711,86896MD01_016K_M04_multi_20180728_044500Z.aif,,,,interval,animal,,,,,,,,,,,,,,,,,machine,,,0.541006,1-4-f,parm file = FW2O_p25.mat
86896MD01_016K_M04_multi_20180729_101500Z.aif_12931,2018_UnivMD_Maryland_86896_Dep01_20180711,86896MD01_016K_M04_multi_20180729_101500Z.aif,,,,interval,animal,,,,,,,,,,,,,,,,,machine,,,0.505867,1-4-f,parm file = FW2O_p25.mat
86896MD01_016K_M04_multi_20180730_211500Z.aif_13107,2018_UnivMD_Maryland_86896_Dep01_20180711,86896MD01_016K_M04_multi_20180730_211500Z.aif,,,,interval,animal,,,,,,,,,,,,,,,,,machine,,,0.529847,1-2-f,parm file = FW2O_p25.mat
86896MD01_016K_M04_multi_20180731_001500Z.aif_13146,2018_UnivMD_Maryland_86896_Dep01_20180711,86896MD01_016K_M04_multi_20180731_001500Z.aif,,,,interval,animal,,,,,,,,,,,,,,,,,machine,,,0.568349,1-4-f,parm file = FW2O_p25.mat
86896MD01_016K_M04_multi_20180731_123000Z.aif_13237,2018_UnivMD_Maryland_86896_Dep01_20180711,86896MD01_016K_M04_multi_20180731_123000Z.aif,,,,interval,animal,,,,,,,,,,,,,,,,,machine,,,0.572347,1-4-f,parm file = FW2O_p25.mat
86896MD01_016K_M04_multi_20180731_171500Z.aif_13387,2018_UnivMD_Maryland_86896_Dep01_20180711,86896MD01_016K_M04_multi_20180731_171500Z.aif,,,,interval,animal,,,,,,,,,,,,,,,,,machine,,,0.52969,1-4-f,parm file = FW2O_p25.mat
86896MD01_016K_M04_multi_20180731_173000Z.aif_13396,2018_UnivMD_Maryland_86896_Dep01_20180711,86896MD01_016K_M04_multi_20180731_173000Z.aif,,,,interval,animal,,,,,,,,,,,,,,,,,machine,,,0.546972,1-4-f,parm file = FW2O_p25.mat
86896MD01_016K_M04_multi_20180731_174500Z.aif_13427,2018_UnivMD_Maryland_86896_Dep01_20180711,86896MD01_016K_M04_multi_20180731_174500Z.aif,,,,interval,animal,,,,,,,,,,,,,,,,,machine,,,0.547779,1-4-f,parm file = FW2O_p25.mat
86896MD01_016K_M04_multi_20180731_204500Z.aif_13579,2018_UnivMD_Maryland_86896_Dep01_20180711,86896MD01_016K_M04_multi_20180731_204500Z.aif,,,,interval,animal,,,,,,,,,,,,,,,,,machine,,,0.525416,1-4-f,parm file = FW2O_p25.mat
86896MD01_016K_M04_multi_20180731_210000Z.aif_13739,2018_UnivMD_Maryland_86896_Dep01_20180711,86896MD01_016K_M04_multi_20180731_210000Z.aif,,,,interval,animal,,,,,,,,,,,,,,,,,machine,,,0.559077,1-4-f,parm file = FW2O_p25.mat
86896MD01_016K_M04_multi_20180731_211500Z.aif_13777,2018_UnivMD_Maryland_86896_Dep01_20180711,86896MD01_016K_M04_multi_20180731_211500Z.aif,,,,interval,animal,,,,,,,,,,,,,,,,,machine,,,0.601216,1-4-f,parm file = FW2O_p25.mat
86896MD01_016K_M04_multi_20180801_090000Z.aif_14115,2018_UnivMD_Maryland_86896_Dep01_20180711,86896MD01_016K_M04_multi_20180801_090000Z.aif,,,,interval,animal,,,,,,,,,,,,,,,,,machine,,,0.571739,1-2-f,parm file = FW2O_p25.mat
86896MD01_016K_M04_multi_20180801_114500Z.aif_14152,2018_UnivMD_Maryland_86896_Dep01_20180711,86896MD01_016K_M04_multi_20180801_114500Z.aif,,,,interval,animal,,,,,,,,,,,,,,,,,machine,,,0.559047,1-4-f,parm file = FW2O_p25.mat
86896MD01_016K_M04_multi_20180801_114500Z.aif_14195,2018_UnivMD_Maryland_86896_Dep01_20180711,86896MD01_016K_M04_multi_20180801_114500Z.aif,,,,interval,animal,,,,,,,,,,,,,,,,,machine,,,0.544113,1-4-f,parm file = FW2O_p25.mat
86896MD01_016K_M04_multi_20180801_120000Z.aif_14228,2018_UnivMD_Maryland_86896_Dep01_20180711,86896MD01_016K_M04_multi_20180801_120000Z.aif,,,,interval,animal,,,,,,,,,,,,,,,,,machine,,,0.550144,1-4-f,parm file = FW2O_p25.mat
86896MD01_016K_M04_multi_20180801_121500Z.aif_14246,2018_UnivMD_Maryland_86896_Dep01_20180711,86896MD01_016K_M04_multi_20180801_121500Z.aif,,,,interval,animal,,,,,,,,,,,,,,,,,machine,,,0.534639,1-4-f,parm file = FW2O_p25.mat
86896MD01_016K_M04_multi_20180801_121500Z.aif_14294,2018_UnivMD_Maryland_86896_Dep01_20180711,86896MD01_016K_M04_multi_20180801_121500Z.aif,,,,interval,animal,,,,,,,,,,,,,,,,,machine,,,0.538027,1-4-f,parm file = FW2O_p25.mat
86896MD01_016K_M04_multi_20180801_161500Z.aif_14359,2018_UnivMD_Maryland_86896_Dep01_20180711,86896MD01_016K_M04_multi_20180801_161500Z.aif,,,,interval,animal,,,,,,,,,,,,,,,,,machine,,,0.544454,1-4-f,parm file = FW2O_p25.mat
86896MD01_016K_M04_multi_20180801_191500Z.aif_14388,2018_UnivMD_Maryland_86896_Dep01_20180711,86896MD01_016K_M04_multi_20180801_191500Z.aif,,,,interval,animal,,,,,,,,,,,,,,,,,machine,,,0.52878,1-4-f,parm file = FW2O_p25.mat
86896MD01_016K_M04_multi_20180801_200000Z.aif_14402,2018_UnivMD_Maryland_86896_Dep01_20180711,86896MD01_016K_M04_multi_20180801_200000Z.aif,,,,interval,animal,,,,,,,,,,,,,,,,,machine,,,0.501335,1-4-f,parm file = FW2O_p25.mat
86896MD01_016K_M04_multi_20180801_214500Z.aif_14497,2018_UnivMD_Maryland_86896_Dep01_20180711,86896MD01_016K_M04_multi_20180801_214500Z.aif,,,,interval,animal,,,,,,,,,,,,,,,,,machine,,,0.506127,1-4-f,parm file = FW2O_p25.mat
86896MD01_016K_M04_multi_20180802_053000Z.aif_14585,2018_UnivMD_Maryland_86896_Dep01_20180711,86896MD01_016K_M04_multi_20180802_053000Z.aif,,,,interval,animal,,,,,,,,,,,,,,,,,machine,,,0.564611,1-2-f,parm file = FW2O_p25.mat
86896MD01_016K_M04_multi_20180802_143000Z.aif_14650,2018_UnivMD_Maryland_86896_Dep01_20180711,86896MD01_016K_M04_multi_20180802_143000Z.aif,,,,interval,animal,,,,,,,,,,,,,,,,,machine,,,0.538989,1-4-f,parm file = FW2O_p25.mat
86896MD01_016K_M04_multi_20180802_221500Z.aif_14678,2018_UnivMD_Maryland_86896_Dep01_20180711,86896MD01_016K_M04_multi_20180802_221500Z.aif,,,,interval,animal,,,,,,,,,,,,,,,,,machine,,,0.516449,1-2-f,parm file = FW2O_p25.mat
86896MD01_016K_M04_multi_20180803_051500Z.aif_14720,2018_UnivMD_Maryland_86896_Dep01_20180711,86896MD01_016K_M04_multi_20180803_051500Z.aif,,,,interval,animal,,,,,,,,,,,,,,,,,machine,,,0.52569,1-4-f,parm file = FW2O_p25.mat
86896MD01_016K_M04_multi_20180803_080000Z.aif_14759,2018_UnivMD_Maryland_86896_Dep01_20180711,86896MD01_016K_M04_multi_20180803_080000Z.aif,,,,interval,animal,,,,,,,,,,,,,,,,,machine,,,0.600066,1-4-f,parm file = FW2O_p25.mat
86896MD01_016K_M04_multi_20180803_080000Z.aif_14784,2018_UnivMD_Maryland_86896_Dep01_20180711,86896MD01_016K_M04_multi_20180803_080000Z.aif,,,,interval,animal,,,,,,,,,,,,,,,,,machine,,,0.508689,1-4-f,parm file = FW2O_p25.mat
86896MD01_016K_M04_multi_20180803_080000Z.aif_14802,2018_UnivMD_Maryland_86896_Dep01_20180711,86896MD01_016K_M04_multi_20180803_080000Z.aif,,,,interval,animal,,,,,,,,,,,,,,,,,machine,,,0.572297,1-4-f,parm file = FW2O_p25.mat
86896MD01_016K_M04_multi_20180803_081500Z.aif_14850,2018_UnivMD_Maryland_86896_Dep01_20180711,86896MD01_016K_M04_multi_20180803_081500Z.aif,,,,interval,animal,,,,,,,,,,,,,,,,,machine,,,0.553455,1-4-f,parm file = FW2O_p25.mat
86896MD01_016K_M04_multi_20180803_193000Z.aif_15008,2018_UnivMD_Maryland_86896_Dep01_20180711,86896MD01_016K_M04_multi_20180803_193000Z.aif,,,,interval,animal,,,,,,,,,,,,,,,,,machine,,,0.527293,1-2-f,parm file = FW2O_p25.mat
86896MD01_016K_M04_multi_20180804_200000Z.aif_15239,2018_UnivMD_Maryland_86896_Dep01_20180711,86896MD01_016K_M04_multi_20180804_200000Z.aif,,,,interval,animal,,,,,,,,,,,,,,,,,machine,,,0.586425,1-4-f,parm file = FW2O_p25.mat
86896MD01_016K_M04_multi_20180804_214500Z.aif_15284,2018_UnivMD_Maryland_86896_Dep01_20180711,86896MD01_016K_M04_multi_20180804_214500Z.aif,,,,interval,animal,,,,,,,,,,,,,,,,,machine,,,0.518147,1-2-f,parm file = FW2O_p25.mat
86896MD01_016K_M04_multi_20180805_060000Z.aif_15422,2018_UnivMD_Maryland_86896_Dep01_20180711,86896MD01_016K_M04_multi_20180805_060000Z.aif,,,,interval,animal,,,,,,,,,,,,,,,,,machine,,,0.532706,1-2-f,parm file = FW2O_p25.mat
86896MD01_016K_M04_multi_20180805_071500Z.aif_15511,2018_UnivMD_Maryland_86896_Dep01_20180711,86896MD01_016K_M04_multi_20180805_071500Z.aif,,,,interval,animal,,,,,,,,,,,,,,,,,machine,,,0.505862,1-4-f,parm file = FW2O_p25.mat
86896MD01_016K_M04_multi_20180805_143000Z.aif_15573,2018_UnivMD_Maryland_86896_Dep01_20180711,86896MD01_016K_M04_multi_20180805_143000Z.aif,,,,interval,animal,,,,,,,,,,,,,,,,,machine,,,0.510042,1-4-f,parm file = FW2O_p25.mat
86896MD01_016K_M04_multi_20180806_084500Z.aif_15667,2018_UnivMD_Maryland_86896_Dep01_20180711,86896MD01_016K_M04_multi_20180806_084500Z.aif,,,,interval,animal,,,,,,,,,,,,,,,,,machine,,,0.638742,1-4-f,parm file = FW2O_p25.mat
86896MD01_016K_M04_multi_20180806_190000Z.aif_15723,2018_UnivMD_Maryland_86896_Dep01_20180711,86896MD01_016K_M04_multi_20180806_190000Z.aif,,,,interval,animal,,,,,,,,,,,,,,,,,machine,,,0.522256,1-4-f,parm file = FW2O_p25.mat
86896MD01_016K_M04_multi_20180807_071500Z.aif_15787,2018_UnivMD_Maryland_86896_Dep01_20180711,86896MD01_016K_M04_multi_20180807_071500Z.aif,,,,interval,animal,,,,,,,,,,,,,,,,,machine,,,0.523293,1-4-f,parm file = FW2O_p25.mat
86896MD01_016K_M04_multi_20180807_073000Z.aif_15788,2018_UnivMD_Maryland_86896_Dep01_20180711,86896MD01_016K_M04_multi_20180807_073000Z.aif,,,,interval,animal,,,,,,,,,,,,,,,,,machine,,,0.533677,1-4-f,parm file = FW2O_p25.mat
86896MD01_016K_M04_multi_20180808_103000Z.aif_16035,2018_UnivMD_Maryland_86896_Dep01_20180711,86896MD01_016K_M04_multi_20180808_103000Z.aif,,,,interval,animal,,,,,,,,,,,,,,,,,machine,,,0.544245,1-4-f,parm file = FW2O_p25.mat
86896MD01_016K_M04_multi_20180808_141500Z.aif_16144,2018_UnivMD_Maryland_86896_Dep01_20180711,86896MD01_016K_M04_multi_20180808_141500Z.aif,,,,interval,animal,,,,,,,,,,,,,,,,,machine,,,0.577274,1-4-f,parm file = FW2O_p25.mat
86896MD01_016K_M04_multi_20180808_141500Z.aif_16174,2018_UnivMD_Maryland_86896_Dep01_20180711,86896MD01_016K_M04_multi_20180808_141500Z.aif,,,,interval,animal,,,,,,,,,,,,,,,,,machine,,,0.534546,1-4-f,parm file = FW2O_p25.mat
86896MD01_016K_M04_multi_20180808_224500Z.aif_16420,2018_UnivMD_Maryland_86896_Dep01_20180711,86896MD01_016K_M04_multi_20180808_224500Z.aif,,,,interval,animal,,,,,,,,,,,,,,,,,machine,,,0.610817,1-4-f,parm file = FW2O_p25.mat
86896MD01_016K_M04_multi_20180808_224500Z.aif_16435,2018_UnivMD_Maryland_86896_Dep01_20180711,86896MD01_016K_M04_multi_20180808_224500Z.aif,,,,interval,animal,,,,,,,,,,,,,,,,,machine,,,0.568194,1-4-f,parm file = FW2O_p25.mat
86896MD01_016K_M04_multi_20180808_230000Z.aif_16530,2018_UnivMD_Maryland_86896_Dep01_20180711,86896MD01_016K_M04_multi_20180808_230000Z.aif,,,,interval,animal,,,,,,,,,,,,,,,,,machine,,,0.611534,1-4-f,parm file = FW2O_p25.mat
86896MD01_016K_M04_multi_20180808_230000Z.aif_16580,2018_UnivMD_Maryland_86896_Dep01_20180711,86896MD01_016K_M04_multi_20180808_230000Z.aif,,,,interval,animal,,,,,,,,,,,,,,,,,machine,,,0.503728,1-4-f,parm file = FW2O_p25.mat
86896MD01_016K_M04_multi_20180808_231500Z.aif_16840,2018_UnivMD_Maryland_86896_Dep01_20180711,86896MD01_016K_M04_multi_20180808_231500Z.aif,,,,interval,animal,,,,,,,,,,,,,,,,,machine,,,0.55666,1-4-f,parm file = FW2O_p25.mat
86896MD01_016K_M04_multi_20180808_233000Z.aif_16887,2018_UnivMD_Maryland_86896_Dep01_20180711,86896MD01_016K_M04_multi_20180808_233000Z.aif,,,,interval,animal,,,,,,,,,,,,,,,,,machine,,,0.735285,1-4-f,parm file = FW2O_p25.mat
86896MD01_016K_M04_multi_20180808_233000Z.aif_16899,2018_UnivMD_Maryland_86896_Dep01_20180711,86896MD01_016K_M04_multi_20180808_233000Z.aif,,,,interval,animal,,,,,,,,,,,,,,,,,machine,,,0.627593,1-4-f,parm file = FW2O_p25.mat
86896MD01_016K_M04_multi_20180808_233000Z.aif_17076,2018_UnivMD_Maryland_86896_Dep01_20180711,86896MD01_016K_M04_multi_20180808_233000Z.aif,,,,interval,animal,,,,,,,,,,,,,,,,,machine,,,0.625908,1-4-f,parm file = FW2O_p25.mat
86896MD01_016K_M04_multi_20180808_234500Z.aif_17139,2018_UnivMD_Maryland_86896_Dep01_20180711,86896MD01_016K_M04_multi_20180808_234500Z.aif,,,,interval,animal,,,,,,,,,,,,,,,,,machine,,,0.622386,1-4-f,parm file = FW2O_p25.mat
86896MD01_016K_M04_multi_20180809_000000Z.aif_17244,2018_UnivMD_Maryland_86896_Dep01_20180711,86896MD01_016K_M04_multi_20180809_000000Z.aif,,,,interval,animal,,,,,,,,,,,,,,,,,machine,,,0.518265,1-4-f,parm file = FW2O_p25.mat
86896MD01_016K_M04_multi_20180809_000000Z.aif_17263,2018_UnivMD_Maryland_86896_Dep01_20180711,86896MD01_016K_M04_multi_20180809_000000Z.aif,,,,interval,animal,,,,,,,,,,,,,,,,,machine,,,0.541395,1-4-f,parm file = FW2O_p25.mat
86896MD01_016K_M04_multi_20180809_000000Z.aif_17293,2018_UnivMD_Maryland_86896_Dep01_20180711,86896MD01_016K_M04_multi_20180809_000000Z.aif,,,,interval,animal,,,,,,,,,,,,,,,,,machine,,,0.511997,1-4-f,parm file = FW2O_p25.mat
86896MD01_016K_M04_multi_20180809_001500Z.aif_17315,2018_UnivMD_Maryland_86896_Dep01_20180711,86896MD01_016K_M04_multi_20180809_001500Z.aif,,,,interval,animal,,,,,,,,,,,,,,,,,machine,,,0.524282,1-4-f,parm file = FW2O_p25.mat
86896MD01_016K_M04_multi_20180809_104500Z.aif_17342,2018_UnivMD_Maryland_86896_Dep01_20180711,86896MD01_016K_M04_multi_20180809_104500Z.aif,,,,interval,animal,,,,,,,,,,,,,,,,,machine,,,0.505925,1-4-f,parm file = FW2O_p25.mat
86896MD01_016K_M04_multi_20180809_231500Z.aif_17451,2018_UnivMD_Maryland_86896_Dep01_20180711,86896MD01_016K_M04_multi_20180809_231500Z.aif,,,,interval,animal,,,,,,,,,,,,,,,,,machine,,,0.539678,1-4-f,parm file = FW2O_p25.mat
86896MD01_016K_M04_multi_20180810_133000Z.aif_17554,2018_UnivMD_Maryland_86896_Dep01_20180711,86896MD01_016K_M04_multi_20180810_133000Z.aif,,,,interval,animal,,,,,,,,,,,,,,,,,machine,,,0.536051,1-4-f,parm file = FW2O_p25.mat
86896MD01_016K_M04_multi_20180811_111500Z.aif_17625,2018_UnivMD_Maryland_86896_Dep01_20180711,86896MD01_016K_M04_multi_20180811_111500Z.aif,,,,interval,animal,,,,,,,,,,,,,,,,,machine,,,0.50578,1-2-f,parm file = FW2O_p25.mat
86896MD01_016K_M04_multi_20180812_110000Z.aif_17804,2018_UnivMD_Maryland_86896_Dep01_20180711,86896MD01_016K_M04_multi_20180812_110000Z.aif,,,,interval,animal,,,,,,,,,,,,,,,,,machine,,,0.506128,1-4-f,parm file = FW2O_p25.mat
86896MD01_016K_M04_multi_20180812_111500Z.aif_17839,2018_UnivMD_Maryland_86896_Dep01_20180711,86896MD01_016K_M04_multi_20180812_111500Z.aif,,,,interval,animal,,,,,,,,,,,,,,,,,machine,,,0.5083,1-4-f,parm file = FW2O_p25.mat
86896MD01_016K_M04_multi_20180812_164500Z.aif_17889,2018_UnivMD_Maryland_86896_Dep01_20180711,86896MD01_016K_M04_multi_20180812_164500Z.aif,,,,interval,animal,,,,,,,,,,,,,,,,,machine,,,0.609706,1-4-f,parm file = FW2O_p25.mat
86896MD01_016K_M04_multi_20180812_220000Z.aif_17914,2018_UnivMD_Maryland_86896_Dep01_20180711,86896MD01_016K_M04_multi_20180812_220000Z.aif,,,,interval,animal,,,,,,,,,,,,,,,,,machine,,,0.519819,1-4-f,parm file = FW2O_p25.mat
86896MD01_016K_M04_multi_20180813_160000Z.aif_18030,2018_UnivMD_Maryland_86896_Dep01_20180711,86896MD01_016K_M04_multi_20180813_160000Z.aif,,,,interval,animal,,,,,,,,,,,,,,,,,machine,,,0.503345,1-4-f,parm file = FW2O_p25.mat
86896MD01_016K_M04_multi_20180813_201500Z.aif_18041,2018_UnivMD_Maryland_86896_Dep01_20180711,86896MD01_016K_M04_multi_20180813_201500Z.aif,,,,interval,animal,,,,,,,,,,,,,,,,,machine,,,0.504,1-4-f,parm file = FW2O_p25.mat
86896MD01_016K_M04_multi_20180813_203000Z.aif_18053,2018_UnivMD_Maryland_86896_Dep01_20180711,86896MD01_016K_M04_multi_20180813_203000Z.aif,,,,interval,animal,,,,,,,,,,,,,,,,,machine,,,0.508827,1-4-f,parm file = FW2O_p25.mat
86896MD01_016K_M04_multi_20180814_031500Z.aif_18127,2018_UnivMD_Maryland_86896_Dep01_20180711,86896MD01_016K_M04_multi_20180814_031500Z.aif,,,,interval,animal,,,,,,,,,,,,,,,,,machine,,,0.552181,1-4-f,parm file = FW2O_p25.mat
86896MD01_016K_M04_multi_20180814_143000Z.aif_18314,2018_UnivMD_Maryland_86896_Dep01_20180711,86896MD01_016K_M04_multi_20180814_143000Z.aif,,,,interval,animal,,,,,,,,,,,,,,,,,machine,,,0.517898,1-2-f,parm file = FW2O_p25.mat
86896MD01_016K_M04_multi_20180814_144500Z.aif_18382,2018_UnivMD_Maryland_86896_Dep01_20180711,86896MD01_016K_M04_multi_20180814_144500Z.aif,,,,interval,animal,,,,,,,,,,,,,,,,,machine,,,0.536085,1-2-f,parm file = FW2O_p25.mat
86896MD01_016K_M04_multi_20180814_150000Z.aif_18411,2018_UnivMD_Maryland_86896_Dep01_20180711,86896MD01_016K_M04_multi_20180814_150000Z.aif,,,,interval,animal,,,,,,,,,,,,,,,,,machine,,,0.516686,1-2-f,parm file = FW2O_p25.mat
86896MD01_016K_M04_multi_20180814_171500Z.aif_18439,2018_UnivMD_Maryland_86896_Dep01_20180711,86896MD01_016K_M04_multi_20180814_171500Z.aif,,,,interval,animal,,,,,,,,,,,,,,,,,machine,,,0.529189,1-4-f,parm file = FW2O_p25.mat
86896MD01_016K_M04_multi_20180814_223000Z.aif_18503,2018_UnivMD_Maryland_86896_Dep01_20180711,86896MD01_016K_M04_multi_20180814_223000Z.aif,,,,interval,animal,,,,,,,,,,,,,,,,,machine,,,0.516334,1-4-f,parm file = FW2O_p25.mat
86896MD01_016K_M04_multi_20180815_013000Z.aif_18680,2018_UnivMD_Maryland_86896_Dep01_20180711,86896MD01_016K_M04_multi_20180815_013000Z.aif,,,,interval,animal,,,,,,,,,,,,,,,,,machine,,,0.608692,1-4-f,parm file = FW2O_p25.mat
86896MD01_016K_M04_multi_20180815_020000Z.aif_18751,2018_UnivMD_Maryland_86896_Dep01_20180711,86896MD01_016K_M04_multi_20180815_020000Z.aif,,,,interval,animal,,,,,,,,,,,,,,,,,machine,,,0.549253,1-4-f,parm file = FW2O_p25.mat
86896MD01_016K_M04_multi_20180815_020000Z.aif_18778,2018_UnivMD_Maryland_86896_Dep01_20180711,86896MD01_016K_M04_multi_20180815_020000Z.aif,,,,interval,animal,,,,,,,,,,,,,,,,,machine,,,0.742038,1-4-f,parm file = FW2O_p25.mat
86896MD01_016K_M04_multi_20180815_023000Z.aif_18894,2018_UnivMD_Maryland_86896_Dep01_20180711,86896MD01_016K_M04_multi_20180815_023000Z.aif,,,,interval,animal,,,,,,,,,,,,,,,,,machine,,,0.557692,1-4-f,parm file = FW2O_p25.mat
86896MD01_016K_M04_multi_20180815_054500Z.aif_19045,2018_UnivMD_Maryland_86896_Dep01_20180711,86896MD01_016K_M04_multi_20180815_054500Z.aif,,,,interval,animal,,,,,,,,,,,,,,,,,machine,,,0.50729900000000006,1-4-f,parm file = FW2O_p25.mat
86896MD01_016K_M04_multi_20180815_110000Z.aif_19073,2018_UnivMD_Maryland_86896_Dep01_20180711,86896MD01_016K_M04_multi_20180815_110000Z.aif,,,,interval,animal,,,,,,,,,,,,,,,,,machine,,,0.505476,1-4-f,parm file = FW2O_p25.mat
86896MD01_016K_M04_multi_20180815_190000Z.aif_19180,2018_UnivMD_Maryland_86896_Dep01_20180711,86896MD01_016K_M04_multi_20180815_190000Z.aif,,,,interval,animal,,,,,,,,,,,,,,,,,machine,,,0.588218,1-1-f,parm file = FW2O_p25.mat
86896MD01_016K_M04_multi_20180816_000000Z.aif_19274,2018_UnivMD_Maryland_86896_Dep01_20180711,86896MD01_016K_M04_multi_20180816_000000Z.aif,,,,interval,animal,,,,,,,,,,,,,,,,,machine,,,0.520109,1-2-f,parm file = FW2O_p25.mat
86896MD01_016K_M04_multi_20180816_004500Z.aif_19286,2018_UnivMD_Maryland_86896_Dep01_20180711,86896MD01_016K_M04_multi_20180816_004500Z.aif,,,,interval,animal,,,,,,,,,,,,,,,,,machine,,,0.637523,1-4-f,parm file = FW2O_p25.mat
86896MD01_016K_M04_multi_20180816_011500Z.aif_19300,2018_UnivMD_Maryland_86896_Dep01_20180711,86896MD01_016K_M04_multi_20180816_011500Z.aif,,,,interval,animal,,,,,,,,,,,,,,,,,machine,,,0.696984,1-1-f,parm file = FW2O_p25.mat
86896MD01_016K_M04_multi_20180816_033000Z.aif_19340,2018_UnivMD_Maryland_86896_Dep01_20180711,86896MD01_016K_M04_multi_20180816_033000Z.aif,,,,interval,animal,,,,,,,,,,,,,,,,,machine,,,0.539864,1-4-f,parm file = FW2O_p25.mat
86896MD01_016K_M04_multi_20180816_133000Z.aif_19577,2018_UnivMD_Maryland_86896_Dep01_20180711,86896MD01_016K_M04_multi_20180816_133000Z.aif,,,,interval,animal,,,,,,,,,,,,,,,,,machine,,,0.528451,1-4-f,parm file = FW2O_p25.mat
86896MD01_016K_M04_multi_20180816_143000Z.aif_19600,2018_UnivMD_Maryland_86896_Dep01_20180711,86896MD01_016K_M04_multi_20180816_143000Z.aif,,,,interval,animal,,,,,,,,,,,,,,,,,machine,,,0.564639,1-4-f,parm file = FW2O_p25.mat
86896MD01_016K_M04_multi_20180816_143000Z.aif_19604,2018_UnivMD_Maryland_86896_Dep01_20180711,86896MD01_016K_M04_multi_20180816_143000Z.aif,,,,interval,animal,,,,,,,,,,,,,,,,,machine,,,0.521541,1-4-f,parm file = FW2O_p25.mat
86896MD01_016K_M04_multi_20180816_144500Z.aif_19607,2018_UnivMD_Maryland_86896_Dep01_20180711,86896MD01_016K_M04_multi_20180816_144500Z.aif,,,,interval,animal,,,,,,,,,,,,,,,,,machine,,,0.510046,1-4-f,parm file = FW2O_p25.mat
86896MD01_016K_M04_multi_20180816_193000Z.aif_19744,2018_UnivMD_Maryland_86896_Dep01_20180711,86896MD01_016K_M04_multi_20180816_193000Z.aif,,,,interval,animal,,,,,,,,,,,,,,,,,machine,,,0.533059,1-4-f,parm file = FW2O_p25.mat
86896MD01_016K_M04_multi_20180816_193000Z.aif_19750,2018_UnivMD_Maryland_86896_Dep01_20180711,86896MD01_016K_M04_multi_20180816_193000Z.aif,,,,interval,animal,,,,,,,,,,,,,,,,,machine,,,0.608595,1-4-f,parm file = FW2O_p25.mat
86896MD01_016K_M04_multi_20180816_193000Z.aif_19756,2018_UnivMD_Maryland_86896_Dep01_20180711,86896MD01_016K_M04_multi_20180816_193000Z.aif,,,,interval,animal,,,,,,,,,,,,,,,,,machine,,,0.507999,1-4-f,parm file = FW2O_p25.mat
86896MD01_016K_M04_multi_20180816_194500Z.aif_19794,2018_UnivMD_Maryland_86896_Dep01_20180711,86896MD01_016K_M04_multi_20180816_194500Z.aif,,,,interval,animal,,,,,,,,,,,,,,,,,machine,,,0.50389,1-4-f,parm file = FW2O_p25.mat
86896MD01_016K_M04_multi_20180816_201500Z.aif_19830,2018_UnivMD_Maryland_86896_Dep01_20180711,86896MD01_016K_M04_multi_20180816_201500Z.aif,,,,interval,animal,,,,,,,,,,,,,,,,,machine,,,0.511381,1-4-f,parm file = FW2O_p25.mat
86896MD01_016K_M04_multi_20180817_050000Z.aif_19997,2018_UnivMD_Maryland_86896_Dep01_20180711,86896MD01_016K_M04_multi_20180817_050000Z.aif,,,,interval,animal,,,,,,,,,,,,,,,,,machine,,,0.527853,1-1-f,parm file = FW2O_p25.mat
86896MD01_016K_M04_multi_20180817_084500Z.aif_20082,2018_UnivMD_Maryland_86896_Dep01_20180711,86896MD01_016K_M04_multi_20180817_084500Z.aif,,,,interval,animal,,,,,,,,,,,,,,,,,machine,,,0.520038,1-4-f,parm file = FW2O_p25.mat
86896MD01_016K_M04_multi_20180817_121500Z.aif_20199,2018_UnivMD_Maryland_86896_Dep01_20180711,86896MD01_016K_M04_multi_20180817_121500Z.aif,,,,interval,animal,,,,,,,,,,,,,,,,,machine,,,0.542542,1-4-f,parm file = FW2O_p25.mat
86896MD01_016K_M04_multi_20180817_141500Z.aif_20287,2018_UnivMD_Maryland_86896_Dep01_20180711,86896MD01_016K_M04_multi_20180817_141500Z.aif,,,,interval,animal,,,,,,,,,,,,,,,,,machine,,,0.501078,1-1-f,parm file = FW2O_p25.mat
86896MD01_016K_M04_multi_20180817_161500Z.aif_20349,2018_UnivMD_Maryland_86896_Dep01_20180711,86896MD01_016K_M04_multi_20180817_161500Z.aif,,,,interval,animal,,,,,,,,,,,,,,,,,machine,,,0.535472,1-4-f,parm file = FW2O_p25.mat
86896MD01_016K_M04_multi_20180817_231500Z.aif_20732,2018_UnivMD_Maryland_86896_Dep01_20180711,86896MD01_016K_M04_multi_20180817_231500Z.aif,,,,interval,animal,,,,,,,,,,,,,,,,,machine,,,0.53406,1-4-f,parm file = FW2O_p25.mat
86896MD01_016K_M04_multi_20180817_231500Z.aif_20768,2018_UnivMD_Maryland_86896_Dep01_20180711,86896MD01_016K_M04_multi_20180817_231500Z.aif,,,,interval,animal,,,,,,,,,,,,,,,,,machine,,,0.576149,1-4-f,parm file = FW2O_p25.mat
86896MD01_016K_M04_multi_20180817_231500Z.aif_20770,2018_UnivMD_Maryland_86896_Dep01_20180711,86896MD01_016K_M04_multi_20180817_231500Z.aif,,,,interval,animal,,,,,,,,,,,,,,,,,machine,,,0.71207,1-4-f,parm file = FW2O_p25.mat
86896MD01_016K_M04_multi_20180818_013000Z.aif_21145,2018_UnivMD_Maryland_86896_Dep01_20180711,86896MD01_016K_M04_multi_20180818_013000Z.aif,,,,interval,animal,,,,,,,,,,,,,,,,,machine,,,0.820461,1-4-f,parm file = FW2O_p25.mat
86896MD01_016K_M04_multi_20180818_014500Z.aif_21210,2018_UnivMD_Maryland_86896_Dep01_20180711,86896MD01_016K_M04_multi_20180818_014500Z.aif,,,,interval,animal,,,,,,,,,,,,,,,,,machine,,,0.776,1-4-f,parm file = FW2O_p25.mat
86896MD01_016K_M04_multi_20180818_034500Z.aif_21721,2018_UnivMD_Maryland_86896_Dep01_20180711,86896MD01_016K_M04_multi_20180818_034500Z.aif,,,,interval,animal,,,,,,,,,,,,,,,,,machine,,,0.844877,1-4-f,parm file = FW2O_p25.mat
86896MD01_016K_M04_multi_20180818_040000Z.aif_22009,2018_UnivMD_Maryland_86896_Dep01_20180711,86896MD01_016K_M04_multi_20180818_040000Z.aif,,,,interval,animal,,,,,,,,,,,,,,,,,machine,,,0.532946,1-4-f,parm file = FW2O_p25.mat
86896MD01_016K_M04_multi_20180818_041500Z.aif_22044,2018_UnivMD_Maryland_86896_Dep01_20180711,86896MD01_016K_M04_multi_20180818_041500Z.aif,,,,interval,animal,,,,,,,,,,,,,,,,,machine,,,0.671408,1-2-f,parm file = FW2O_p25.mat
86896MD01_016K_M04_multi_20180818_060000Z.aif_22184,2018_UnivMD_Maryland_86896_Dep01_20180711,86896MD01_016K_M04_multi_20180818_060000Z.aif,,,,interval,animal,,,,,,,,,,,,,,,,,machine,,,0.566674,1-4-f,parm file = FW2O_p25.mat
86896MD01_016K_M04_multi_20180818_060000Z.aif_22229,2018_UnivMD_Maryland_86896_Dep01_20180711,86896MD01_016K_M04_multi_20180818_060000Z.aif,,,,interval,animal,,,,,,,,,,,,,,,,,machine,,,0.677173,1-1-f,parm file = FW2O_p25.mat
86896MD01_016K_M04_multi_20180818_061500Z.aif_22345,2018_UnivMD_Maryland_86896_Dep01_20180711,86896MD01_016K_M04_multi_20180818_061500Z.aif,,,,interval,animal,,,,,,,,,,,,,,,,,machine,,,0.541823,1-4-f,parm file = FW2O_p25.mat
86896MD01_016K_M04_multi_20180818_061500Z.aif_22353,2018_UnivMD_Maryland_86896_Dep01_20180711,86896MD01_016K_M04_multi_20180818_061500Z.aif,,,,interval,animal,,,,,,,,,,,,,,,,,machine,,,0.582202,1-2-f,parm file = FW2O_p25.mat
86896MD01_016K_M04_multi_20180818_074500Z.aif_22409,2018_UnivMD_Maryland_86896_Dep01_20180711,86896MD01_016K_M04_multi_20180818_074500Z.aif,,,,interval,animal,,,,,,,,,,,,,,,,,machine,,,0.597388,1-4-f,parm file = FW2O_p25.mat
86896MD01_016K_M04_multi_20180818_074500Z.aif_22417,2018_UnivMD_Maryland_86896_Dep01_20180711,86896MD01_016K_M04_multi_20180818_074500Z.aif,,,,interval,animal,,,,,,,,,,,,,,,,,machine,,,0.565225,1-4-f,parm file = FW2O_p25.mat
86896MD01_016K_M04_multi_20180818_074500Z.aif_22436,2018_UnivMD_Maryland_86896_Dep01_20180711,86896MD01_016K_M04_multi_20180818_074500Z.aif,,,,interval,animal,,,,,,,,,,,,,,,,,machine,,,0.52606,1-4-f,parm file = FW2O_p25.mat
86896MD01_016K_M04_multi_20180818_074500Z.aif_22460,2018_UnivMD_Maryland_86896_Dep01_20180711,86896MD01_016K_M04_multi_20180818_074500Z.aif,,,,interval,animal,,,,,,,,,,,,,,,,,machine,,,0.509374,1-4-f,parm file = FW2O_p25.mat
86896MD01_016K_M04_multi_20180818_083000Z.aif_22569,2018_UnivMD_Maryland_86896_Dep01_20180711,86896MD01_016K_M04_multi_20180818_083000Z.aif,,,,interval,animal,,,,,,,,,,,,,,,,,machine,,,0.600261,1-2-f,parm file = FW2O_p25.mat
86896MD01_016K_M04_multi_20180818_083000Z.aif_22603,2018_UnivMD_Maryland_86896_Dep01_20180711,86896MD01_016K_M04_multi_20180818_083000Z.aif,,,,interval,animal,,,,,,,,,,,,,,,,,machine,,,0.672391,1-4-f,parm file = FW2O_p25.mat
86896MD01_016K_M04_multi_20180818_083000Z.aif_22627,2018_UnivMD_Maryland_86896_Dep01_20180711,86896MD01_016K_M04_multi_20180818_083000Z.aif,,,,interval,animal,,,,,,,,,,,,,,,,,machine,,,0.801741,1-4-f,parm file = FW2O_p25.mat
86896MD01_016K_M04_multi_20180818_083000Z.aif_22639,2018_UnivMD_Maryland_86896_Dep01_20180711,86896MD01_016K_M04_multi_20180818_083000Z.aif,,,,interval,animal,,,,,,,,,,,,,,,,,machine,,,0.770713,1-4-f,parm file = FW2O_p25.mat
86896MD01_016K_M04_multi_20180818_093000Z.aif_22935,2018_UnivMD_Maryland_86896_Dep01_20180711,86896MD01_016K_M04_multi_20180818_093000Z.aif,,,,interval,animal,,,,,,,,,,,,,,,,,machine,,,0.884258,1-4-f,parm file = FW2O_p25.mat
86896MD01_016K_M04_multi_20180818_093000Z.aif_22986,2018_UnivMD_Maryland_86896_Dep01_20180711,86896MD01_016K_M04_multi_20180818_093000Z.aif,,,,interval,animal,,,,,,,,,,,,,,,,,machine,,,0.887237,1-4-f,parm file = FW2O_p25.mat
86896MD01_016K_M04_multi_20180818_094500Z.aif_23170,2018_UnivMD_Maryland_86896_Dep01_20180711,86896MD01_016K_M04_multi_20180818_094500Z.aif,,,,interval,animal,,,,,,,,,,,,,,,,,machine,,,0.865065,1-1-f,parm file = FW2O_p25.mat
86896MD01_016K_M04_multi_20180818_110000Z.aif_23200,2018_UnivMD_Maryland_86896_Dep01_20180711,86896MD01_016K_M04_multi_20180818_110000Z.aif,,,,interval,animal,,,,,,,,,,,,,,,,,machine,,,0.852625,1-4-f,parm file = FW2O_p25.mat
86896MD01_016K_M04_multi_20180818_113000Z.aif_23363,2018_UnivMD_Maryland_86896_Dep01_20180711,86896MD01_016K_M04_multi_20180818_113000Z.aif,,,,interval,animal,,,,,,,,,,,,,,,,,machine,,,0.782965,1-4-f,parm file = FW2O_p25.mat
86896MD01_016K_M04_multi_20180818_113000Z.aif_23459,2018_UnivMD_Maryland_86896_Dep01_20180711,86896MD01_016K_M04_multi_20180818_113000Z.aif,,,,interval,animal,,,,,,,,,,,,,,,,,machine,,,0.587444,1-4-f,parm file = FW2O_p25.mat
86896MD01_016K_M04_multi_20180818_120000Z.aif_23602,2018_UnivMD_Maryland_86896_Dep01_20180711,86896MD01_016K_M04_multi_20180818_120000Z.aif,,,,interval,animal,,,,,,,,,,,,,,,,,machine,,,0.877852,1-4-f,parm file = FW2O_p25.mat
86896MD01_016K_M04_multi_20180818_121500Z.aif_23695,2018_UnivMD_Maryland_86896_Dep01_20180711,86896MD01_016K_M04_multi_20180818_121500Z.aif,,,,interval,animal,,,,,,,,,,,,,,,,,machine,,,0.771629,1-4-f,parm file = FW2O_p25.mat
86896MD01_016K_M04_multi_20180818_124500Z.aif_23834,2018_UnivMD_Maryland_86896_Dep01_20180711,86896MD01_016K_M04_multi_20180818_124500Z.aif,,,,interval,animal,,,,,,,,,,,,,,,,,machine,,,0.870721,1-1-f,parm file = FW2O_p25.mat
86896MD01_016K_M04_multi_20180818_124500Z.aif_23908,2018_UnivMD_Maryland_86896_Dep01_20180711,86896MD01_016K_M04_multi_20180818_124500Z.aif,,,,interval,animal,,,,,,,,,,,,,,,,,machine,,,0.870366,1-1-f,parm file = FW2O_p25.mat
86896MD01_016K_M04_multi_20180818_124500Z.aif_23915,2018_UnivMD_Maryland_86896_Dep01_20180711,86896MD01_016K_M04_multi_20180818_124500Z.aif,,,,interval,animal,,,,,,,,,,,,,,,,,machine,,,0.831476,1-4-f,parm file = FW2O_p25.mat
86896MD01_016K_M04_multi_20180818_130000Z.aif_24094,2018_UnivMD_Maryland_86896_Dep01_20180711,86896MD01_016K_M04_multi_20180818_130000Z.aif,,,,interval,animal,,,,,,,,,,,,,,,,,machine,,,0.704123,1-4-f,parm file = FW2O_p25.mat
86896MD01_016K_M04_multi_20180818_130000Z.aif_24146,2018_UnivMD_Maryland_86896_Dep01_20180711,86896MD01_016K_M04_multi_20180818_130000Z.aif,,,,interval,animal,,,,,,,,,,,,,,,,,machine,,,0.563917,1-1-f,parm file = FW2O_p25.mat
86896MD01_016K_M04_multi_20180818_130000Z.aif_24147,2018_UnivMD_Maryland_86896_Dep01_20180711,86896MD01_016K_M04_multi_20180818_130000Z.aif,,,,interval,animal,,,,,,,,,,,,,,,,,machine,,,0.669677,1-2-f,parm file = FW2O_p25.mat
86896MD01_016K_M04_multi_20180818_130000Z.aif_24158,2018_UnivMD_Maryland_86896_Dep01_20180711,86896MD01_016K_M04_multi_20180818_130000Z.aif,,,,interval,animal,,,,,,,,,,,,,,,,,machine,,,0.76423,1-4-f,parm file = FW2O_p25.mat
86896MD01_016K_M04_multi_20180818_131500Z.aif_24168,2018_UnivMD_Maryland_86896_Dep01_20180711,86896MD01_016K_M04_multi_20180818_131500Z.aif,,,,interval,animal,,,,,,,,,,,,,,,,,machine,,,0.607854,1-2-f,parm file = FW2O_p25.mat
86896MD01_016K_M04_multi_20180818_131500Z.aif_24177,2018_UnivMD_Maryland_86896_Dep01_20180711,86896MD01_016K_M04_multi_20180818_131500Z.aif,,,,interval,animal,,,,,,,,,,,,,,,,,machine,,,0.737847,1-4-f,parm file = FW2O_p25.mat
86896MD01_016K_M04_multi_20180818_131500Z.aif_24209,2018_UnivMD_Maryland_86896_Dep01_20180711,86896MD01_016K_M04_multi_20180818_131500Z.aif,,,,interval,animal,,,,,,,,,,,,,,,,,machine,,,0.622449,1-4-f,parm file = FW2O_p25.mat
86896MD01_016K_M04_multi_20180818_131500Z.aif_24235,2018_UnivMD_Maryland_86896_Dep01_20180711,86896MD01_016K_M04_multi_20180818_131500Z.aif,,,,interval,animal,,,,,,,,,,,,,,,,,machine,,,0.760861,1-1-f,parm file = FW2O_p25.mat
86896MD01_016K_M04_multi_20180818_131500Z.aif_24236,2018_UnivMD_Maryland_86896_Dep01_20180711,86896MD01_016K_M04_multi_20180818_131500Z.aif,,,,interval,animal,,,,,,,,,,,,,,,,,machine,,,0.822019,1-4-f,parm file = FW2O_p25.mat
86896MD01_016K_M04_multi_20180818_131500Z.aif_24271,2018_UnivMD_Maryland_86896_Dep01_20180711,86896MD01_016K_M04_multi_20180818_131500Z.aif,,,,interval,animal,,,,,,,,,,,,,,,,,machine,,,0.798313,1-1-f,parm file = FW2O_p25.mat
86896MD01_016K_M04_multi_20180818_133000Z.aif_24377,2018_UnivMD_Maryland_86896_Dep01_20180711,86896MD01_016K_M04_multi_20180818_133000Z.aif,,,,interval,animal,,,,,,,,,,,,,,,,,machine,,,0.868149,1-1-f,parm file = FW2O_p25.mat
86896MD01_016K_M04_multi_20180818_133000Z.aif_24383,2018_UnivMD_Maryland_86896_Dep01_20180711,86896MD01_016K_M04_multi_20180818_133000Z.aif,,,,interval,animal,,,,,,,,,,,,,,,,,machine,,,0.86568,1-1-f,parm file = FW2O_p25.mat
86896MD01_016K_M04_multi_20180818_133000Z.aif_24386,2018_UnivMD_Maryland_86896_Dep01_20180711,86896MD01_016K_M04_multi_20180818_133000Z.aif,,,,interval,animal,,,,,,,,,,,,,,,,,machine,,,0.649984,1-4-f,parm file = FW2O_p25.mat
86896MD01_016K_M04_multi_20180818_133000Z.aif_24405,2018_UnivMD_Maryland_86896_Dep01_20180711,86896MD01_016K_M04_multi_20180818_133000Z.aif,,,,interval,animal,,,,,,,,,,,,,,,,,machine,,,0.776844,1-1-f,parm file = FW2O_p25.mat
86896MD01_016K_M04_multi_20180818_133000Z.aif_24428,2018_UnivMD_Maryland_86896_Dep01_20180711,86896MD01_016K_M04_multi_20180818_133000Z.aif,,,,interval,animal,,,,,,,,,,,,,,,,,machine,,,0.67495,1-1-f,parm file = FW2O_p25.mat
86896MD01_016K_M04_multi_20180818_134500Z.aif_24466,2018_UnivMD_Maryland_86896_Dep01_20180711,86896MD01_016K_M04_multi_20180818_134500Z.aif,,,,interval,animal,,,,,,,,,,,,,,,,,machine,,,0.734233,1-4-f,parm file = FW2O_p25.mat
86896MD01_016K_M04_multi_20180818_134500Z.aif_24471,2018_UnivMD_Maryland_86896_Dep01_20180711,86896MD01_016K_M04_multi_20180818_134500Z.aif,,,,interval,animal,,,,,,,,,,,,,,,,,machine,,,0.87173,1-1-f,parm file = FW2O_p25.mat
86896MD01_016K_M04_multi_20180818_143000Z.aif_24756,2018_UnivMD_Maryland_86896_Dep01_20180711,86896MD01_016K_M04_multi_20180818_143000Z.aif,,,,interval,animal,,,,,,,,,,,,,,,,,machine,,,0.806406,1-1-f,parm file = FW2O_p25.mat
86896MD01_016K_M04_multi_20180818_143000Z.aif_24796,2018_UnivMD_Maryland_86896_Dep01_20180711,86896MD01_016K_M04_multi_20180818_143000Z.aif,,,,interval,animal,,,,,,,,,,,,,,,,,machine,,,0.79448,1-1-f,parm file = FW2O_p25.mat
86896MD01_016K_M04_multi_20180818_143000Z.aif_24864,2018_UnivMD_Maryland_86896_Dep01_20180711,86896MD01_016K_M04_multi_20180818_143000Z.aif,,,,interval,animal,,,,,,,,,,,,,,,,,machine,,,0.808735,1-1-f,parm file = FW2O_p25.mat
86896MD01_016K_M04_multi_20180818_144500Z.aif_24984,2018_UnivMD_Maryland_86896_Dep01_20180711,86896MD01_016K_M04_multi_20180818_144500Z.aif,,,,interval,animal,,,,,,,,,,,,,,,,,machine,,,0.667139,1-4-f,parm file = FW2O_p25.mat
86896MD01_016K_M04_multi_20180818_144500Z.aif_25052,2018_UnivMD_Maryland_86896_Dep01_20180711,86896MD01_016K_M04_multi_20180818_144500Z.aif,,,,interval,animal,,,,,,,,,,,,,,,,,machine,,,0.527561,1-4-f,parm file = FW2O_p25.mat
86896MD01_016K_M04_multi_20180818_150000Z.aif_25111,2018_UnivMD_Maryland_86896_Dep01_20180711,86896MD01_016K_M04_multi_20180818_150000Z.aif,,,,interval,animal,,,,,,,,,,,,,,,,,machine,,,0.681221,1-1-f,parm file = FW2O_p25.mat
86896MD01_016K_M04_multi_20180818_151500Z.aif_25272,2018_UnivMD_Maryland_86896_Dep01_20180711,86896MD01_016K_M04_multi_20180818_151500Z.aif,,,,interval,animal,,,,,,,,,,,,,,,,,machine,,,0.731074,1-1-f,parm file = FW2O_p25.mat
86896MD01_016K_M04_multi_20180818_151500Z.aif_25283,2018_UnivMD_Maryland_86896_Dep01_20180711,86896MD01_016K_M04_multi_20180818_151500Z.aif,,,,interval,animal,,,,,,,,,,,,,,,,,machine,,,0.854919,1-4-f,parm file = FW2O_p25.mat
86896MD01_016K_M04_multi_20180818_151500Z.aif_25307,2018_UnivMD_Maryland_86896_Dep01_20180711,86896MD01_016K_M04_multi_20180818_151500Z.aif,,,,interval,animal,,,,,,,,,,,,,,,,,machine,,,0.511805,1-4-f,parm file = FW2O_p25.mat
86896MD01_016K_M04_multi_20180818_151500Z.aif_25382,2018_UnivMD_Maryland_86896_Dep01_20180711,86896MD01_016K_M04_multi_20180818_151500Z.aif,,,,interval,animal,,,,,,,,,,,,,,,,,machine,,,0.660103,1-4-f,parm file = FW2O_p25.mat
86896MD01_016K_M04_multi_20180818_153000Z.aif_25425,2018_UnivMD_Maryland_86896_Dep01_20180711,86896MD01_016K_M04_multi_20180818_153000Z.aif,,,,interval,animal,,,,,,,,,,,,,,,,,machine,,,0.747519,1-2-f,parm file = FW2O_p25.mat
86896MD01_016K_M04_multi_20180818_153000Z.aif_25471,2018_UnivMD_Maryland_86896_Dep01_20180711,86896MD01_016K_M04_multi_20180818_153000Z.aif,,,,interval,animal,,,,,,,,,,,,,,,,,machine,,,0.645448,1-4-f,parm file = FW2O_p25.mat
86896MD01_016K_M04_multi_20180818_154500Z.aif_25495,2018_UnivMD_Maryland_86896_Dep01_20180711,86896MD01_016K_M04_multi_20180818_154500Z.aif,,,,interval,animal,,,,,,,,,,,,,,,,,machine,,,0.832071,1-4-f,parm file = FW2O_p25.mat
86896MD01_016K_M04_multi_20180818_154500Z.aif_25524,2018_UnivMD_Maryland_86896_Dep01_20180711,86896MD01_016K_M04_multi_20180818_154500Z.aif,,,,interval,animal,,,,,,,,,,,,,,,,,machine,,,0.660587,1-4-f,parm file = FW2O_p25.mat
86896MD01_016K_M04_multi_20180818_170000Z.aif_25736,2018_UnivMD_Maryland_86896_Dep01_20180711,86896MD01_016K_M04_multi_20180818_170000Z.aif,,,,interval,animal,,,,,,,,,,,,,,,,,machine,,,0.631974,1-4-f,parm file = FW2O_p25.mat
86896MD01_016K_M04_multi_20180818_170000Z.aif_25754,2018_UnivMD_Maryland_86896_Dep01_20180711,86896MD01_016K_M04_multi_20180818_170000Z.aif,,,,interval,animal,,,,,,,,,,,,,,,,,machine,,,0.585079,1-4-f,parm file = FW2O_p25.mat
86896MD01_016K_M04_multi_20180818_171500Z.aif_25775,2018_UnivMD_Maryland_86896_Dep01_20180711,86896MD01_016K_M04_multi_20180818_171500Z.aif,,,,interval,animal,,,,,,,,,,,,,,,,,machine,,,0.774445,1-4-f,parm file = FW2O_p25.mat
86896MD01_016K_M04_multi_20180818_171500Z.aif_25792,2018_UnivMD_Maryland_86896_Dep01_20180711,86896MD01_016K_M04_multi_20180818_171500Z.aif,,,,interval,animal,,,,,,,,,,,,,,,,,machine,,,0.766792,1-4-f,parm file = FW2O_p25.mat
86896MD01_016K_M04_multi_20180818_171500Z.aif_25803,2018_UnivMD_Maryland_86896_Dep01_20180711,86896MD01_016K_M04_multi_20180818_171500Z.aif,,,,interval,animal,,,,,,,,,,,,,,,,,machine,,,0.863259,1-4-f,parm file = FW2O_p25.mat
86896MD01_016K_M04_multi_20180818_171500Z.aif_25808,2018_UnivMD_Maryland_86896_Dep01_20180711,86896MD01_016K_M04_multi_20180818_171500Z.aif,,,,interval,animal,,,,,,,,,,,,,,,,,machine,,,0.820398,1-4-f,parm file = FW2O_p25.mat
86896MD01_016K_M04_multi_20180818_181500Z.aif_25947,2018_UnivMD_Maryland_86896_Dep01_20180711,86896MD01_016K_M04_multi_20180818_181500Z.aif,,,,interval,animal,,,,,,,,,,,,,,,,,machine,,,0.661644,1-2-f,parm file = FW2O_p25.mat
86896MD01_016K_M04_multi_20180818_194500Z.aif_26102,2018_UnivMD_Maryland_86896_Dep01_20180711,86896MD01_016K_M04_multi_20180818_194500Z.aif,,,,interval,animal,,,,,,,,,,,,,,,,,machine,,,0.701716,1-1-f,parm file = FW2O_p25.mat
86896MD01_016K_M04_multi_20180818_200000Z.aif_26188,2018_UnivMD_Maryland_86896_Dep01_20180711,86896MD01_016K_M04_multi_20180818_200000Z.aif,,,,interval,animal,,,,,,,,,,,,,,,,,machine,,,0.549512,1-4-f,parm file = FW2O_p25.mat
86896MD01_016K_M04_multi_20180818_201500Z.aif_26239,2018_UnivMD_Maryland_86896_Dep01_20180711,86896MD01_016K_M04_multi_20180818_201500Z.aif,,,,interval,animal,,,,,,,,,,,,,,,,,machine,,,0.69641,1-4-f,parm file = FW2O_p25.mat
86896MD01_016K_M04_multi_20180818_203000Z.aif_26264,2018_UnivMD_Maryland_86896_Dep01_20180711,86896MD01_016K_M04_multi_20180818_203000Z.aif,,,,interval,animal,,,,,,,,,,,,,,,,,machine,,,0.746894,1-1-f,parm file = FW2O_p25.mat
86896MD01_016K_M04_multi_20180818_203000Z.aif_26282,2018_UnivMD_Maryland_86896_Dep01_20180711,86896MD01_016K_M04_multi_20180818_203000Z.aif,,,,interval,animal,,,,,,,,,,,,,,,,,machine,,,0.531331,1-4-f,parm file = FW2O_p25.mat
86896MD01_016K_M04_multi_20180818_204500Z.aif_26296,2018_UnivMD_Maryland_86896_Dep01_20180711,86896MD01_016K_M04_multi_20180818_204500Z.aif,,,,interval,animal,,,,,,,,,,,,,,,,,machine,,,0.783782,1-1-f,parm file = FW2O_p25.mat
86896MD01_016K_M04_multi_20180818_204500Z.aif_26390,2018_UnivMD_Maryland_86896_Dep01_20180711,86896MD01_016K_M04_multi_20180818_204500Z.aif,,,,interval,animal,,,,,,,,,,,,,,,,,machine,,,0.696982,1-4-f,parm file = FW2O_p25.mat
86896MD01_016K_M04_multi_20180818_204500Z.aif_26396,2018_UnivMD_Maryland_86896_Dep01_20180711,86896MD01_016K_M04_multi_20180818_204500Z.aif,,,,interval,animal,,,,,,,,,,,,,,,,,machine,,,0.732374,1-2-f,parm file = FW2O_p25.mat
86896MD01_016K_M04_multi_20180818_210000Z.aif_26430,2018_UnivMD_Maryland_86896_Dep01_20180711,86896MD01_016K_M04_multi_20180818_210000Z.aif,,,,interval,animal,,,,,,,,,,,,,,,,,machine,,,0.595471,1-2-f,parm file = FW2O_p25.mat
86896MD01_016K_M04_multi_20180818_210000Z.aif_26438,2018_UnivMD_Maryland_86896_Dep01_20180711,86896MD01_016K_M04_multi_20180818_210000Z.aif,,,,interval,animal,,,,,,,,,,,,,,,,,machine,,,0.590232,1-2-f,parm file = FW2O_p25.mat
86896MD01_016K_M04_multi_20180818_211500Z.aif_26539,2018_UnivMD_Maryland_86896_Dep01_20180711,86896MD01_016K_M04_multi_20180818_211500Z.aif,,,,interval,animal,,,,,,,,,,,,,,,,,machine,,,0.78319,1-2-f,parm file = FW2O_p25.mat
86896MD01_016K_M04_multi_20180818_211500Z.aif_26566,2018_UnivMD_Maryland_86896_Dep01_20180711,86896MD01_016K_M04_multi_20180818_211500Z.aif,,,,interval,animal,,,,,,,,,,,,,,,,,machine,,,0.64872,1-4-f,parm file = FW2O_p25.mat
86896MD01_016K_M04_multi_20180818_211500Z.aif_26580,2018_UnivMD_Maryland_86896_Dep01_20180711,86896MD01_016K_M04_multi_20180818_211500Z.aif,,,,interval,animal,,,,,,,,,,,,,,,,,machine,,,0.699898,1-2-f,parm file = FW2O_p25.mat
86896MD01_016K_M04_multi_20180818_211500Z.aif_26626,2018_UnivMD_Maryland_86896_Dep01_20180711,86896MD01_016K_M04_multi_20180818_211500Z.aif,,,,interval,animal,,,,,,,,,,,,,,,,,machine,,,0.526135,1-4-f,parm file = FW2O_p25.mat
86896MD01_016K_M04_multi_20180818_213000Z.aif_26649,2018_UnivMD_Maryland_86896_Dep01_20180711,86896MD01_016K_M04_multi_20180818_213000Z.aif,,,,interval,animal,,,,,,,,,,,,,,,,,machine,,,0.78305,1-4-f,parm file = FW2O_p25.mat
86896MD01_016K_M04_multi_20180818_213000Z.aif_26700,2018_UnivMD_Maryland_86896_Dep01_20180711,86896MD01_016K_M04_multi_20180818_213000Z.aif,,,,interval,animal,,,,,,,,,,,,,,,,,machine,,,0.730985,1-4-f,parm file = FW2O_p25.mat
86896MD01_016K_M04_multi_20180818_213000Z.aif_26782,2018_UnivMD_Maryland_86896_Dep01_20180711,86896MD01_016K_M04_multi_20180818_213000Z.aif,,,,interval,animal,,,,,,,,,,,,,,,,,machine,,,0.722651,1-2-f,parm file = FW2O_p25.mat
86896MD01_016K_M04_multi_20180818_214500Z.aif_26826,2018_UnivMD_Maryland_86896_Dep01_20180711,86896MD01_016K_M04_multi_20180818_214500Z.aif,,,,interval,animal,,,,,,,,,,,,,,,,,machine,,,0.817879,1-1-f,parm file = FW2O_p25.mat
86896MD01_016K_M04_multi_20180818_221500Z.aif_27007,2018_UnivMD_Maryland_86896_Dep01_20180711,86896MD01_016K_M04_multi_20180818_221500Z.aif,,,,interval,animal,,,,,,,,,,,,,,,,,machine,,,0.623962,1-1-f,parm file = FW2O_p25.mat
86896MD01_016K_M04_multi_20180819_120000Z.aif_27323,2018_UnivMD_Maryland_86896_Dep01_20180711,86896MD01_016K_M04_multi_20180819_120000Z.aif,,,,interval,animal,,,,,,,,,,,,,,,,,machine,,,0.564141,1-2-f,parm file = FW2O_p25.mat
86896MD01_016K_M04_multi_20180819_121500Z.aif_27365,2018_UnivMD_Maryland_86896_Dep01_20180711,86896MD01_016K_M04_multi_20180819_121500Z.aif,,,,interval,animal,,,,,,,,,,,,,,,,,machine,,,0.625601,1-2-f,parm file = FW2O_p25.mat
86896MD01_016K_M04_multi_20180819_124500Z.aif_27467,2018_UnivMD_Maryland_86896_Dep01_20180711,86896MD01_016K_M04_multi_20180819_124500Z.aif,,,,interval,animal,,,,,,,,,,,,,,,,,machine,,,0.539113,1-2-f,parm file = FW2O_p25.mat
86896MD01_016K_M04_multi_20180819_160000Z.aif_27560,2018_UnivMD_Maryland_86896_Dep01_20180711,86896MD01_016K_M04_multi_20180819_160000Z.aif,,,,interval,animal,,,,,,,,,,,,,,,,,machine,,,0.50759,1-4-f,parm file = FW2O_p25.mat
86896MD01_016K_M04_multi_20180819_171500Z.aif_27584,2018_UnivMD_Maryland_86896_Dep01_20180711,86896MD01_016K_M04_multi_20180819_171500Z.aif,,,,interval,animal,,,,,,,,,,,,,,,,,machine,,,0.517661,1-4-f,parm file = FW2O_p25.mat
86896MD01_016K_M04_multi_20180819_211500Z.aif_27636,2018_UnivMD_Maryland_86896_Dep01_20180711,86896MD01_016K_M04_multi_20180819_211500Z.aif,,,,interval,animal,,,,,,,,,,,,,,,,,machine,,,0.597831,1-4-f,parm file = FW2O_p25.mat
86896MD01_016K_M04_multi_20180819_213000Z.aif_27649,2018_UnivMD_Maryland_86896_Dep01_20180711,86896MD01_016K_M04_multi_20180819_213000Z.aif,,,,interval,animal,,,,,,,,,,,,,,,,,machine,,,0.59805,1-4-f,parm file = FW2O_p25.mat
86896MD01_016K_M04_multi_20180820_030000Z.aif_27765,2018_UnivMD_Maryland_86896_Dep01_20180711,86896MD01_016K_M04_multi_20180820_030000Z.aif,,,,interval,animal,,,,,,,,,,,,,,,,,machine,,,0.52292,1-4-f,parm file = FW2O_p25.mat
86896MD01_016K_M04_multi_20180820_061500Z.aif_27845,2018_UnivMD_Maryland_86896_Dep01_20180711,86896MD01_016K_M04_multi_20180820_061500Z.aif,,,,interval,animal,,,,,,,,,,,,,,,,,machine,,,0.544371,1-4-f,parm file = FW2O_p25.mat
86896MD01_016K_M04_multi_20180820_061500Z.aif_27847,2018_UnivMD_Maryland_86896_Dep01_20180711,86896MD01_016K_M04_multi_20180820_061500Z.aif,,,,interval,animal,,,,,,,,,,,,,,,,,machine,,,0.657289,1-4-f,parm file = FW2O_p25.mat
86896MD01_016K_M04_multi_20180820_181500Z.aif_28029,2018_UnivMD_Maryland_86896_Dep01_20180711,86896MD01_016K_M04_multi_20180820_181500Z.aif,,,,interval,animal,,,,,,,,,,,,,,,,,machine,,,0.625782,1-4-f,parm file = FW2O_p25.mat
86896MD01_016K_M04_multi_20180820_184500Z.aif_28035,2018_UnivMD_Maryland_86896_Dep01_20180711,86896MD01_016K_M04_multi_20180820_184500Z.aif,,,,interval,animal,,,,,,,,,,,,,,,,,machine,,,0.587044,1-1-f,parm file = FW2O_p25.mat
86896MD01_016K_M04_multi_20180820_201500Z.aif_28057,2018_UnivMD_Maryland_86896_Dep01_20180711,86896MD01_016K_M04_multi_20180820_201500Z.aif,,,,interval,animal,,,,,,,,,,,,,,,,,machine,,,0.544995,1-2-f,parm file = FW2O_p25.mat
86896MD01_016K_M04_multi_20180821_003000Z.aif_28121,2018_UnivMD_Maryland_86896_Dep01_20180711,86896MD01_016K_M04_multi_20180821_003000Z.aif,,,,interval,animal,,,,,,,,,,,,,,,,,machine,,,0.519608,1-4-f,parm file = FW2O_p25.mat
86896MD01_016K_M04_multi_20180821_150000Z.aif_28704,2018_UnivMD_Maryland_86896_Dep01_20180711,86896MD01_016K_M04_multi_20180821_150000Z.aif,,,,interval,animal,,,,,,,,,,,,,,,,,machine,,,0.53354,1-4-f,parm file = FW2O_p25.mat
86896MD01_016K_M04_multi_20180821_150000Z.aif_28717,2018_UnivMD_Maryland_86896_Dep01_20180711,86896MD01_016K_M04_multi_20180821_150000Z.aif,,,,interval,animal,,,,,,,,,,,,,,,,,machine,,,0.519606,1-4-f,parm file = FW2O_p25.mat
86896MD01_016K_M04_multi_20180821_151500Z.aif_28742,2018_UnivMD_Maryland_86896_Dep01_20180711,86896MD01_016K_M04_multi_20180821_151500Z.aif,,,,interval,animal,,,,,,,,,,,,,,,,,machine,,,0.526603,1-2-f,parm file = FW2O_p25.mat
86896MD01_016K_M04_multi_20180821_153000Z.aif_28770,2018_UnivMD_Maryland_86896_Dep01_20180711,86896MD01_016K_M04_multi_20180821_153000Z.aif,,,,interval,animal,,,,,,,,,,,,,,,,,machine,,,0.519455,1-4-f,parm file = FW2O_p25.mat
86896MD01_016K_M04_multi_20180821_153000Z.aif_28788,2018_UnivMD_Maryland_86896_Dep01_20180711,86896MD01_016K_M04_multi_20180821_153000Z.aif,,,,interval,animal,,,,,,,,,,,,,,,,,machine,,,0.585757,1-4-f,parm file = FW2O_p25.mat
86896MD01_016K_M04_multi_20180821_170000Z.aif_29106,2018_UnivMD_Maryland_86896_Dep01_20180711,86896MD01_016K_M04_multi_20180821_170000Z.aif,,,,interval,animal,,,,,,,,,,,,,,,,,machine,,,0.501269,1-1-f,parm file = FW2O_p25.mat
86896MD01_016K_M04_multi_20180821_170000Z.aif_29119,2018_UnivMD_Maryland_86896_Dep01_20180711,86896MD01_016K_M04_multi_20180821_170000Z.aif,,,,interval,animal,,,,,,,,,,,,,,,,,machine,,,0.508294,1-2-f,parm file = FW2O_p25.mat
86896MD01_016K_M04_multi_20180821_174500Z.aif_29199,2018_UnivMD_Maryland_86896_Dep01_20180711,86896MD01_016K_M04_multi_20180821_174500Z.aif,,,,interval,animal,,,,,,,,,,,,,,,,,machine,,,0.500239,1-1-f,parm file = FW2O_p25.mat
86896MD01_016K_M04_multi_20180821_174500Z.aif_29233,2018_UnivMD_Maryland_86896_Dep01_20180711,86896MD01_016K_M04_multi_20180821_174500Z.aif,,,,interval,animal,,,,,,,,,,,,,,,,,machine,,,0.609398,1-1-f,parm file = FW2O_p25.mat
86896MD01_016K_M04_multi_20180821_181500Z.aif_29323,2018_UnivMD_Maryland_86896_Dep01_20180711,86896MD01_016K_M04_multi_20180821_181500Z.aif,,,,interval,animal,,,,,,,,,,,,,,,,,machine,,,0.513294,1-1-f,parm file = FW2O_p25.mat
86896MD01_016K_M04_multi_20180821_183000Z.aif_29412,2018_UnivMD_Maryland_86896_Dep01_20180711,86896MD01_016K_M04_multi_20180821_183000Z.aif,,,,interval,animal,,,,,,,,,,,,,,,,,machine,,,0.64159,1-2-f,parm file = FW2O_p25.mat
86896MD01_016K_M04_multi_20180821_184500Z.aif_29456,2018_UnivMD_Maryland_86896_Dep01_20180711,86896MD01_016K_M04_multi_20180821_184500Z.aif,,,,interval,animal,,,,,,,,,,,,,,,,,machine,,,0.533271,1-2-f,parm file = FW2O_p25.mat
86896MD01_016K_M04_multi_20180821_190000Z.aif_29506,2018_UnivMD_Maryland_86896_Dep01_20180711,86896MD01_016K_M04_multi_20180821_190000Z.aif,,,,interval,animal,,,,,,,,,,,,,,,,,machine,,,0.631614,1-2-f,parm file = FW2O_p25.mat
86896MD01_016K_M04_multi_20180821_191500Z.aif_29617,2018_UnivMD_Maryland_86896_Dep01_20180711,86896MD01_016K_M04_multi_20180821_191500Z.aif,,,,interval,animal,,,,,,,,,,,,,,,,,machine,,,0.581569,1-2-f,parm file = FW2O_p25.mat
86896MD01_016K_M04_multi_20180821_193000Z.aif_29726,2018_UnivMD_Maryland_86896_Dep01_20180711,86896MD01_016K_M04_multi_20180821_193000Z.aif,,,,interval,animal,,,,,,,,,,,,,,,,,machine,,,0.52033,1-2-f,parm file = FW2O_p25.mat
86896MD01_016K_M04_multi_20180821_193000Z.aif_29738,2018_UnivMD_Maryland_86896_Dep01_20180711,86896MD01_016K_M04_multi_20180821_193000Z.aif,,,,interval,animal,,,,,,,,,,,,,,,,,machine,,,0.508076,1-2-f,parm file = FW2O_p25.mat
86896MD01_016K_M04_multi_20180821_194500Z.aif_29854,2018_UnivMD_Maryland_86896_Dep01_20180711,86896MD01_016K_M04_multi_20180821_194500Z.aif,,,,interval,animal,,,,,,,,,,,,,,,,,machine,,,0.660419,1-2-f,parm file = FW2O_p25.mat
86896MD01_016K_M04_multi_20180821_200000Z.aif_29988,2018_UnivMD_Maryland_86896_Dep01_20180711,86896MD01_016K_M04_multi_20180821_200000Z.aif,,,,interval,animal,,,,,,,,,,,,,,,,,machine,,,0.503559,1-2-f,parm file = FW2O_p25.mat
86896MD01_016K_M04_multi_20180821_210000Z.aif_30295,2018_UnivMD_Maryland_86896_Dep01_20180711,86896MD01_016K_M04_multi_20180821_210000Z.aif,,,,interval,animal,,,,,,,,,,,,,,,,,machine,,,0.614712,1-4-f,parm file = FW2O_p25.mat
86896MD01_016K_M04_multi_20180821_211500Z.aif_30356,2018_UnivMD_Maryland_86896_Dep01_20180711,86896MD01_016K_M04_multi_20180821_211500Z.aif,,,,interval,animal,,,,,,,,,,,,,,,,,machine,,,0.572157,1-4-f,parm file = FW2O_p25.mat
86896MD01_016K_M04_multi_20180821_220000Z.aif_30473,2018_UnivMD_Maryland_86896_Dep01_20180711,86896MD01_016K_M04_multi_20180821_220000Z.aif,,,,interval,animal,,,,,,,,,,,,,,,,,machine,,,0.608069,1-1-f,parm file = FW2O_p25.mat
86896MD01_016K_M04_multi_20180821_224500Z.aif_30500,2018_UnivMD_Maryland_86896_Dep01_20180711,86896MD01_016K_M04_multi_20180821_224500Z.aif,,,,interval,animal,,,,,,,,,,,,,,,,,machine,,,0.51054600000000006,1-4-f,parm file = FW2O_p25.mat
86896MD01_016K_M04_multi_20180821_230000Z.aif_30522,2018_UnivMD_Maryland_86896_Dep01_20180711,86896MD01_016K_M04_multi_20180821_230000Z.aif,,,,interval,animal,,,,,,,,,,,,,,,,,machine,,,0.615266,1-1-f,parm file = FW2O_p25.mat
86896MD01_016K_M04_multi_20180822_000000Z.aif_30620,2018_UnivMD_Maryland_86896_Dep01_20180711,86896MD01_016K_M04_multi_20180822_000000Z.aif,,,,interval,animal,,,,,,,,,,,,,,,,,machine,,,0.545897,1-2-f,parm file = FW2O_p25.mat
86896MD01_016K_M04_multi_20180822_003000Z.aif_30649,2018_UnivMD_Maryland_86896_Dep01_20180711,86896MD01_016K_M04_multi_20180822_003000Z.aif,,,,interval,animal,,,,,,,,,,,,,,,,,machine,,,0.537833,1-4-f,parm file = FW2O_p25.mat
86896MD01_016K_M04_multi_20180822_004500Z.aif_30666,2018_UnivMD_Maryland_86896_Dep01_20180711,86896MD01_016K_M04_multi_20180822_004500Z.aif,,,,interval,animal,,,,,,,,,,,,,,,,,machine,,,0.52049,1-1-f,parm file = FW2O_p25.mat
86896MD01_016K_M04_multi_20180822_004500Z.aif_30677,2018_UnivMD_Maryland_86896_Dep01_20180711,86896MD01_016K_M04_multi_20180822_004500Z.aif,,,,interval,animal,,,,,,,,,,,,,,,,,machine,,,0.591763,1-4-f,parm file = FW2O_p25.mat
86896MD01_016K_M04_multi_20180822_060000Z.aif_30804,2018_UnivMD_Maryland_86896_Dep01_20180711,86896MD01_016K_M04_multi_20180822_060000Z.aif,,,,interval,animal,,,,,,,,,,,,,,,,,machine,,,0.511354,1-2-f,parm file = FW2O_p25.mat
86896MD01_016K_M04_multi_20180822_101500Z.aif_30941,2018_UnivMD_Maryland_86896_Dep01_20180711,86896MD01_016K_M04_multi_20180822_101500Z.aif,,,,interval,animal,,,,,,,,,,,,,,,,,machine,,,0.608191,1-4-f,parm file = FW2O_p25.mat
86896MD01_016K_M04_multi_20180822_101500Z.aif_30959,2018_UnivMD_Maryland_86896_Dep01_20180711,86896MD01_016K_M04_multi_20180822_101500Z.aif,,,,interval,animal,,,,,,,,,,,,,,,,,machine,,,0.580973,1-4-f,parm file = FW2O_p25.mat
86896MD01_016K_M04_multi_20180822_103000Z.aif_31059,2018_UnivMD_Maryland_86896_Dep01_20180711,86896MD01_016K_M04_multi_20180822_103000Z.aif,,,,interval,animal,,,,,,,,,,,,,,,,,machine,,,0.527019,1-4-f,parm file = FW2O_p25.mat
86896MD01_016K_M04_multi_20180822_110000Z.aif_31219,2018_UnivMD_Maryland_86896_Dep01_20180711,86896MD01_016K_M04_multi_20180822_110000Z.aif,,,,interval,animal,,,,,,,,,,,,,,,,,machine,,,0.526929,1-4-f,parm file = FW2O_p25.mat
86896MD01_016K_M04_multi_20180822_124500Z.aif_31286,2018_UnivMD_Maryland_86896_Dep01_20180711,86896MD01_016K_M04_multi_20180822_124500Z.aif,,,,interval,animal,,,,,,,,,,,,,,,,,machine,,,0.518938,1-4-f,parm file = FW2O_p25.mat
86896MD01_016K_M04_multi_20180822_134500Z.aif_31340,2018_UnivMD_Maryland_86896_Dep01_20180711,86896MD01_016K_M04_multi_20180822_134500Z.aif,,,,interval,animal,,,,,,,,,,,,,,,,,machine,,,0.509396,1-4-f,parm file = FW2O_p25.mat
86896MD01_016K_M04_multi_20180822_161500Z.aif_31459,2018_UnivMD_Maryland_86896_Dep01_20180711,86896MD01_016K_M04_multi_20180822_161500Z.aif,,,,interval,animal,,,,,,,,,,,,,,,,,machine,,,0.515984,1-4-f,parm file = FW2O_p25.mat
86896MD01_016K_M04_multi_20180822_191500Z.aif_31542,2018_UnivMD_Maryland_86896_Dep01_20180711,86896MD01_016K_M04_multi_20180822_191500Z.aif,,,,interval,animal,,,,,,,,,,,,,,,,,machine,,,0.509028,1-1-f,parm file = FW2O_p25.mat
86896MD01_016K_M04_multi_20180822_204500Z.aif_31669,2018_UnivMD_Maryland_86896_Dep01_20180711,86896MD01_016K_M04_multi_20180822_204500Z.aif,,,,interval,animal,,,,,,,,,,,,,,,,,machine,,,0.540832,1-1-f,parm file = FW2O_p25.mat
86896MD01_016K_M04_multi_20180822_210000Z.aif_31740,2018_UnivMD_Maryland_86896_Dep01_20180711,86896MD01_016K_M04_multi_20180822_210000Z.aif,,,,interval,animal,,,,,,,,,,,,,,,,,machine,,,0.570298,1-4-f,parm file = FW2O_p25.mat
86896MD01_016K_M04_multi_20180822_214500Z.aif_31860,2018_UnivMD_Maryland_86896_Dep01_20180711,86896MD01_016K_M04_multi_20180822_214500Z.aif,,,,interval,animal,,,,,,,,,,,,,,,,,machine,,,0.521552,1-4-f,parm file = FW2O_p25.mat
86896MD01_016K_M04_multi_20180822_214500Z.aif_31869,2018_UnivMD_Maryland_86896_Dep01_20180711,86896MD01_016K_M04_multi_20180822_214500Z.aif,,,,interval,animal,,,,,,,,,,,,,,,,,machine,,,0.566272,1-4-f,parm file = FW2O_p25.mat
86896MD01_016K_M04_multi_20180822_214500Z.aif_31886,2018_UnivMD_Maryland_86896_Dep01_20180711,86896MD01_016K_M04_multi_20180822_214500Z.aif,,,,interval,animal,,,,,,,,,,,,,,,,,machine,,,0.526889,1-4-f,parm file = FW2O_p25.mat
86896MD01_016K_M04_multi_20180822_214500Z.aif_31891,2018_UnivMD_Maryland_86896_Dep01_20180711,86896MD01_016K_M04_multi_20180822_214500Z.aif,,,,interval,animal,,,,,,,,,,,,,,,,,machine,,,0.536657,1-4-f,parm file = FW2O_p25.mat
86896MD01_016K_M04_multi_20180822_221500Z.aif_31952,2018_UnivMD_Maryland_86896_Dep01_20180711,86896MD01_016K_M04_multi_20180822_221500Z.aif,,,,interval,animal,,,,,,,,,,,,,,,,,machine,,,0.576954,1-4-f,parm file = FW2O_p25.mat
86896MD01_016K_M04_multi_20180822_221500Z.aif_31956,2018_UnivMD_Maryland_86896_Dep01_20180711,86896MD01_016K_M04_multi_20180822_221500Z.aif,,,,interval,animal,,,,,,,,,,,,,,,,,machine,,,0.505999,1-4-f,parm file = FW2O_p25.mat
86896MD01_016K_M04_multi_20180822_224500Z.aif_32062,2018_UnivMD_Maryland_86896_Dep01_20180711,86896MD01_016K_M04_multi_20180822_224500Z.aif,,,,interval,animal,,,,,,,,,,,,,,,,,machine,,,0.521345,1-4-f,parm file = FW2O_p25.mat
86896MD01_016K_M04_multi_20180822_234500Z.aif_32199,2018_UnivMD_Maryland_86896_Dep01_20180711,86896MD01_016K_M04_multi_20180822_234500Z.aif,,,,interval,animal,,,,,,,,,,,,,,,,,machine,,,0.521985,1-4-f,parm file = FW2O_p25.mat
86896MD01_016K_M04_multi_20180822_234500Z.aif_32205,2018_UnivMD_Maryland_86896_Dep01_20180711,86896MD01_016K_M04_multi_20180822_234500Z.aif,,,,interval,animal,,,,,,,,,,,,,,,,,machine,,,0.518915,1-4-f,parm file = FW2O_p25.mat
86896MD01_016K_M04_multi_20180823_003000Z.aif_32263,2018_UnivMD_Maryland_86896_Dep01_20180711,86896MD01_016K_M04_multi_20180823_003000Z.aif,,,,interval,animal,,,,,,,,,,,,,,,,,machine,,,0.547574,1-4-f,parm file = FW2O_p25.mat
86896MD01_016K_M04_multi_20180823_003000Z.aif_32266,2018_UnivMD_Maryland_86896_Dep01_20180711,86896MD01_016K_M04_multi_20180823_003000Z.aif,,,,interval,animal,,,,,,,,,,,,,,,,,machine,,,0.535016,1-4-f,parm file = FW2O_p25.mat
86896MD01_016K_M04_multi_20180823_003000Z.aif_32274,2018_UnivMD_Maryland_86896_Dep01_20180711,86896MD01_016K_M04_multi_20180823_003000Z.aif,,,,interval,animal,,,,,,,,,,,,,,,,,machine,,,0.502542,1-4-f,parm file = FW2O_p25.mat
86896MD01_016K_M04_multi_20180823_004500Z.aif_32302,2018_UnivMD_Maryland_86896_Dep01_20180711,86896MD01_016K_M04_multi_20180823_004500Z.aif,,,,interval,animal,,,,,,,,,,,,,,,,,machine,,,0.501937,1-4-f,parm file = FW2O_p25.mat
86896MD01_016K_M04_multi_20180823_053000Z.aif_32783,2018_UnivMD_Maryland_86896_Dep01_20180711,86896MD01_016K_M04_multi_20180823_053000Z.aif,,,,interval,animal,,,,,,,,,,,,,,,,,machine,,,0.528578,1-4-f,parm file = FW2O_p25.mat
86896MD01_016K_M04_multi_20180823_054500Z.aif_32823,2018_UnivMD_Maryland_86896_Dep01_20180711,86896MD01_016K_M04_multi_20180823_054500Z.aif,,,,interval,animal,,,,,,,,,,,,,,,,,machine,,,0.506451,1-4-f,parm file = FW2O_p25.mat
86896MD01_016K_M04_multi_20180823_084500Z.aif_33175,2018_UnivMD_Maryland_86896_Dep01_20180711,86896MD01_016K_M04_multi_20180823_084500Z.aif,,,,interval,animal,,,,,,,,,,,,,,,,,machine,,,0.508693,1-4-f,parm file = FW2O_p25.mat
86896MD01_016K_M04_multi_20180823_103000Z.aif_33366,2018_UnivMD_Maryland_86896_Dep01_20180711,86896MD01_016K_M04_multi_20180823_103000Z.aif,,,,interval,animal,,,,,,,,,,,,,,,,,machine,,,0.545069,1-4-f,parm file = FW2O_p25.mat
86896MD01_016K_M04_multi_20180823_103000Z.aif_33377,2018_UnivMD_Maryland_86896_Dep01_20180711,86896MD01_016K_M04_multi_20180823_103000Z.aif,,,,interval,animal,,,,,,,,,,,,,,,,,machine,,,0.502358,1-4-f,parm file = FW2O_p25.mat
86896MD01_016K_M04_multi_20180823_110000Z.aif_33414,2018_UnivMD_Maryland_86896_Dep01_20180711,86896MD01_016K_M04_multi_20180823_110000Z.aif,,,,interval,animal,,,,,,,,,,,,,,,,,machine,,,0.531895,1-4-f,parm file = FW2O_p25.mat
86896MD01_016K_M04_multi_20180823_121500Z.aif_33481,2018_UnivMD_Maryland_86896_Dep01_20180711,86896MD01_016K_M04_multi_20180823_121500Z.aif,,,,interval,animal,,,,,,,,,,,,,,,,,machine,,,0.627534,1-4-f,parm file = FW2O_p25.mat
86896MD01_016K_M04_multi_20180823_123000Z.aif_33498,2018_UnivMD_Maryland_86896_Dep01_20180711,86896MD01_016K_M04_multi_20180823_123000Z.aif,,,,interval,animal,,,,,,,,,,,,,,,,,machine,,,0.526894,1-4-f,parm file = FW2O_p25.mat
86896MD01_016K_M04_multi_20180823_124500Z.aif_33499,2018_UnivMD_Maryland_86896_Dep01_20180711,86896MD01_016K_M04_multi_20180823_124500Z.aif,,,,interval,animal,,,,,,,,,,,,,,,,,machine,,,0.556951,1-4-f,parm file = FW2O_p25.mat
86896MD01_016K_M04_multi_20180823_130000Z.aif_33508,2018_UnivMD_Maryland_86896_Dep01_20180711,86896MD01_016K_M04_multi_20180823_130000Z.aif,,,,interval,animal,,,,,,,,,,,,,,,,,machine,,,0.501302,1-4-f,parm file = FW2O_p25.mat
86896MD01_016K_M04_multi_20180823_131500Z.aif_33526,2018_UnivMD_Maryland_86896_Dep01_20180711,86896MD01_016K_M04_multi_20180823_131500Z.aif,,,,interval,animal,,,,,,,,,,,,,,,,,machine,,,0.529384,1-4-f,parm file = FW2O_p25.mat
86896MD01_016K_M04_multi_20180823_143000Z.aif_33630,2018_UnivMD_Maryland_86896_Dep01_20180711,86896MD01_016K_M04_multi_20180823_143000Z.aif,,,,interval,animal,,,,,,,,,,,,,,,,,machine,,,0.501616,1-4-f,parm file = FW2O_p25.mat
86896MD01_016K_M04_multi_20180823_161500Z.aif_33774,2018_UnivMD_Maryland_86896_Dep01_20180711,86896MD01_016K_M04_multi_20180823_161500Z.aif,,,,interval,animal,,,,,,,,,,,,,,,,,machine,,,0.51883,1-4-f,parm file = FW2O_p25.mat
86896MD01_016K_M04_multi_20180823_183000Z.aif_33975,2018_UnivMD_Maryland_86896_Dep01_20180711,86896MD01_016K_M04_multi_20180823_183000Z.aif,,,,interval,animal,,,,,,,,,,,,,,,,,machine,,,0.511437,1-4-f,parm file = FW2O_p25.mat
86896MD01_016K_M04_multi_20180823_193000Z.aif_34003,2018_UnivMD_Maryland_86896_Dep01_20180711,86896MD01_016K_M04_multi_20180823_193000Z.aif,,,,interval,animal,,,,,,,,,,,,,,,,,machine,,,0.502207,1-4-f,parm file = FW2O_p25.mat
86896MD01_016K_M04_multi_20180823_213000Z.aif_34180,2018_UnivMD_Maryland_86896_Dep01_20180711,86896MD01_016K_M04_multi_20180823_213000Z.aif,,,,interval,animal,,,,,,,,,,,,,,,,,machine,,,0.543667,1-4-f,parm file = FW2O_p25.mat
86896MD01_016K_M04_multi_20180823_223000Z.aif_34322,2018_UnivMD_Maryland_86896_Dep01_20180711,86896MD01_016K_M04_multi_20180823_223000Z.aif,,,,interval,animal,,,,,,,,,,,,,,,,,machine,,,0.50634,1-4-f,parm file = FW2O_p25.mat
86896MD01_016K_M04_multi_20180823_231500Z.aif_34456,2018_UnivMD_Maryland_86896_Dep01_20180711,86896MD01_016K_M04_multi_20180823_231500Z.aif,,,,interval,animal,,,,,,,,,,,,,,,,,machine,,,0.509794,1-4-f,parm file = FW2O_p25.mat
86896MD01_016K_M04_multi_20180823_233000Z.aif_34541,2018_UnivMD_Maryland_86896_Dep01_20180711,86896MD01_016K_M04_multi_20180823_233000Z.aif,,,,interval,animal,,,,,,,,,,,,,,,,,machine,,,0.513728,1-4-f,parm file = FW2O_p25.mat
86896MD01_016K_M04_multi_20180823_233000Z.aif_34573,2018_UnivMD_Maryland_86896_Dep01_20180711,86896MD01_016K_M04_multi_20180823_233000Z.aif,,,,interval,animal,,,,,,,,,,,,,,,,,machine,,,0.501431,1-4-f,parm file = FW2O_p25.mat
86896MD01_016K_M04_multi_20180824_000000Z.aif_34638,2018_UnivMD_Maryland_86896_Dep01_20180711,86896MD01_016K_M04_multi_20180824_000000Z.aif,,,,interval,animal,,,,,,,,,,,,,,,,,machine,,,0.51806,1-4-f,parm file = FW2O_p25.mat
86896MD01_016K_M04_multi_20180824_001500Z.aif_34656,2018_UnivMD_Maryland_86896_Dep01_20180711,86896MD01_016K_M04_multi_20180824_001500Z.aif,,,,interval,animal,,,,,,,,,,,,,,,,,machine,,,0.572027,1-4-f,parm file = FW2O_p25.mat
86896MD01_016K_M04_multi_20180824_003000Z.aif_34718,2018_UnivMD_Maryland_86896_Dep01_20180711,86896MD01_016K_M04_multi_20180824_003000Z.aif,,,,interval,animal,,,,,,,,,,,,,,,,,machine,,,0.513385,1-4-f,parm file = FW2O_p25.mat
86896MD01_016K_M04_multi_20180824_011500Z.aif_34895,2018_UnivMD_Maryland_86896_Dep01_20180711,86896MD01_016K_M04_multi_20180824_011500Z.aif,,,,interval,animal,,,,,,,,,,,,,,,,,machine,,,0.505177,1-4-f,parm file = FW2O_p25.mat
86896MD01_016K_M04_multi_20180824_014500Z.aif_35022,2018_UnivMD_Maryland_86896_Dep01_20180711,86896MD01_016K_M04_multi_20180824_014500Z.aif,,,,interval,animal,,,,,,,,,,,,,,,,,machine,,,0.547656,1-4-f,parm file = FW2O_p25.mat
86896MD01_016K_M04_multi_20180824_020000Z.aif_35058,2018_UnivMD_Maryland_86896_Dep01_20180711,86896MD01_016K_M04_multi_20180824_020000Z.aif,,,,interval,animal,,,,,,,,,,,,,,,,,machine,,,0.527381,1-4-f,parm file = FW2O_p25.mat
86896MD01_016K_M04_multi_20180824_021500Z.aif_35099,2018_UnivMD_Maryland_86896_Dep01_20180711,86896MD01_016K_M04_multi_20180824_021500Z.aif,,,,interval,animal,,,,,,,,,,,,,,,,,machine,,,0.526637,1-4-f,parm file = FW2O_p25.mat
86896MD01_016K_M04_multi_20180824_021500Z.aif_35104,2018_UnivMD_Maryland_86896_Dep01_20180711,86896MD01_016K_M04_multi_20180824_021500Z.aif,,,,interval,animal,,,,,,,,,,,,,,,,,machine,,,0.511682,1-4-f,parm file = FW2O_p25.mat
86896MD01_016K_M04_multi_20180824_030000Z.aif_35255,2018_UnivMD_Maryland_86896_Dep01_20180711,86896MD01_016K_M04_multi_20180824_030000Z.aif,,,,interval,animal,,,,,,,,,,,,,,,,,machine,,,0.534424,1-4-f,parm file = FW2O_p25.mat
86896MD01_016K_M04_multi_20180824_040000Z.aif_35423,2018_UnivMD_Maryland_86896_Dep01_20180711,86896MD01_016K_M04_multi_20180824_040000Z.aif,,,,interval,animal,,,,,,,,,,,,,,,,,machine,,,0.59044,1-4-f,parm file = FW2O_p25.mat
86896MD01_016K_M04_multi_20180824_044500Z.aif_35533,2018_UnivMD_Maryland_86896_Dep01_20180711,86896MD01_016K_M04_multi_20180824_044500Z.aif,,,,interval,animal,,,,,,,,,,,,,,,,,machine,,,0.504798,1-4-f,parm file = FW2O_p25.mat
86896MD01_016K_M04_multi_20180824_060000Z.aif_35675,2018_UnivMD_Maryland_86896_Dep01_20180711,86896MD01_016K_M04_multi_20180824_060000Z.aif,,,,interval,animal,,,,,,,,,,,,,,,,,machine,,,0.529483,1-4-f,parm file = FW2O_p25.mat
86896MD01_016K_M04_multi_20180824_061500Z.aif_35712,2018_UnivMD_Maryland_86896_Dep01_20180711,86896MD01_016K_M04_multi_20180824_061500Z.aif,,,,interval,animal,,,,,,,,,,,,,,,,,machine,,,0.510045,1-4-f,parm file = FW2O_p25.mat
86896MD01_016K_M04_multi_20180824_063000Z.aif_35736,2018_UnivMD_Maryland_86896_Dep01_20180711,86896MD01_016K_M04_multi_20180824_063000Z.aif,,,,interval,animal,,,,,,,,,,,,,,,,,machine,,,0.502784,1-4-f,parm file = FW2O_p25.mat
86896MD01_016K_M04_multi_20180824_063000Z.aif_35767,2018_UnivMD_Maryland_86896_Dep01_20180711,86896MD01_016K_M04_multi_20180824_063000Z.aif,,,,interval,animal,,,,,,,,,,,,,,,,,machine,,,0.551209,1-4-f,parm file = FW2O_p25.mat
86896MD01_016K_M04_multi_20180824_080000Z.aif_35934,2018_UnivMD_Maryland_86896_Dep01_20180711,86896MD01_016K_M04_multi_20180824_080000Z.aif,,,,interval,animal,,,,,,,,,,,,,,,,,machine,,,0.505906,1-4-f,parm file = FW2O_p25.mat
86896MD01_016K_M04_multi_20180824_093000Z.aif_36091,2018_UnivMD_Maryland_86896_Dep01_20180711,86896MD01_016K_M04_multi_20180824_093000Z.aif,,,,interval,animal,,,,,,,,,,,,,,,,,machine,,,0.509741,1-4-f,parm file = FW2O_p25.mat
86896MD01_016K_M04_multi_20180824_100000Z.aif_36130,2018_UnivMD_Maryland_86896_Dep01_20180711,86896MD01_016K_M04_multi_20180824_100000Z.aif,,,,interval,animal,,,,,,,,,,,,,,,,,machine,,,0.533533,1-4-f,parm file = FW2O_p25.mat
86896MD01_016K_M04_multi_20180824_101500Z.aif_36147,2018_UnivMD_Maryland_86896_Dep01_20180711,86896MD01_016K_M04_multi_20180824_101500Z.aif,,,,interval,animal,,,,,,,,,,,,,,,,,machine,,,0.523919,1-4-f,parm file = FW2O_p25.mat
86896MD01_016K_M04_multi_20180824_120000Z.aif_36376,2018_UnivMD_Maryland_86896_Dep01_20180711,86896MD01_016K_M04_multi_20180824_120000Z.aif,,,,interval,animal,,,,,,,,,,,,,,,,,machine,,,0.538784,1-4-f,parm file = FW2O_p25.mat
86896MD01_016K_M04_multi_20180824_120000Z.aif_36396,2018_UnivMD_Maryland_86896_Dep01_20180711,86896MD01_016K_M04_multi_20180824_120000Z.aif,,,,interval,animal,,,,,,,,,,,,,,,,,machine,,,0.56236,1-4-f,parm file = FW2O_p25.mat
86896MD01_016K_M04_multi_20180824_131500Z.aif_36517,2018_UnivMD_Maryland_86896_Dep01_20180711,86896MD01_016K_M04_multi_20180824_131500Z.aif,,,,interval,animal,,,,,,,,,,,,,,,,,machine,,,0.532471,1-4-f,parm file = FW2O_p25.mat
86896MD01_016K_M04_multi_20180824_133000Z.aif_36547,2018_UnivMD_Maryland_86896_Dep01_20180711,86896MD01_016K_M04_multi_20180824_133000Z.aif,,,,interval,animal,,,,,,,,,,,,,,,,,machine,,,0.500215,1-4-f,parm file = FW2O_p25.mat
86896MD01_016K_M04_multi_20180824_140000Z.aif_36575,2018_UnivMD_Maryland_86896_Dep01_20180711,86896MD01_016K_M04_multi_20180824_140000Z.aif,,,,interval,animal,,,,,,,,,,,,,,,,,machine,,,0.555828,1-4-f,parm file = FW2O_p25.mat
86896MD01_016K_M04_multi_20180824_140000Z.aif_36577,2018_UnivMD_Maryland_86896_Dep01_20180711,86896MD01_016K_M04_multi_20180824_140000Z.aif,,,,interval,animal,,,,,,,,,,,,,,,,,machine,,,0.544328,1-4-f,parm file = FW2O_p25.mat
86896MD01_016K_M04_multi_20180824_141500Z.aif_36587,2018_UnivMD_Maryland_86896_Dep01_20180711,86896MD01_016K_M04_multi_20180824_141500Z.aif,,,,interval,animal,,,,,,,,,,,,,,,,,machine,,,0.515728,1-4-f,parm file = FW2O_p25.mat
86896MD01_016K_M04_multi_20180824_141500Z.aif_36594,2018_UnivMD_Maryland_86896_Dep01_20180711,86896MD01_016K_M04_multi_20180824_141500Z.aif,,,,interval,animal,,,,,,,,,,,,,,,,,machine,,,0.514297,1-4-f,parm file = FW2O_p25.mat
86896MD01_016K_M04_multi_20180824_143000Z.aif_36612,2018_UnivMD_Maryland_86896_Dep01_20180711,86896MD01_016K_M04_multi_20180824_143000Z.aif,,,,interval,animal,,,,,,,,,,,,,,,,,machine,,,0.528317,1-1-f,parm file = FW2O_p25.mat
86896MD01_016K_M04_multi_20180824_194500Z.aif_36901,2018_UnivMD_Maryland_86896_Dep01_20180711,86896MD01_016K_M04_multi_20180824_194500Z.aif,,,,interval,animal,,,,,,,,,,,,,,,,,machine,,,0.520326,1-4-f,parm file = FW2O_p25.mat
86896MD01_016K_M04_multi_20180824_201500Z.aif_36912,2018_UnivMD_Maryland_86896_Dep01_20180711,86896MD01_016K_M04_multi_20180824_201500Z.aif,,,,interval,animal,,,,,,,,,,,,,,,,,machine,,,0.513178,1-4-f,parm file = FW2O_p25.mat
86896MD01_016K_M04_multi_20180824_203000Z.aif_36921,2018_UnivMD_Maryland_86896_Dep01_20180711,86896MD01_016K_M04_multi_20180824_203000Z.aif,,,,interval,animal,,,,,,,,,,,,,,,,,machine,,,0.521683,1-4-f,parm file = FW2O_p25.mat
86896MD01_016K_M04_multi_20180824_213000Z.aif_36968,2018_UnivMD_Maryland_86896_Dep01_20180711,86896MD01_016K_M04_multi_20180824_213000Z.aif,,,,interval,animal,,,,,,,,,,,,,,,,,machine,,,0.522738,1-4-f,parm file = FW2O_p25.mat
86896MD01_016K_M04_multi_20180824_221500Z.aif_37018,2018_UnivMD_Maryland_86896_Dep01_20180711,86896MD01_016K_M04_multi_20180824_221500Z.aif,,,,interval,animal,,,,,,,,,,,,,,,,,machine,,,0.537058,1-4-f,parm file = FW2O_p25.mat
86896MD01_016K_M04_multi_20180824_231500Z.aif_37110,2018_UnivMD_Maryland_86896_Dep01_20180711,86896MD01_016K_M04_multi_20180824_231500Z.aif,,,,interval,animal,,,,,,,,,,,,,,,,,machine,,,0.527592,1-4-f,parm file = FW2O_p25.mat
86896MD01_016K_M04_multi_20180824_234500Z.aif_37186,2018_UnivMD_Maryland_86896_Dep01_20180711,86896MD01_016K_M04_multi_20180824_234500Z.aif,,,,interval,animal,,,,,,,,,,,,,,,,,machine,,,0.543498,1-4-f,parm file = FW2O_p25.mat
86896MD01_016K_M04_multi_20180825_000000Z.aif_37200,2018_UnivMD_Maryland_86896_Dep01_20180711,86896MD01_016K_M04_multi_20180825_000000Z.aif,,,,interval,animal,,,,,,,,,,,,,,,,,machine,,,0.507094,1-4-f,parm file = FW2O_p25.mat
86896MD01_016K_M04_multi_20180825_004500Z.aif_37303,2018_UnivMD_Maryland_86896_Dep01_20180711,86896MD01_016K_M04_multi_20180825_004500Z.aif,,,,interval,animal,,,,,,,,,,,,,,,,,machine,,,0.517962,1-4-f,parm file = FW2O_p25.mat
86896MD01_016K_M04_multi_20180825_014500Z.aif_37551,2018_UnivMD_Maryland_86896_Dep01_20180711,86896MD01_016K_M04_multi_20180825_014500Z.aif,,,,interval,animal,,,,,,,,,,,,,,,,,machine,,,0.538849,1-4-f,parm file = FW2O_p25.mat
86896MD01_016K_M04_multi_20180825_020000Z.aif_37580,2018_UnivMD_Maryland_86896_Dep01_20180711,86896MD01_016K_M04_multi_20180825_020000Z.aif,,,,interval,animal,,,,,,,,,,,,,,,,,machine,,,0.577053,1-4-f,parm file = FW2O_p25.mat
86896MD01_016K_M04_multi_20180825_020000Z.aif_37597,2018_UnivMD_Maryland_86896_Dep01_20180711,86896MD01_016K_M04_multi_20180825_020000Z.aif,,,,interval,animal,,,,,,,,,,,,,,,,,machine,,,0.530601,1-4-f,parm file = FW2O_p25.mat
86896MD01_016K_M04_multi_20180825_020000Z.aif_37621,2018_UnivMD_Maryland_86896_Dep01_20180711,86896MD01_016K_M04_multi_20180825_020000Z.aif,,,,interval,animal,,,,,,,,,,,,,,,,,machine,,,0.510897,1-4-f,parm file = FW2O_p25.mat
86896MD01_016K_M04_multi_20180825_021500Z.aif_37641,2018_UnivMD_Maryland_86896_Dep01_20180711,86896MD01_016K_M04_multi_20180825_021500Z.aif,,,,interval,animal,,,,,,,,,,,,,,,,,machine,,,0.520073,1-4-f,parm file = FW2O_p25.mat
86896MD01_016K_M04_multi_20180825_030000Z.aif_37757,2018_UnivMD_Maryland_86896_Dep01_20180711,86896MD01_016K_M04_multi_20180825_030000Z.aif,,,,interval,animal,,,,,,,,,,,,,,,,,machine,,,0.51398,1-4-f,parm file = FW2O_p25.mat
86896MD01_016K_M04_multi_20180825_054500Z.aif_37992,2018_UnivMD_Maryland_86896_Dep01_20180711,86896MD01_016K_M04_multi_20180825_054500Z.aif,,,,interval,animal,,,,,,,,,,,,,,,,,machine,,,0.516766,1-4-f,parm file = FW2O_p25.mat
86896MD01_016K_M04_multi_20180825_054500Z.aif_38021,2018_UnivMD_Maryland_86896_Dep01_20180711,86896MD01_016K_M04_multi_20180825_054500Z.aif,,,,interval,animal,,,,,,,,,,,,,,,,,machine,,,0.559215,1-4-f,parm file = FW2O_p25.mat
86896MD01_016K_M04_multi_20180825_070000Z.aif_38163,2018_UnivMD_Maryland_86896_Dep01_20180711,86896MD01_016K_M04_multi_20180825_070000Z.aif,,,,interval,animal,,,,,,,,,,,,,,,,,machine,,,0.508477,1-4-f,parm file = FW2O_p25.mat
86896MD01_016K_M04_multi_20180825_074500Z.aif_38235,2018_UnivMD_Maryland_86896_Dep01_20180711,86896MD01_016K_M04_multi_20180825_074500Z.aif,,,,interval,animal,,,,,,,,,,,,,,,,,machine,,,0.501891,1-4-f,parm file = FW2O_p25.mat
86896MD01_016K_M04_multi_20180825_080000Z.aif_38247,2018_UnivMD_Maryland_86896_Dep01_20180711,86896MD01_016K_M04_multi_20180825_080000Z.aif,,,,interval,animal,,,,,,,,,,,,,,,,,machine,,,0.553672,1-4-f,parm file = FW2O_p25.mat
86896MD01_016K_M04_multi_20180825_091500Z.aif_38406,2018_UnivMD_Maryland_86896_Dep01_20180711,86896MD01_016K_M04_multi_20180825_091500Z.aif,,,,interval,animal,,,,,,,,,,,,,,,,,machine,,,0.531739,1-4-f,parm file = FW2O_p25.mat
86896MD01_016K_M04_multi_20180825_113000Z.aif_38591,2018_UnivMD_Maryland_86896_Dep01_20180711,86896MD01_016K_M04_multi_20180825_113000Z.aif,,,,interval,animal,,,,,,,,,,,,,,,,,machine,,,0.529111,1-4-f,parm file = FW2O_p25.mat
86896MD01_016K_M04_multi_20180825_123000Z.aif_38683,2018_UnivMD_Maryland_86896_Dep01_20180711,86896MD01_016K_M04_multi_20180825_123000Z.aif,,,,interval,animal,,,,,,,,,,,,,,,,,machine,,,0.524611,1-4-f,parm file = FW2O_p25.mat
86896MD01_016K_M04_multi_20180825_130000Z.aif_38730,2018_UnivMD_Maryland_86896_Dep01_20180711,86896MD01_016K_M04_multi_20180825_130000Z.aif,,,,interval,animal,,,,,,,,,,,,,,,,,machine,,,0.551701,1-4-f,parm file = FW2O_p25.mat
86896MD01_016K_M04_multi_20180825_133000Z.aif_38769,2018_UnivMD_Maryland_86896_Dep01_20180711,86896MD01_016K_M04_multi_20180825_133000Z.aif,,,,interval,animal,,,,,,,,,,,,,,,,,machine,,,0.506719,1-4-f,parm file = FW2O_p25.mat
86896MD01_016K_M04_multi_20180825_133000Z.aif_38778,2018_UnivMD_Maryland_86896_Dep01_20180711,86896MD01_016K_M04_multi_20180825_133000Z.aif,,,,interval,animal,,,,,,,,,,,,,,,,,machine,,,0.50696,1-4-f,parm file = FW2O_p25.mat
86896MD01_016K_M04_multi_20180825_144500Z.aif_38886,2018_UnivMD_Maryland_86896_Dep01_20180711,86896MD01_016K_M04_multi_20180825_144500Z.aif,,,,interval,animal,,,,,,,,,,,,,,,,,machine,,,0.588051,1-4-f,parm file = FW2O_p25.mat
86896MD01_016K_M04_multi_20180825_154500Z.aif_38969,2018_UnivMD_Maryland_86896_Dep01_20180711,86896MD01_016K_M04_multi_20180825_154500Z.aif,,,,interval,animal,,,,,,,,,,,,,,,,,machine,,,0.512776,1-4-f,parm file = FW2O_p25.mat
86896MD01_016K_M04_multi_20180825_164500Z.aif_39037,2018_UnivMD_Maryland_86896_Dep01_20180711,86896MD01_016K_M04_multi_20180825_164500Z.aif,,,,interval,animal,,,,,,,,,,,,,,,,,machine,,,0.507087,1-4-f,parm file = FW2O_p25.mat
86896MD01_016K_M04_multi_20180826_001500Z.aif_39447,2018_UnivMD_Maryland_86896_Dep01_20180711,86896MD01_016K_M04_multi_20180826_001500Z.aif,,,,interval,animal,,,,,,,,,,,,,,,,,machine,,,0.55194,1-4-f,parm file = FW2O_p25.mat
86896MD01_016K_M04_multi_20180826_014500Z.aif_39588,2018_UnivMD_Maryland_86896_Dep01_20180711,86896MD01_016K_M04_multi_20180826_014500Z.aif,,,,interval,animal,,,,,,,,,,,,,,,,,machine,,,0.509319,1-4-f,parm file = FW2O_p25.mat
86896MD01_016K_M04_multi_20180826_014500Z.aif_39622,2018_UnivMD_Maryland_86896_Dep01_20180711,86896MD01_016K_M04_multi_20180826_014500Z.aif,,,,interval,animal,,,,,,,,,,,,,,,,,machine,,,0.606093,1-4-f,parm file = FW2O_p25.mat
86896MD01_016K_M04_multi_20180826_060000Z.aif_39957,2018_UnivMD_Maryland_86896_Dep01_20180711,86896MD01_016K_M04_multi_20180826_060000Z.aif,,,,interval,animal,,,,,,,,,,,,,,,,,machine,,,0.505137,1-4-f,parm file = FW2O_p25.mat
86896MD01_016K_M04_multi_20180826_061500Z.aif_39999,2018_UnivMD_Maryland_86896_Dep01_20180711,86896MD01_016K_M04_multi_20180826_061500Z.aif,,,,interval,animal,,,,,,,,,,,,,,,,,machine,,,0.510642,1-4-f,parm file = FW2O_p25.mat
86896MD01_016K_M04_multi_20180826_070000Z.aif_40077,2018_UnivMD_Maryland_86896_Dep01_20180711,86896MD01_016K_M04_multi_20180826_070000Z.aif,,,,interval,animal,,,,,,,,,,,,,,,,,machine,,,0.507475,1-4-f,parm file = FW2O_p25.mat
86896MD01_016K_M04_multi_20180826_071500Z.aif_40157,2018_UnivMD_Maryland_86896_Dep01_20180711,86896MD01_016K_M04_multi_20180826_071500Z.aif,,,,interval,animal,,,,,,,,,,,,,,,,,machine,,,0.543604,1-4-f,parm file = FW2O_p25.mat
86896MD01_016K_M04_multi_20180826_083000Z.aif_40326,2018_UnivMD_Maryland_86896_Dep01_20180711,86896MD01_016K_M04_multi_20180826_083000Z.aif,,,,interval,animal,,,,,,,,,,,,,,,,,machine,,,0.558431,1-4-f,parm file = FW2O_p25.mat
86896MD01_016K_M04_multi_20180826_084500Z.aif_40363,2018_UnivMD_Maryland_86896_Dep01_20180711,86896MD01_016K_M04_multi_20180826_084500Z.aif,,,,interval,animal,,,,,,,,,,,,,,,,,machine,,,0.572399,1-4-f,parm file = FW2O_p25.mat
86896MD01_016K_M04_multi_20180826_084500Z.aif_40374,2018_UnivMD_Maryland_86896_Dep01_20180711,86896MD01_016K_M04_multi_20180826_084500Z.aif,,,,interval,animal,,,,,,,,,,,,,,,,,machine,,,0.503209,1-4-f,parm file = FW2O_p25.mat
86896MD01_016K_M04_multi_20180826_110000Z.aif_40632,2018_UnivMD_Maryland_86896_Dep01_20180711,86896MD01_016K_M04_multi_20180826_110000Z.aif,,,,interval,animal,,,,,,,,,,,,,,,,,machine,,,0.530724,1-4-f,parm file = FW2O_p25.mat
86896MD01_016K_M04_multi_20180826_131500Z.aif_40852,2018_UnivMD_Maryland_86896_Dep01_20180711,86896MD01_016K_M04_multi_20180826_131500Z.aif,,,,interval,animal,,,,,,,,,,,,,,,,,machine,,,0.513193,1-4-f,parm file = FW2O_p25.mat
86896MD01_016K_M04_multi_20180826_140000Z.aif_40935,2018_UnivMD_Maryland_86896_Dep01_20180711,86896MD01_016K_M04_multi_20180826_140000Z.aif,,,,interval,animal,,,,,,,,,,,,,,,,,machine,,,0.747713,1-4-f,parm file = FW2O_p25.mat
86896MD01_016K_M04_multi_20180826_141500Z.aif_40994,2018_UnivMD_Maryland_86896_Dep01_20180711,86896MD01_016K_M04_multi_20180826_141500Z.aif,,,,interval,animal,,,,,,,,,,,,,,,,,machine,,,0.54032,1-4-f,parm file = FW2O_p25.mat
86896MD01_016K_M04_multi_20180826_144500Z.aif_41068,2018_UnivMD_Maryland_86896_Dep01_20180711,86896MD01_016K_M04_multi_20180826_144500Z.aif,,,,interval,animal,,,,,,,,,,,,,,,,,machine,,,0.504521,1-4-f,parm file = FW2O_p25.mat
